ISO-10303-21;
HEADER;
FILE_DESCRIPTION(('Open CASCADE Model'),'2;1');
FILE_NAME('Open CASCADE Shape Model','2026-10-02T16:34:57',('Author'),(
    'Open CASCADE'),'Open CASCADE STEP processor 8.0','build123d',
  'Unknown');
FILE_SCHEMA(('AUTOMOTIVE_DESIGN { 1 0 10303 214 1 1 1 1 }'));
ENDSEC;
DATA;
#1 = APPLICATION_PROTOCOL_DEFINITION('international standard',
  'automotive_design',2000,#2);
#2 = APPLICATION_CONTEXT(
  'core data for automotive mechanical design processes');
#3 = SHAPE_DEFINITION_REPRESENTATION(#4,#10);
#4 = PRODUCT_DEFINITION_SHAPE('','',#5);
#5 = PRODUCT_DEFINITION('design','',#6,#9);
#6 = PRODUCT_DEFINITION_FORMATION('','',#7);
#7 = PRODUCT('COMPOUND','COMPOUND','',(#8));
#8 = PRODUCT_CONTEXT('',#2,'mechanical');
#9 = PRODUCT_DEFINITION_CONTEXT('part definition',#2,'design');
#10 = SHAPE_REPRESENTATION('',(#11,#15,#19),#23);
#11 = AXIS2_PLACEMENT_3D('',#12,#13,#14);
#12 = CARTESIAN_POINT('',(0.,0.,0.));
#13 = DIRECTION('',(0.,0.,1.));
#14 = DIRECTION('',(1.,0.,-0.));
#15 = AXIS2_PLACEMENT_3D('',#16,#17,#18);
#16 = CARTESIAN_POINT('',(0.,0.,0.));
#17 = DIRECTION('',(0.,0.,1.));
#18 = DIRECTION('',(1.,0.,-0.));
#19 = AXIS2_PLACEMENT_3D('',#20,#21,#22);
#20 = CARTESIAN_POINT('',(0.,0.,0.));
#21 = DIRECTION('',(0.,0.,1.));
#22 = DIRECTION('',(1.,0.,-0.));
#23 = ( GEOMETRIC_REPRESENTATION_CONTEXT(3) 
GLOBAL_UNCERTAINTY_ASSIGNED_CONTEXT((#27)) GLOBAL_UNIT_ASSIGNED_CONTEXT(
(#24,#25,#26)) REPRESENTATION_CONTEXT('Context #1',
  '3D Context with UNIT and UNCERTAINTY') );
#24 = ( LENGTH_UNIT() NAMED_UNIT(*) SI_UNIT(.MILLI.,.METRE.) );
#25 = ( NAMED_UNIT(*) PLANE_ANGLE_UNIT() SI_UNIT($,.RADIAN.) );
#26 = ( NAMED_UNIT(*) SI_UNIT($,.STERADIAN.) SOLID_ANGLE_UNIT() );
#27 = UNCERTAINTY_MEASURE_WITH_UNIT(LENGTH_MEASURE(2.E-05),#24,
  'distance_accuracy_value','confusion accuracy');
#28 = PRODUCT_RELATED_PRODUCT_CATEGORY('part',$,(#7));
#29 = SHAPE_DEFINITION_REPRESENTATION(#30,#36);
#30 = PRODUCT_DEFINITION_SHAPE('','',#31);
#31 = PRODUCT_DEFINITION('design','',#32,#35);
#32 = PRODUCT_DEFINITION_FORMATION('','',#33);
#33 = PRODUCT('COMPOUND','COMPOUND','',(#34));
#34 = PRODUCT_CONTEXT('',#2,'mechanical');
#35 = PRODUCT_DEFINITION_CONTEXT('part definition',#2,'design');
#36 = ADVANCED_BREP_SHAPE_REPRESENTATION('',(#11,#37),#2159);
#37 = MANIFOLD_SOLID_BREP('',#38);
#38 = CLOSED_SHELL('',(#39,#1905,#1933,#2011,#2117,#2140,#2145,#2149,
    #2155));
#39 = ADVANCED_FACE('',(#40),#58,.T.);
#40 = FACE_BOUND('',#41,.T.);
#41 = EDGE_LOOP('',(#42,#1103,#1268,#1304,#1600,#1601,#1635));
#42 = ORIENTED_EDGE('',*,*,#43,.T.);
#43 = EDGE_CURVE('',#44,#46,#48,.T.);
#44 = VERTEX_POINT('',#45);
#45 = CARTESIAN_POINT('',(460.,0.384826596432,1.003005831713E+03));
#46 = VERTEX_POINT('',#47);
#47 = CARTESIAN_POINT('',(460.,-0.384826596432,1.028394168287E+03));
#48 = SURFACE_CURVE('',#49,(#57,#1087),.PCURVE_S1.);
#49 = ( BOUNDED_CURVE() B_SPLINE_CURVE(6,(#50,#51,#52,#53,#54,#55,#56),
.UNSPECIFIED.,.T.,.F.) B_SPLINE_CURVE_WITH_KNOTS((1,6,6,1),(
    -6.28318530718,0.,6.28318530718,12.566370614359),.UNSPECIFIED.) 
CURVE() GEOMETRIC_REPRESENTATION_ITEM() RATIONAL_B_SPLINE_CURVE((
    1.669078461068,1.03672962321,1.038346699848,0.853534330196,
1.038346699848,1.03672962321,1.669078461068)) REPRESENTATION_ITEM('') );
#50 = CARTESIAN_POINT('',(460.,-0.384826596432,1.028394168287E+03));
#51 = CARTESIAN_POINT('',(481.10159705975,-0.384826596456,
    1.028394168287E+03));
#52 = CARTESIAN_POINT('',(484.13142726721,0.405818190914,
    1.002313387803E+03));
#53 = CARTESIAN_POINT('',(460.,1.057933307904,980.80224716494));
#54 = CARTESIAN_POINT('',(435.86857273278,0.405818190969,
    1.002313387803E+03));
#55 = CARTESIAN_POINT('',(438.89840294024,-0.384826596407,
    1.028394168287E+03));
#56 = CARTESIAN_POINT('',(460.,-0.384826596432,1.028394168287E+03));
#57 = PCURVE('',#58,#1081);
#58 = ( BOUNDED_SURFACE() B_SPLINE_SURFACE(6,10,(
    (#59,#60,#61,#62,#63,#64,#65,#66,#67,#68,#69,#70,#71,#72,#73,#74,#75
      ,#76,#77,#78,#79,#80,#81,#82,#83,#84,#85,#86,#87,#88,#89,#90,#91
      ,#92,#93,#94,#95,#96,#97,#98,#99,#100,#101,#102,#103,#104,#105
      ,#106,#107,#108,#109,#110,#111,#112,#113,#114,#115,#116,#117,#118
      ,#119,#120,#121,#122,#123,#124,#125,#126,#127,#128,#129,#130,#131
      ,#132,#133,#134,#135,#136,#137,#138,#139,#140,#141,#142,#143,#144
      ,#145,#146,#147,#148,#149,#150,#151,#152,#153,#154,#155,#156,#157
      ,#158,#159,#160,#161,#162,#163,#164,#165,#166,#167,#168,#169,#170
      ,#171,#172,#173,#174,#175,#176,#177,#178,#179,#180,#181,#182,#183
      ,#184,#185,#186,#187,#188,#189,#190,#191,#192,#193,#194,#195,#196
      ,#197,#198,#199,#200,#201,#202,#203,#204)
    ,(#205,#206,#207,#208,#209,#210,#211,#212,#213,#214,#215,#216,#217
      ,#218,#219,#220,#221,#222,#223,#224,#225,#226,#227,#228,#229,#230
      ,#231,#232,#233,#234,#235,#236,#237,#238,#239,#240,#241,#242,#243
      ,#244,#245,#246,#247,#248,#249,#250,#251,#252,#253,#254,#255,#256
      ,#257,#258,#259,#260,#261,#262,#263,#264,#265,#266,#267,#268,#269
      ,#270,#271,#272,#273,#274,#275,#276,#277,#278,#279,#280,#281,#282
      ,#283,#284,#285,#286,#287,#288,#289,#290,#291,#292,#293,#294,#295
      ,#296,#297,#298,#299,#300,#301,#302,#303,#304,#305,#306,#307,#308
      ,#309,#310,#311,#312,#313,#314,#315,#316,#317,#318,#319,#320,#321
      ,#322,#323,#324,#325,#326,#327,#328,#329,#330,#331,#332,#333,#334
      ,#335,#336,#337,#338,#339,#340,#341,#342,#343,#344,#345,#346,#347
      ,#348,#349,#350)
    ,(#351,#352,#353,#354,#355,#356,#357,#358,#359,#360,#361,#362,#363
      ,#364,#365,#366,#367,#368,#369,#370,#371,#372,#373,#374,#375,#376
      ,#377,#378,#379,#380,#381,#382,#383,#384,#385,#386,#387,#388,#389
      ,#390,#391,#392,#393,#394,#395,#396,#397,#398,#399,#400,#401,#402
      ,#403,#404,#405,#406,#407,#408,#409,#410,#411,#412,#413,#414,#415
      ,#416,#417,#418,#419,#420,#421,#422,#423,#424,#425,#426,#427,#428
      ,#429,#430,#431,#432,#433,#434,#435,#436,#437,#438,#439,#440,#441
      ,#442,#443,#444,#445,#446,#447,#448,#449,#450,#451,#452,#453,#454
      ,#455,#456,#457,#458,#459,#460,#461,#462,#463,#464,#465,#466,#467
      ,#468,#469,#470,#471,#472,#473,#474,#475,#476,#477,#478,#479,#480
      ,#481,#482,#483,#484,#485,#486,#487,#488,#489,#490,#491,#492,#493
      ,#494,#495,#496)
    ,(#497,#498,#499,#500,#501,#502,#503,#504,#505,#506,#507,#508,#509
      ,#510,#511,#512,#513,#514,#515,#516,#517,#518,#519,#520,#521,#522
      ,#523,#524,#525,#526,#527,#528,#529,#530,#531,#532,#533,#534,#535
      ,#536,#537,#538,#539,#540,#541,#542,#543,#544,#545,#546,#547,#548
      ,#549,#550,#551,#552,#553,#554,#555,#556,#557,#558,#559,#560,#561
      ,#562,#563,#564,#565,#566,#567,#568,#569,#570,#571,#572,#573,#574
      ,#575,#576,#577,#578,#579,#580,#581,#582,#583,#584,#585,#586,#587
      ,#588,#589,#590,#591,#592,#593,#594,#595,#596,#597,#598,#599,#600
      ,#601,#602,#603,#604,#605,#606,#607,#608,#609,#610,#611,#612,#613
      ,#614,#615,#616,#617,#618,#619,#620,#621,#622,#623,#624,#625,#626
      ,#627,#628,#629,#630,#631,#632,#633,#634,#635,#636,#637,#638,#639
      ,#640,#641,#642)
    ,(#643,#644,#645,#646,#647,#648,#649,#650,#651,#652,#653,#654,#655
      ,#656,#657,#658,#659,#660,#661,#662,#663,#664,#665,#666,#667,#668
      ,#669,#670,#671,#672,#673,#674,#675,#676,#677,#678,#679,#680,#681
      ,#682,#683,#684,#685,#686,#687,#688,#689,#690,#691,#692,#693,#694
      ,#695,#696,#697,#698,#699,#700,#701,#702,#703,#704,#705,#706,#707
      ,#708,#709,#710,#711,#712,#713,#714,#715,#716,#717,#718,#719,#720
      ,#721,#722,#723,#724,#725,#726,#727,#728,#729,#730,#731,#732,#733
      ,#734,#735,#736,#737,#738,#739,#740,#741,#742,#743,#744,#745,#746
      ,#747,#748,#749,#750,#751,#752,#753,#754,#755,#756,#757,#758,#759
      ,#760,#761,#762,#763,#764,#765,#766,#767,#768,#769,#770,#771,#772
      ,#773,#774,#775,#776,#777,#778,#779,#780,#781,#782,#783,#784,#785
      ,#786,#787,#788)
    ,(#789,#790,#791,#792,#793,#794,#795,#796,#797,#798,#799,#800,#801
      ,#802,#803,#804,#805,#806,#807,#808,#809,#810,#811,#812,#813,#814
      ,#815,#816,#817,#818,#819,#820,#821,#822,#823,#824,#825,#826,#827
      ,#828,#829,#830,#831,#832,#833,#834,#835,#836,#837,#838,#839,#840
      ,#841,#842,#843,#844,#845,#846,#847,#848,#849,#850,#851,#852,#853
      ,#854,#855,#856,#857,#858,#859,#860,#861,#862,#863,#864,#865,#866
      ,#867,#868,#869,#870,#871,#872,#873,#874,#875,#876,#877,#878,#879
      ,#880,#881,#882,#883,#884,#885,#886,#887,#888,#889,#890,#891,#892
      ,#893,#894,#895,#896,#897,#898,#899,#900,#901,#902,#903,#904,#905
      ,#906,#907,#908,#909,#910,#911,#912,#913,#914,#915,#916,#917,#918
      ,#919,#920,#921,#922,#923,#924,#925,#926,#927,#928,#929,#930,#931
      ,#932,#933,#934)
    ,(#935,#936,#937,#938,#939,#940,#941,#942,#943,#944,#945,#946,#947
      ,#948,#949,#950,#951,#952,#953,#954,#955,#956,#957,#958,#959,#960
      ,#961,#962,#963,#964,#965,#966,#967,#968,#969,#970,#971,#972,#973
      ,#974,#975,#976,#977,#978,#979,#980,#981,#982,#983,#984,#985,#986
      ,#987,#988,#989,#990,#991,#992,#993,#994,#995,#996,#997,#998,#999
      ,#1000,#1001,#1002,#1003,#1004,#1005,#1006,#1007,#1008,#1009,#1010
      ,#1011,#1012,#1013,#1014,#1015,#1016,#1017,#1018,#1019,#1020,#1021
      ,#1022,#1023,#1024,#1025,#1026,#1027,#1028,#1029,#1030,#1031,#1032
      ,#1033,#1034,#1035,#1036,#1037,#1038,#1039,#1040,#1041,#1042,#1043
      ,#1044,#1045,#1046,#1047,#1048,#1049,#1050,#1051,#1052,#1053,#1054
      ,#1055,#1056,#1057,#1058,#1059,#1060,#1061,#1062,#1063,#1064,#1065
      ,#1066,#1067,#1068,#1069,#1070,#1071,#1072,#1073,#1074,#1075,#1076
      ,#1077,#1078,#1079,#1080
)),.UNSPECIFIED.,.T.,.F.,.F.) B_SPLINE_SURFACE_WITH_KNOTS((1,6,6,1),(11,
    9,9,9,9,9,9,9,9,9,9,9,9,9,9,9,11),(-6.28318530718,0.,6.28318530718,
    12.566370614359),(0.,25.30654573182,50.61309146364,75.91963719546,
    101.22618292728,126.5327286591,151.83927439092,177.14582012274,
    202.45236585456,227.75891158638,253.0654573182,278.37200305002,
    303.67854878184,328.98509451366,354.29164024548,379.5981859773,
404.90473170912),.UNSPECIFIED.) GEOMETRIC_REPRESENTATION_ITEM() 
RATIONAL_B_SPLINE_SURFACE((
    (1.669078461068,1.669078461068,1.669078461068,1.669078461069
      ,1.669078461068,1.669078461069,1.669078461068,1.669078461069
      ,1.669078461068,1.669078461068,1.669078461068,1.669078461068
      ,1.669078461068,1.669078461068,1.669078461068,1.669078461068
      ,1.669078461068,1.669078461068,1.669078461068,1.669078461068
      ,1.669078461068,1.669078461068,1.669078461068,1.669078461069
      ,1.669078461068,1.669078461068,1.669078461068,1.669078461068
      ,1.669078461068,1.669078461068,1.669078461068,1.669078461069
      ,1.669078461068,1.669078461069,1.669078461068,1.669078461068
      ,1.669078461068,1.669078461068,1.669078461068,1.669078461068
      ,1.669078461068,1.669078461068,1.669078461068,1.669078461068
      ,1.669078461068,1.669078461068,1.669078461068,1.669078461068
      ,1.669078461069,1.669078461067,1.669078461069,1.669078461068
      ,1.669078461069,1.669078461068,1.669078461068,1.669078461068
      ,1.669078461068,1.669078461069,1.669078461067,1.669078461069
      ,1.669078461067,1.669078461069,1.669078461068,1.669078461068
      ,1.669078461068,1.669078461068,1.669078461068,1.669078461068
      ,1.669078461068,1.669078461068,1.669078461068,1.669078461068
      ,1.669078461068,1.669078461068,1.669078461068,1.669078461068
      ,1.669078461069,1.669078461068,1.669078461069,1.669078461068
      ,1.669078461068,1.669078461068,1.669078461068,1.669078461068
      ,1.669078461069,1.669078461068,1.669078461069,1.669078461068
      ,1.669078461068,1.669078461068,1.669078461068,1.669078461068
      ,1.669078461068,1.669078461068,1.669078461068,1.669078461068
      ,1.669078461068,1.669078461068,1.669078461068,1.669078461068
      ,1.669078461068,1.669078461068,1.669078461069,1.669078461068
      ,1.669078461069,1.669078461068,1.669078461068,1.669078461068
      ,1.669078461068,1.669078461068,1.669078461068,1.669078461069
      ,1.669078461068,1.669078461069,1.669078461068,1.669078461068
      ,1.669078461068,1.669078461068,1.669078461068,1.669078461068
      ,1.669078461069,1.669078461067,1.66907846107,1.669078461067
      ,1.669078461069,1.669078461068,1.669078461068,1.669078461068
      ,1.669078461068,1.669078461068,1.669078461068,1.669078461068
      ,1.669078461068,1.669078461068,1.669078461068,1.669078461068
      ,1.669078461068,1.669078461068,1.669078461068,1.669078461068
      ,1.669078461068,1.669078461068,1.669078461068,1.669078461068
      ,1.669078461068,1.669078461068)
    ,(1.03672962321,1.03672962321,1.036729623209,1.03672962321
      ,1.036729623209,1.03672962321,1.036729623209,1.03672962321
      ,1.036729623209,1.03672962321,1.03672962321,1.03672962321
      ,1.03672962321,1.03672962321,1.03672962321,1.03672962321
      ,1.03672962321,1.03672962321,1.03672962321,1.03672962321
      ,1.03672962321,1.03672962321,1.036729623209,1.03672962321
      ,1.036729623209,1.03672962321,1.03672962321,1.03672962321
      ,1.03672962321,1.03672962321,1.03672962321,1.03672962321
      ,1.036729623209,1.03672962321,1.036729623209,1.03672962321
      ,1.03672962321,1.03672962321,1.03672962321,1.03672962321
      ,1.03672962321,1.036729623209,1.03672962321,1.036729623209
      ,1.03672962321,1.03672962321,1.03672962321,1.036729623209
      ,1.03672962321,1.036729623209,1.03672962321,1.036729623209
      ,1.03672962321,1.03672962321,1.03672962321,1.03672962321
      ,1.036729623209,1.03672962321,1.036729623209,1.03672962321
      ,1.036729623209,1.03672962321,1.03672962321,1.03672962321
      ,1.03672962321,1.03672962321,1.03672962321,1.03672962321
      ,1.03672962321,1.03672962321,1.03672962321,1.03672962321
      ,1.03672962321,1.03672962321,1.03672962321,1.03672962321
      ,1.03672962321,1.03672962321,1.03672962321,1.03672962321
      ,1.03672962321,1.03672962321,1.03672962321,1.03672962321
      ,1.03672962321,1.036729623209,1.03672962321,1.036729623209
      ,1.03672962321,1.03672962321,1.03672962321,1.03672962321
      ,1.03672962321,1.03672962321,1.036729623209,1.03672962321
      ,1.03672962321,1.03672962321,1.03672962321,1.03672962321
      ,1.03672962321,1.036729623209,1.03672962321,1.036729623209
      ,1.03672962321,1.036729623209,1.03672962321,1.03672962321
      ,1.03672962321,1.03672962321,1.03672962321,1.03672962321
      ,1.036729623209,1.03672962321,1.036729623209,1.03672962321
      ,1.03672962321,1.03672962321,1.03672962321,1.036729623209
      ,1.03672962321,1.036729623209,1.036729623211,1.036729623209
      ,1.03672962321,1.036729623209,1.03672962321,1.03672962321
      ,1.03672962321,1.03672962321,1.036729623209,1.03672962321
      ,1.036729623209,1.03672962321,1.03672962321,1.03672962321
      ,1.03672962321,1.03672962321,1.03672962321,1.036729623209
      ,1.03672962321,1.036729623209,1.03672962321,1.03672962321
      ,1.03672962321,1.03672962321)
    ,(1.038346699848,1.038346699848,1.038346699847,1.038346699848
      ,1.038346699847,1.038346699848,1.038346699847,1.038346699848
      ,1.038346699847,1.038346699848,1.038346699847,1.038346699848
      ,1.038346699848,1.038346699847,1.038346699848,1.038346699847
      ,1.038346699848,1.038346699847,1.038346699848,1.038346699848
      ,1.038346699847,1.038346699848,1.038346699847,1.038346699848
      ,1.038346699847,1.038346699848,1.038346699847,1.038346699848
      ,1.038346699848,1.038346699847,1.038346699848,1.038346699847
      ,1.038346699848,1.038346699847,1.038346699848,1.038346699847
      ,1.038346699848,1.038346699847,1.038346699848,1.038346699847
      ,1.038346699848,1.038346699847,1.038346699848,1.038346699847
      ,1.038346699848,1.038346699847,1.038346699848,1.038346699847
      ,1.038346699848,1.038346699847,1.038346699848,1.038346699847
      ,1.038346699848,1.038346699847,1.038346699848,1.038346699848
      ,1.038346699847,1.038346699848,1.038346699847,1.038346699848
      ,1.038346699847,1.038346699848,1.038346699847,1.038346699848
      ,1.038346699847,1.038346699848,1.038346699847,1.038346699848
      ,1.038346699847,1.038346699848,1.038346699847,1.038346699848
      ,1.038346699848,1.038346699847,1.038346699848,1.038346699847
      ,1.038346699848,1.038346699847,1.038346699848,1.038346699847
      ,1.038346699848,1.038346699847,1.038346699848,1.038346699847
      ,1.038346699848,1.038346699847,1.038346699848,1.038346699847
      ,1.038346699848,1.038346699847,1.038346699848,1.038346699848
      ,1.038346699847,1.038346699848,1.038346699848,1.038346699847
      ,1.038346699848,1.038346699847,1.038346699848,1.038346699847
      ,1.038346699848,1.038346699847,1.038346699848,1.038346699847
      ,1.038346699848,1.038346699847,1.038346699848,1.038346699847
      ,1.038346699848,1.038346699848,1.038346699847,1.038346699848
      ,1.038346699847,1.038346699848,1.038346699847,1.038346699848
      ,1.038346699847,1.038346699847,1.038346699848,1.038346699847
      ,1.038346699848,1.038346699847,1.038346699848,1.038346699847
      ,1.038346699848,1.038346699847,1.038346699848,1.038346699847
      ,1.038346699848,1.038346699848,1.038346699847,1.038346699848
      ,1.038346699847,1.038346699848,1.038346699847,1.038346699848
      ,1.038346699848,1.038346699847,1.038346699848,1.038346699847
      ,1.038346699848,1.038346699847,1.038346699848,1.038346699847
      ,1.038346699848,1.038346699848)
    ,(0.853534330196,0.853534330196,0.853534330196,0.853534330196
      ,0.853534330196,0.853534330197,0.853534330196,0.853534330196
      ,0.853534330196,0.853534330196,0.853534330196,0.853534330196
      ,0.853534330196,0.853534330196,0.853534330196,0.853534330196
      ,0.853534330196,0.853534330196,0.853534330196,0.853534330196
      ,0.853534330196,0.853534330196,0.853534330196,0.853534330196
      ,0.853534330196,0.853534330196,0.853534330196,0.853534330196
      ,0.853534330196,0.853534330196,0.853534330196,0.853534330196
      ,0.853534330196,0.853534330196,0.853534330196,0.853534330196
      ,0.853534330196,0.853534330196,0.853534330196,0.853534330196
      ,0.853534330196,0.853534330196,0.853534330196,0.853534330196
      ,0.853534330196,0.853534330196,0.853534330196,0.853534330196
      ,0.853534330196,0.853534330196,0.853534330196,0.853534330196
      ,0.853534330196,0.853534330196,0.853534330196,0.853534330196
      ,0.853534330196,0.853534330197,0.853534330196,0.853534330197
      ,0.853534330196,0.853534330196,0.853534330196,0.853534330196
      ,0.853534330196,0.853534330196,0.853534330196,0.853534330196
      ,0.853534330196,0.853534330196,0.853534330196,0.853534330196
      ,0.853534330196,0.853534330196,0.853534330196,0.853534330196
      ,0.853534330196,0.853534330196,0.853534330196,0.853534330196
      ,0.853534330196,0.853534330196,0.853534330196,0.853534330196
      ,0.853534330196,0.853534330196,0.853534330196,0.853534330196
      ,0.853534330196,0.853534330196,0.853534330196,0.853534330196
      ,0.853534330196,0.853534330196,0.853534330196,0.853534330196
      ,0.853534330196,0.853534330196,0.853534330196,0.853534330196
      ,0.853534330196,0.853534330196,0.853534330196,0.853534330196
      ,0.853534330197,0.853534330196,0.853534330196,0.853534330196
      ,0.853534330196,0.853534330196,0.853534330196,0.853534330196
      ,0.853534330196,0.853534330196,0.853534330196,0.853534330196
      ,0.853534330196,0.853534330196,0.853534330196,0.853534330196
      ,0.853534330197,0.853534330195,0.853534330197,0.853534330195
      ,0.853534330197,0.853534330196,0.853534330196,0.853534330196
      ,0.853534330196,0.853534330196,0.853534330196,0.853534330196
      ,0.853534330196,0.853534330196,0.853534330196,0.853534330196
      ,0.853534330196,0.853534330196,0.853534330196,0.853534330196
      ,0.853534330196,0.853534330196,0.853534330196,0.853534330196
      ,0.853534330196,0.853534330196)
    ,(1.038346699848,1.038346699848,1.038346699847,1.038346699848
      ,1.038346699847,1.038346699848,1.038346699847,1.038346699848
      ,1.038346699847,1.038346699848,1.038346699847,1.038346699848
      ,1.038346699848,1.038346699847,1.038346699848,1.038346699847
      ,1.038346699848,1.038346699847,1.038346699848,1.038346699848
      ,1.038346699847,1.038346699848,1.038346699847,1.038346699848
      ,1.038346699847,1.038346699848,1.038346699847,1.038346699848
      ,1.038346699848,1.038346699847,1.038346699848,1.038346699847
      ,1.038346699848,1.038346699847,1.038346699848,1.038346699847
      ,1.038346699848,1.038346699847,1.038346699848,1.038346699847
      ,1.038346699848,1.038346699847,1.038346699848,1.038346699847
      ,1.038346699848,1.038346699847,1.038346699848,1.038346699847
      ,1.038346699848,1.038346699847,1.038346699848,1.038346699847
      ,1.038346699848,1.038346699847,1.038346699847,1.038346699848
      ,1.038346699847,1.038346699848,1.038346699847,1.038346699848
      ,1.038346699847,1.038346699848,1.038346699847,1.038346699848
      ,1.038346699847,1.038346699848,1.038346699847,1.038346699848
      ,1.038346699847,1.038346699848,1.038346699847,1.038346699848
      ,1.038346699848,1.038346699847,1.038346699848,1.038346699847
      ,1.038346699848,1.038346699847,1.038346699848,1.038346699847
      ,1.038346699848,1.038346699847,1.038346699848,1.038346699847
      ,1.038346699848,1.038346699847,1.038346699847,1.038346699848
      ,1.038346699847,1.038346699848,1.038346699848,1.038346699848
      ,1.038346699847,1.038346699848,1.038346699847,1.038346699848
      ,1.038346699848,1.038346699847,1.038346699848,1.038346699847
      ,1.038346699848,1.038346699847,1.038346699848,1.038346699847
      ,1.038346699848,1.038346699847,1.038346699848,1.038346699847
      ,1.038346699848,1.038346699848,1.038346699847,1.038346699848
      ,1.038346699847,1.038346699848,1.038346699847,1.038346699848
      ,1.038346699847,1.038346699847,1.038346699848,1.038346699847
      ,1.038346699848,1.038346699847,1.038346699848,1.038346699847
      ,1.038346699848,1.038346699847,1.038346699848,1.038346699847
      ,1.038346699848,1.038346699848,1.038346699847,1.038346699848
      ,1.038346699847,1.038346699848,1.038346699847,1.038346699848
      ,1.038346699848,1.038346699847,1.038346699848,1.038346699847
      ,1.038346699848,1.038346699847,1.038346699848,1.038346699847
      ,1.038346699848,1.038346699848)
    ,(1.03672962321,1.03672962321,1.036729623209,1.03672962321
      ,1.036729623209,1.03672962321,1.036729623209,1.03672962321
      ,1.03672962321,1.03672962321,1.03672962321,1.03672962321
      ,1.03672962321,1.03672962321,1.03672962321,1.03672962321
      ,1.03672962321,1.03672962321,1.03672962321,1.03672962321
      ,1.036729623209,1.03672962321,1.036729623209,1.03672962321
      ,1.036729623209,1.03672962321,1.036729623209,1.03672962321
      ,1.03672962321,1.03672962321,1.03672962321,1.03672962321
      ,1.03672962321,1.03672962321,1.03672962321,1.03672962321
      ,1.03672962321,1.03672962321,1.03672962321,1.03672962321
      ,1.03672962321,1.036729623209,1.03672962321,1.036729623209
      ,1.03672962321,1.03672962321,1.03672962321,1.036729623209
      ,1.03672962321,1.036729623209,1.03672962321,1.036729623209
      ,1.03672962321,1.03672962321,1.03672962321,1.03672962321
      ,1.036729623209,1.03672962321,1.036729623209,1.036729623211
      ,1.036729623209,1.03672962321,1.036729623209,1.03672962321
      ,1.03672962321,1.03672962321,1.03672962321,1.03672962321
      ,1.036729623209,1.03672962321,1.03672962321,1.03672962321
      ,1.03672962321,1.03672962321,1.03672962321,1.03672962321
      ,1.03672962321,1.03672962321,1.03672962321,1.03672962321
      ,1.03672962321,1.03672962321,1.03672962321,1.03672962321
      ,1.03672962321,1.036729623209,1.03672962321,1.03672962321
      ,1.03672962321,1.03672962321,1.03672962321,1.03672962321
      ,1.03672962321,1.03672962321,1.036729623209,1.03672962321
      ,1.036729623209,1.03672962321,1.03672962321,1.03672962321
      ,1.03672962321,1.03672962321,1.03672962321,1.036729623209
      ,1.03672962321,1.036729623209,1.03672962321,1.03672962321
      ,1.03672962321,1.03672962321,1.03672962321,1.03672962321
      ,1.036729623209,1.03672962321,1.036729623209,1.03672962321
      ,1.03672962321,1.03672962321,1.03672962321,1.036729623209
      ,1.03672962321,1.036729623209,1.03672962321,1.036729623209
      ,1.03672962321,1.036729623209,1.03672962321,1.03672962321
      ,1.03672962321,1.03672962321,1.036729623209,1.03672962321
      ,1.036729623209,1.03672962321,1.03672962321,1.03672962321
      ,1.03672962321,1.03672962321,1.03672962321,1.036729623209
      ,1.03672962321,1.036729623209,1.03672962321,1.03672962321
      ,1.03672962321,1.03672962321)
    ,(1.669078461068,1.669078461068,1.669078461068,1.669078461069
      ,1.669078461068,1.669078461069,1.669078461068,1.669078461069
      ,1.669078461068,1.669078461068,1.669078461068,1.669078461068
      ,1.669078461068,1.669078461068,1.669078461068,1.669078461068
      ,1.669078461068,1.669078461068,1.669078461068,1.669078461068
      ,1.669078461068,1.669078461068,1.669078461068,1.669078461069
      ,1.669078461068,1.669078461068,1.669078461068,1.669078461068
      ,1.669078461068,1.669078461068,1.669078461068,1.669078461069
      ,1.669078461068,1.669078461069,1.669078461068,1.669078461068
      ,1.669078461068,1.669078461068,1.669078461068,1.669078461068
      ,1.669078461068,1.669078461068,1.669078461068,1.669078461068
      ,1.669078461068,1.669078461068,1.669078461068,1.669078461068
      ,1.669078461069,1.669078461067,1.669078461069,1.669078461068
      ,1.669078461069,1.669078461068,1.669078461068,1.669078461068
      ,1.669078461068,1.669078461069,1.669078461067,1.669078461069
      ,1.669078461067,1.669078461069,1.669078461068,1.669078461068
      ,1.669078461068,1.669078461068,1.669078461068,1.669078461068
      ,1.669078461068,1.669078461068,1.669078461068,1.669078461068
      ,1.669078461068,1.669078461068,1.669078461068,1.669078461068
      ,1.669078461069,1.669078461068,1.669078461069,1.669078461068
      ,1.669078461068,1.669078461068,1.669078461068,1.669078461068
      ,1.669078461069,1.669078461068,1.669078461069,1.669078461068
      ,1.669078461068,1.669078461068,1.669078461068,1.669078461068
      ,1.669078461068,1.669078461068,1.669078461068,1.669078461068
      ,1.669078461068,1.669078461068,1.669078461068,1.669078461068
      ,1.669078461068,1.669078461068,1.669078461069,1.669078461068
      ,1.669078461069,1.669078461068,1.669078461068,1.669078461068
      ,1.669078461068,1.669078461068,1.669078461068,1.669078461069
      ,1.669078461068,1.669078461069,1.669078461068,1.669078461068
      ,1.669078461068,1.669078461068,1.669078461068,1.669078461068
      ,1.669078461069,1.669078461067,1.66907846107,1.669078461067
      ,1.669078461069,1.669078461068,1.669078461068,1.669078461068
      ,1.669078461068,1.669078461068,1.669078461068,1.669078461068
      ,1.669078461068,1.669078461068,1.669078461068,1.669078461068
      ,1.669078461068,1.669078461068,1.669078461068,1.669078461068
      ,1.669078461068,1.669078461068,1.669078461068,1.669078461068
,1.669078461068,1.669078461068))) REPRESENTATION_ITEM('') SURFACE() );
#59 = CARTESIAN_POINT('',(460.,-0.384826596432,1.028394168287E+03));
#60 = CARTESIAN_POINT('',(460.15112105434,82.081980560366,
    1.030894168287E+03));
#61 = CARTESIAN_POINT('',(424.31999021838,164.61491987981,
    1.033394168287E+03));
#62 = CARTESIAN_POINT('',(352.46798466542,229.54928648914,
    1.035894168287E+03));
#63 = CARTESIAN_POINT('',(254.50018601939,259.21020201342,
    1.038394168287E+03));
#64 = CARTESIAN_POINT('',(150.12733062343,242.36922765036,
    1.040894168287E+03));
#65 = CARTESIAN_POINT('',(64.189941965541,180.78938810481,
    1.043394168287E+03));
#66 = CARTESIAN_POINT('',(15.55925025223,90.719885631616,
    1.045894168287E+03));
#67 = CARTESIAN_POINT('',(10.313285122688,-5.984108750212,
    1.048394168287E+03));
#68 = CARTESIAN_POINT('',(43.029482613233,-89.80061326819,
    1.050894168287E+03));
#69 = CARTESIAN_POINT('',(159.4414422963,-206.6400078386,
    1.055894168287E+03));
#70 = CARTESIAN_POINT('',(243.13747895099,-239.6631733117,
    1.058394168287E+03));
#71 = CARTESIAN_POINT('',(339.86005028283,-234.771663904,
    1.060894168287E+03));
#72 = CARTESIAN_POINT('',(430.10717954375,-186.4714036475,
    1.063394168287E+03));
#73 = CARTESIAN_POINT('',(492.00156619568,-100.7602826512,
    1.065894168287E+03));
#74 = CARTESIAN_POINT('',(509.22495434298,3.550149753562,
    1.068394168287E+03));
#75 = CARTESIAN_POINT('',(479.92329025237,101.62599761433,
    1.070894168287E+03));
#76 = CARTESIAN_POINT('',(415.25269757323,173.71550532679,
    1.073394168287E+03));
#77 = CARTESIAN_POINT('',(332.85163375323,209.8488789465,
    1.075894168287E+03));
#78 = CARTESIAN_POINT('',(167.91801943963,210.1511210539,
    1.080894168287E+03));
#79 = CARTESIAN_POINT('',(85.385080120113,174.31999021928,
    1.083394168287E+03));
#80 = CARTESIAN_POINT('',(20.450713511112,102.46798466376,
    1.085894168287E+03));
#81 = CARTESIAN_POINT('',(-9.210202014012,4.500186022003,
    1.088394168286E+03));
#82 = CARTESIAN_POINT('',(7.630772350545,-99.87266937973,
    1.090894168287E+03));
#83 = CARTESIAN_POINT('',(69.210611894182,-185.8100580315,
    1.093394168286E+03));
#84 = CARTESIAN_POINT('',(159.28011436916,-234.4407497496,
    1.095894168287E+03));
#85 = CARTESIAN_POINT('',(255.98410874979,-239.6867148764,
    1.098394168287E+03));
#86 = CARTESIAN_POINT('',(339.80061326833,-206.9705173869,
    1.100894168287E+03));
#87 = CARTESIAN_POINT('',(456.64000783845,-90.55855770353,
    1.105894168287E+03));
#88 = CARTESIAN_POINT('',(489.66317331248,-6.862521049546,
    1.108394168287E+03));
#89 = CARTESIAN_POINT('',(484.77166390243,89.860050283957,
    1.110894168286E+03));
#90 = CARTESIAN_POINT('',(436.47140364972,180.10717954214,
    1.113394168287E+03));
#91 = CARTESIAN_POINT('',(350.76028264926,242.00156619735,
    1.115894168286E+03));
#92 = CARTESIAN_POINT('',(246.44985024755,259.22495434174,
    1.118394168287E+03));
#93 = CARTESIAN_POINT('',(148.37400238535,229.92329025302,
    1.120894168286E+03));
#94 = CARTESIAN_POINT('',(76.284494673152,165.25269757299,
    1.123394168287E+03));
#95 = CARTESIAN_POINT('',(40.151121053584,82.851633753294,
    1.125894168287E+03));
#96 = CARTESIAN_POINT('',(39.848878945932,-82.08198056044,
    1.130894168287E+03));
#97 = CARTESIAN_POINT('',(75.680009781354,-164.6149198794,
    1.133394168287E+03));
#98 = CARTESIAN_POINT('',(147.53201533515,-229.5492864899,
    1.135894168287E+03));
#99 = CARTESIAN_POINT('',(245.49981397894,-259.2102020123,
    1.138394168286E+03));
#100 = CARTESIAN_POINT('',(349.87266937956,-242.3692276515,
    1.140894168287E+03));
#101 = CARTESIAN_POINT('',(435.81005803103,-180.7893881039,
    1.143394168286E+03));
#102 = CARTESIAN_POINT('',(484.44074975021,-90.71988563225,
    1.145894168287E+03));
#103 = CARTESIAN_POINT('',(489.68671487636,5.984108750684,
    1.148394168287E+03));
#104 = CARTESIAN_POINT('',(456.97051738676,89.80061326784,
    1.150894168287E+03));
#105 = CARTESIAN_POINT('',(340.55855770416,206.64000783942,
    1.155894168287E+03));
#106 = CARTESIAN_POINT('',(256.86252104636,239.66317330836,
    1.158394168286E+03));
#107 = CARTESIAN_POINT('',(160.13994972299,234.7716639102,
    1.160894168288E+03));
#108 = CARTESIAN_POINT('',(69.892820448442,186.47140364134,
    1.163394168284E+03));
#109 = CARTESIAN_POINT('',(7.998433810988,100.76028265376,
    1.165894168289E+03));
#110 = CARTESIAN_POINT('',(-9.224954346396,-3.550149751873,
    1.168394168285E+03));
#111 = CARTESIAN_POINT('',(20.076709748289,-101.6259976173,
    1.170894168288E+03));
#112 = CARTESIAN_POINT('',(84.747302427084,-173.7155053251,
    1.173394168286E+03));
#113 = CARTESIAN_POINT('',(167.14836624654,-209.8488789465,
    1.175894168287E+03));
#114 = CARTESIAN_POINT('',(332.0819805606,-210.1511210547,
    1.180894168287E+03));
#115 = CARTESIAN_POINT('',(414.61491987932,-174.3199902149,
    1.183394168286E+03));
#116 = CARTESIAN_POINT('',(479.54928648892,-102.4679846724,
    1.185894168289E+03));
#117 = CARTESIAN_POINT('',(509.21020201618,-4.500186012125,
    1.188394168284E+03));
#118 = CARTESIAN_POINT('',(492.3692276443,99.87266937396,
    1.19089416829E+03));
#119 = CARTESIAN_POINT('',(430.78938811232,185.81005803138,
    1.193394168284E+03));
#120 = CARTESIAN_POINT('',(340.71988562569,234.4407497528,
    1.195894168288E+03));
#121 = CARTESIAN_POINT('',(244.01589125272,239.68671487405,
    1.198394168286E+03));
#122 = CARTESIAN_POINT('',(160.19938673106,206.97051738769,
    1.200894168287E+03));
#123 = CARTESIAN_POINT('',(43.359992161981,90.558557702996,
    1.205894168287E+03));
#124 = CARTESIAN_POINT('',(10.33682668644,6.862521051116,
    1.208394168287E+03));
#125 = CARTESIAN_POINT('',(15.228336099068,-89.86005028688,
    1.210894168286E+03));
#126 = CARTESIAN_POINT('',(63.528596349305,-180.1071795384,
    1.213394168288E+03));
#127 = CARTESIAN_POINT('',(149.2397173503,-242.0015662005,
    1.215894168285E+03));
#128 = CARTESIAN_POINT('',(253.550149754,-259.22495434,
    1.218394168288E+03));
#129 = CARTESIAN_POINT('',(351.6259976131,-229.9232902535,
    1.220894168286E+03));
#130 = CARTESIAN_POINT('',(423.71550532759,-165.252697573,
    1.223394168287E+03));
#131 = CARTESIAN_POINT('',(459.84887894633,-82.85163375323,
    1.225894168287E+03));
#132 = CARTESIAN_POINT('',(460.15112105389,82.081980560373,
    1.230894168287E+03));
#133 = CARTESIAN_POINT('',(424.31999021966,164.61491987964,
    1.233394168287E+03));
#134 = CARTESIAN_POINT('',(352.46798466296,229.54928648991,
    1.235894168287E+03));
#135 = CARTESIAN_POINT('',(254.5001860227,259.21020201163,
    1.238394168287E+03));
#136 = CARTESIAN_POINT('',(150.12733062037,242.36922765302,
    1.240894168286E+03));
#137 = CARTESIAN_POINT('',(64.189941967436,180.78938810216,
    1.243394168287E+03));
#138 = CARTESIAN_POINT('',(15.559250251549,90.719885633415,
    1.245894168286E+03));
#139 = CARTESIAN_POINT('',(10.313285122751,-5.984108750984,
    1.248394168287E+03));
#140 = CARTESIAN_POINT('',(43.029482613278,-89.80061326804,
    1.250894168287E+03));
#141 = CARTESIAN_POINT('',(159.44144229625,-206.6400078387,
    1.255894168287E+03));
#142 = CARTESIAN_POINT('',(243.13747895119,-239.6631733116,
    1.258394168287E+03));
#143 = CARTESIAN_POINT('',(339.86005028242,-234.7716639043,
    1.260894168287E+03));
#144 = CARTESIAN_POINT('',(430.10717954425,-186.4714036469,
    1.263394168287E+03));
#145 = CARTESIAN_POINT('',(492.0015661953,-100.7602826522,
    1.265894168287E+03));
#146 = CARTESIAN_POINT('',(509.22495434313,3.550149754753,
    1.268394168287E+03));
#147 = CARTESIAN_POINT('',(479.92329025237,101.62599761337,
    1.270894168287E+03));
#148 = CARTESIAN_POINT('',(415.25269757319,173.71550532727,
    1.273394168287E+03));
#149 = CARTESIAN_POINT('',(332.85163375326,209.84887894639,
    1.275894168287E+03));
#150 = CARTESIAN_POINT('',(167.91801943959,210.15112105394,
    1.280894168287E+03));
#151 = CARTESIAN_POINT('',(85.38508012053,174.31999021925,
    1.283394168287E+03));
#152 = CARTESIAN_POINT('',(20.450713509653,102.46798466387,
    1.285894168287E+03));
#153 = CARTESIAN_POINT('',(-9.210202010782,4.500186021522,
    1.288394168287E+03));
#154 = CARTESIAN_POINT('',(7.630772345599,-99.87266937855,
    1.290894168286E+03));
#155 = CARTESIAN_POINT('',(69.210611899653,-185.8100580334,
    1.293394168288E+03));
#156 = CARTESIAN_POINT('',(159.28011436466,-234.4407497476,
    1.295894168286E+03));
#157 = CARTESIAN_POINT('',(255.98410875258,-239.6867148781,
    1.298394168287E+03));
#158 = CARTESIAN_POINT('',(339.80061326698,-206.9705173859,
    1.300894168286E+03));
#159 = CARTESIAN_POINT('',(456.64000784086,-90.55855770554,
    1.305894168287E+03));
#160 = CARTESIAN_POINT('',(489.66317330305,-6.862521040054,
    1.308394168285E+03));
#161 = CARTESIAN_POINT('',(484.77166391838,89.860050263345,
    1.310894168292E+03));
#162 = CARTESIAN_POINT('',(436.47140363641,180.10717957027,
    1.313394168279E+03));
#163 = CARTESIAN_POINT('',(350.76028264937,242.00156617186,
    1.315894168295E+03));
#164 = CARTESIAN_POINT('',(246.44985026035,259.22495435672,
    1.31839416828E+03));
#165 = CARTESIAN_POINT('',(148.37400237034,229.92329024802,
    1.32089416829E+03));
#166 = CARTESIAN_POINT('',(76.284494681614,165.2526975734,
    1.323394168286E+03));
#167 = CARTESIAN_POINT('',(40.151121051743,82.851633753544,
    1.325894168287E+03));
#168 = CARTESIAN_POINT('',(39.848878946334,-82.08198056065,
    1.330894168287E+03));
#169 = CARTESIAN_POINT('',(75.680009782789,-164.6149198788,
    1.333394168286E+03));
#170 = CARTESIAN_POINT('',(147.53201533051,-229.5492864911,
    1.335894168287E+03));
#171 = CARTESIAN_POINT('',(245.49981398618,-259.2102020104,
    1.338394168286E+03));
#172 = CARTESIAN_POINT('',(349.87266937226,-242.3692276538,
    1.340894168287E+03));
#173 = CARTESIAN_POINT('',(435.81005803616,-180.7893881014,
    1.343394168287E+03));
#174 = CARTESIAN_POINT('',(484.44074974746,-90.71988563446,
    1.345894168286E+03));
#175 = CARTESIAN_POINT('',(489.68671487775,5.984108752302,
    1.348394168287E+03));
#176 = CARTESIAN_POINT('',(456.97051738595,89.800613266868,
    1.350894168286E+03));
#177 = CARTESIAN_POINT('',(340.55855770593,206.64000784132,
    1.355894168287E+03));
#178 = CARTESIAN_POINT('',(256.86252103773,239.66317330119,
    1.358394168284E+03));
#179 = CARTESIAN_POINT('',(160.13994974209,234.77166392107,
    1.360894168293E+03));
#180 = CARTESIAN_POINT('',(69.892820421759,186.47140363564,
    1.363394168276E+03));
#181 = CARTESIAN_POINT('',(7.99843383605,100.76028264568,
    1.365894168298E+03));
#182 = CARTESIAN_POINT('',(-9.22495436211,-3.55014973238,
    1.368394168277E+03));
#183 = CARTESIAN_POINT('',(20.076709754415,-101.6259976368,
    1.370894168292E+03));
#184 = CARTESIAN_POINT('',(84.747302425906,-173.7155053139,
    1.373394168285E+03));
#185 = CARTESIAN_POINT('',(167.14836624657,-209.8488789499,
    1.375894168287E+03));
#186 = CARTESIAN_POINT('',(332.08198056047,-210.1511210512,
    1.380894168286E+03));
#187 = CARTESIAN_POINT('',(414.61491987887,-174.3199902269,
    1.383394168288E+03));
#188 = CARTESIAN_POINT('',(479.54928649308,-102.4679846511,
    1.385894168284E+03));
#189 = CARTESIAN_POINT('',(509.21020200402,-4.500186034232,
    1.388394168291E+03));
#190 = CARTESIAN_POINT('',(492.36922766484,99.87266938451,
    1.390894168281E+03));
#191 = CARTESIAN_POINT('',(430.78938808968,185.81005803542,
    1.393394168291E+03));
#192 = CARTESIAN_POINT('',(340.71988564233,234.44074974271,
    1.395894168284E+03));
#193 = CARTESIAN_POINT('',(244.01589124497,239.68671488103,
    1.398394168288E+03));
#194 = CARTESIAN_POINT('',(160.1993867328,206.97051738571,
    1.400894168287E+03));
#195 = CARTESIAN_POINT('',(43.359992160857,90.558557704336,
    1.405894168287E+03));
#196 = CARTESIAN_POINT('',(10.336826689048,6.862521047507,
    1.408394168286E+03));
#197 = CARTESIAN_POINT('',(15.228336095071,-89.86005028018,
    1.410894168287E+03));
#198 = CARTESIAN_POINT('',(63.528596353311,-180.1071795471,
    1.413394168286E+03));
#199 = CARTESIAN_POINT('',(149.2397173479,-242.0015661925,
    1.415894168287E+03));
#200 = CARTESIAN_POINT('',(253.55014975452,-259.224954345,
    1.418394168286E+03));
#201 = CARTESIAN_POINT('',(351.62599761332,-229.9232902514,
    1.420894168287E+03));
#202 = CARTESIAN_POINT('',(423.71550532763,-165.2526975734,
    1.423394168287E+03));
#203 = CARTESIAN_POINT('',(459.84887894594,-82.85163375321,
    1.425894168287E+03));
#204 = CARTESIAN_POINT('',(460.00000000048,-0.384826596437,
    1.428394168287E+03));
#205 = CARTESIAN_POINT('',(481.10159705975,-0.384826596456,
    1.028394168287E+03));
#206 = CARTESIAN_POINT('',(481.2527181141,90.368558333557,
    1.030894168281E+03));
#207 = CARTESIAN_POINT('',(441.80595399614,181.18809506073,
    1.033394168305E+03));
#208 = CARTESIAN_POINT('',(362.72205369183,252.63406053493,
    1.035894168255E+03));
#209 = CARTESIAN_POINT('',(254.90465007656,285.2573684315,
    1.038394168313E+03));
#210 = CARTESIAN_POINT('',(140.04715050179,266.70493521362,
    1.040894168286E+03));
#211 = CARTESIAN_POINT('',(45.485814681237,198.92151683228,
    1.043394168261E+03));
#212 = CARTESIAN_POINT('',(-8.01487175977,99.792564157667,
    1.045894168316E+03));
#213 = CARTESIAN_POINT('',(-13.77016299696,-6.629547756455,
    1.048394168269E+03));
#214 = CARTESIAN_POINT('',(22.248904902336,-98.86220030692,
    1.050894168291E+03));
#215 = CARTESIAN_POINT('',(150.37985525761,-227.4205855495,
    1.055894168281E+03));
#216 = CARTESIAN_POINT('',(242.4920399447,-263.746621431,
    1.058394168304E+03));
#217 = CARTESIAN_POINT('',(348.93272880881,-258.3457859167,
    1.060894168257E+03));
#218 = CARTESIAN_POINT('',(448.23930827202,-205.1755309307,
    1.063394168311E+03));
#219 = CARTESIAN_POINT('',(516.33727375725,-110.8404627738,
    1.065894168287E+03));
#220 = CARTESIAN_POINT('',(535.27212076321,3.954613811437,
    1.06839416826E+03));
#221 = CARTESIAN_POINT('',(503.0080642964,111.88006664048,
    1.070894168317E+03));
#222 = CARTESIAN_POINT('',(431.82587275503,191.20146910463,
    1.073394168269E+03));
#223 = CARTESIAN_POINT('',(341.13821152613,230.95047600626,
    1.075894168291E+03));
#224 = CARTESIAN_POINT('',(159.63144166669,231.25271811365,
    1.080894168281E+03));
#225 = CARTESIAN_POINT('',(68.811904938463,191.80595399708,
    1.083394168304E+03));
#226 = CARTESIAN_POINT('',(-2.634060533264,112.72205369002,
    1.085894168256E+03));
#227 = CARTESIAN_POINT('',(-35.25736843393,4.904650079438,
    1.088394168313E+03));
#228 = CARTESIAN_POINT('',(-16.70493521107,-109.9528495017,
    1.090894168284E+03));
#229 = CARTESIAN_POINT('',(51.078483165744,-204.5141853155,
    1.093394168263E+03));
#230 = CARTESIAN_POINT('',(150.20743584346,-258.0148717618,
    1.095894168315E+03));
#231 = CARTESIAN_POINT('',(256.62954775597,-263.770162996,
    1.09839416827E+03));
#232 = CARTESIAN_POINT('',(348.86220030707,-227.7510950978,
    1.100894168291E+03));
#233 = CARTESIAN_POINT('',(477.42058554937,-99.62014474224,
    1.105894168282E+03));
#234 = CARTESIAN_POINT('',(513.746621432,-7.507960055776,
    1.108394168302E+03));
#235 = CARTESIAN_POINT('',(508.34578591476,98.932728809927,
    1.110894168259E+03));
#236 = CARTESIAN_POINT('',(455.17553093348,198.23930827012,
    1.113394168307E+03));
#237 = CARTESIAN_POINT('',(360.84046277141,266.33727375962,
    1.115894168291E+03));
#238 = CARTESIAN_POINT('',(246.04538618998,285.27212076107,
    1.118394168257E+03));
#239 = CARTESIAN_POINT('',(138.11993335909,253.00806429776,
    1.120894168319E+03));
#240 = CARTESIAN_POINT('',(58.798530895325,181.82587275446,
    1.123394168268E+03));
#241 = CARTESIAN_POINT('',(19.049523993825,91.13821152625,
    1.125894168291E+03));
#242 = CARTESIAN_POINT('',(18.747281886186,-90.36855833339,
    1.130894168281E+03));
#243 = CARTESIAN_POINT('',(58.194046003553,-181.1880950612,
    1.133394168305E+03));
#244 = CARTESIAN_POINT('',(137.2779463088,-252.6340605339,
    1.135894168253E+03));
#245 = CARTESIAN_POINT('',(245.09534992176,-285.2573684328,
    1.138394168317E+03));
#246 = CARTESIAN_POINT('',(359.95284950111,-266.7049352123,
    1.14089416828E+03));
#247 = CARTESIAN_POINT('',(454.5141853155,-198.9215168329,
    1.143394168266E+03));
#248 = CARTESIAN_POINT('',(508.01487176208,-99.79256415761,
    1.145894168314E+03));
#249 = CARTESIAN_POINT('',(513.77016299605,6.62954775677,
    1.14839416827E+03));
#250 = CARTESIAN_POINT('',(477.75109509767,98.862200306563,
    1.150894168291E+03));
#251 = CARTESIAN_POINT('',(349.6201447428,227.42058555042,
    1.15589416828E+03));
#252 = CARTESIAN_POINT('',(257.50796005281,263.74662142745,
    1.15839416831E+03));
#253 = CARTESIAN_POINT('',(151.067271197,258.34578592353,
    1.160894168241E+03));
#254 = CARTESIAN_POINT('',(51.7606917196,205.17553092366,
    1.163394168335E+03));
#255 = CARTESIAN_POINT('',(-16.33727374918,110.84046277731,
    1.165894168261E+03));
#256 = CARTESIAN_POINT('',(-35.27212076838,-3.954613810354,
    1.168394168281E+03));
#257 = CARTESIAN_POINT('',(-3.008064294395,-111.8800666432,
    1.170894168305E+03));
#258 = CARTESIAN_POINT('',(68.174127244662,-191.201469103,
    1.173394168272E+03));
#259 = CARTESIAN_POINT('',(158.86178847376,-230.9504760063,
    1.175894168291E+03));
#260 = CARTESIAN_POINT('',(340.36855833351,-231.2527181144,
    1.18089416828E+03));
#261 = CARTESIAN_POINT('',(431.18809506097,-191.8059539926,
    1.183394168311E+03));
#262 = CARTESIAN_POINT('',(502.63406053319,-112.7220536991,
    1.185894168237E+03));
#263 = CARTESIAN_POINT('',(535.25736843657,-4.904650068549,
    1.188394168343E+03));
#264 = CARTESIAN_POINT('',(516.704935205,109.95284949444,
    1.190894168251E+03));
#265 = CARTESIAN_POINT('',(448.92151684186,204.5141853169,
    1.19339416829E+03));
#266 = CARTESIAN_POINT('',(349.79256415054,258.01487176395,
    1.195894168298E+03));
#267 = CARTESIAN_POINT('',(243.37045224694,263.77016299408,
    1.198394168276E+03));
#268 = CARTESIAN_POINT('',(151.13779969224,227.75109509851,
    1.200894168289E+03));
#269 = CARTESIAN_POINT('',(22.579414451089,99.620144741741,
    1.205894168283E+03));
#270 = CARTESIAN_POINT('',(-13.74662143306,7.507960057347,
    1.208394168299E+03));
#271 = CARTESIAN_POINT('',(-8.345785913386,-98.93272881294,
    1.210894168265E+03));
#272 = CARTESIAN_POINT('',(44.824469065751,-198.2393082662,
    1.213394168298E+03));
#273 = CARTESIAN_POINT('',(139.15953722795,-266.337273763,
    1.215894168301E+03));
#274 = CARTESIAN_POINT('',(253.95461381168,-285.2721207591,
    1.218394168249E+03));
#275 = CARTESIAN_POINT('',(361.88006663934,-253.0080642983,
    1.220894168323E+03));
#276 = CARTESIAN_POINT('',(441.20146910541,-181.8258727544,
    1.223394168267E+03));
#277 = CARTESIAN_POINT('',(480.95047600609,-91.1382115262,
    1.225894168292E+03));
#278 = CARTESIAN_POINT('',(481.25271811363,90.368558333343,
    1.230894168281E+03));
#279 = CARTESIAN_POINT('',(441.80595399748,181.18809506128,
    1.233394168303E+03));
#280 = CARTESIAN_POINT('',(362.7220536892,252.63406053428,
    1.235894168258E+03));
#281 = CARTESIAN_POINT('',(254.9046500802,285.25736843154,
    1.238394168308E+03));
#282 = CARTESIAN_POINT('',(140.04715049828,266.70493521471,
    1.240894168291E+03));
#283 = CARTESIAN_POINT('',(45.485814683544,198.92151683047,
    1.243394168256E+03));
#284 = CARTESIAN_POINT('',(-8.014871760719,99.792564159242,
    1.245894168319E+03));
#285 = CARTESIAN_POINT('',(-13.77016299678,-6.629547757245,
    1.248394168268E+03));
#286 = CARTESIAN_POINT('',(22.248904902354,-98.86220030674,
    1.250894168291E+03));
#287 = CARTESIAN_POINT('',(150.37985525757,-227.4205855496,
    1.255894168281E+03));
#288 = CARTESIAN_POINT('',(242.49203994481,-263.7466214309,
    1.258394168304E+03));
#289 = CARTESIAN_POINT('',(348.93272880865,-258.345785917,
    1.260894168257E+03));
#290 = CARTESIAN_POINT('',(448.23930827201,-205.1755309301,
    1.26339416831E+03));
#291 = CARTESIAN_POINT('',(516.33727375759,-110.8404627749,
    1.265894168289E+03));
#292 = CARTESIAN_POINT('',(535.27212076266,3.954613812686,
    1.268394168257E+03));
#293 = CARTESIAN_POINT('',(503.00806429689,111.8800666395,
    1.270894168319E+03));
#294 = CARTESIAN_POINT('',(431.82587275478,191.20146910511,
    1.273394168268E+03));
#295 = CARTESIAN_POINT('',(341.1382115262,230.95047600615,
    1.275894168291E+03));
#296 = CARTESIAN_POINT('',(159.63144166663,231.25271811369,
    1.280894168281E+03));
#297 = CARTESIAN_POINT('',(68.811904938888,191.80595399708,
    1.283394168303E+03));
#298 = CARTESIAN_POINT('',(-2.634060534723,112.72205369005,
    1.285894168258E+03));
#299 = CARTESIAN_POINT('',(-35.25736843067,4.904650079178,
    1.288394168309E+03));
#300 = CARTESIAN_POINT('',(-16.70493521613,-109.9528495009,
    1.290894168291E+03));
#301 = CARTESIAN_POINT('',(51.078483171383,-204.5141853169,
    1.293394168255E+03));
#302 = CARTESIAN_POINT('',(150.2074358388,-258.0148717601,
    1.295894168321E+03));
#303 = CARTESIAN_POINT('',(256.62954775886,-263.7701629975,
    1.298394168265E+03));
#304 = CARTESIAN_POINT('',(348.86220030566,-227.7510950969,
    1.300894168293E+03));
#305 = CARTESIAN_POINT('',(477.42058555188,-99.62014474416,
    1.305894168277E+03));
#306 = CARTESIAN_POINT('',(513.74662142215,-7.507960046404,
    1.308394168324E+03));
#307 = CARTESIAN_POINT('',(508.34578593165,98.932728788908,
    1.310894168208E+03));
#308 = CARTESIAN_POINT('',(455.17553091882,198.23930830007,
    1.313394168388E+03));
#309 = CARTESIAN_POINT('',(360.84046277288,266.33727373067,
    1.315894168201E+03));
#310 = CARTESIAN_POINT('',(246.04538620184,285.27212078002,
    1.31839416833E+03));
#311 = CARTESIAN_POINT('',(138.11993334451,253.00806428983,
    1.320894168277E+03));
#312 = CARTESIAN_POINT('',(58.798530903677,181.82587275619,
    1.323394168284E+03));
#313 = CARTESIAN_POINT('',(19.049523991993,91.138211526258,
    1.325894168289E+03));
#314 = CARTESIAN_POINT('',(18.747281886575,-90.36855833354,
    1.330894168282E+03));
#315 = CARTESIAN_POINT('',(58.19404600506,-181.1880950604,
    1.333394168307E+03));
#316 = CARTESIAN_POINT('',(137.27794630397,-252.6340605356,
    1.335894168247E+03));
#317 = CARTESIAN_POINT('',(245.09534992932,-285.2573684302,
    1.338394168325E+03));
#318 = CARTESIAN_POINT('',(359.95284949346,-266.7049352152,
    1.340894168274E+03));
#319 = CARTESIAN_POINT('',(454.51418532089,-198.9215168303,
    1.343394168267E+03));
#320 = CARTESIAN_POINT('',(508.01487175919,-99.79256415975,
    1.345894168316E+03));
#321 = CARTESIAN_POINT('',(513.77016299749,6.629547758302,
    1.348394168267E+03));
#322 = CARTESIAN_POINT('',(477.75109509685,98.862200305611,
    1.350894168293E+03));
#323 = CARTESIAN_POINT('',(349.62014474457,227.42058555232,
    1.355894168276E+03));
#324 = CARTESIAN_POINT('',(257.50796004407,263.74662142022,
    1.35839416833E+03));
#325 = CARTESIAN_POINT('',(151.06727121659,258.34578593455,
    1.360894168194E+03));
#326 = CARTESIAN_POINT('',(51.760691691734,205.17553091768,
    1.36339416841E+03));
#327 = CARTESIAN_POINT('',(-16.33727372234,110.84046276962,
    1.365894168176E+03));
#328 = CARTESIAN_POINT('',(-35.2721207859,-3.954613791242,
    1.368394168352E+03));
#329 = CARTESIAN_POINT('',(-3.008064287016,-111.8800666624,
    1.370894168262E+03));
#330 = CARTESIAN_POINT('',(68.174127242924,-191.2014690919,
    1.373394168291E+03));
#331 = CARTESIAN_POINT('',(158.86178847391,-230.9504760096,
    1.375894168286E+03));
#332 = CARTESIAN_POINT('',(340.3685583333,-231.2527181109,
    1.380894168285E+03));
#333 = CARTESIAN_POINT('',(431.18809506062,-191.8059540047,
    1.383394168291E+03));
#334 = CARTESIAN_POINT('',(502.63406053757,-112.722053677,
    1.385894168284E+03));
#335 = CARTESIAN_POINT('',(535.2573684234,-4.904650092491,
    1.388394168268E+03));
#336 = CARTESIAN_POINT('',(516.70493522743,109.95284950778,
    1.390894168337E+03));
#337 = CARTESIAN_POINT('',(448.92151681708,204.51418531806,
    1.393394168217E+03));
#338 = CARTESIAN_POINT('',(349.79256416878,258.01487175586,
    1.395894168343E+03));
#339 = CARTESIAN_POINT('',(243.37045223844,263.77016300017,
    1.398394168258E+03));
#340 = CARTESIAN_POINT('',(151.13779969415,227.75109509671,
    1.400894168293E+03));
#341 = CARTESIAN_POINT('',(22.579414449865,99.620144742971,
    1.40589416828E+03));
#342 = CARTESIAN_POINT('',(-13.74662143022,7.507960053972,
    1.408394168306E+03));
#343 = CARTESIAN_POINT('',(-8.345785917778,-98.93272880657,
    1.410894168254E+03));
#344 = CARTESIAN_POINT('',(44.824469070253,-198.2393082746,
    1.413394168313E+03));
#345 = CARTESIAN_POINT('',(139.15953722508,-266.3372737551,
    1.415894168287E+03));
#346 = CARTESIAN_POINT('',(253.95461381252,-285.2721207642,
    1.418394168258E+03));
#347 = CARTESIAN_POINT('',(361.8800666394,-253.0080642962,
    1.420894168319E+03));
#348 = CARTESIAN_POINT('',(441.2014691055,-181.8258727549,
    1.423394168267E+03));
#349 = CARTESIAN_POINT('',(480.9504760057,-91.13821152619,
    1.425894168292E+03));
#350 = CARTESIAN_POINT('',(481.10159706024,-0.384826596414,
    1.428394168286E+03));
#351 = CARTESIAN_POINT('',(484.13142726721,0.405818190914,
    1.002313387803E+03));
#352 = CARTESIAN_POINT('',(483.97206283299,92.349014658879,
    1.004813387796E+03));
#353 = CARTESIAN_POINT('',(443.69566912838,184.22289345863,
    1.007313387823E+03));
#354 = CARTESIAN_POINT('',(363.32941200402,256.33284558274,
    1.009813387767E+03));
#355 = CARTESIAN_POINT('',(253.98677658339,289.01245291521,
    1.012313387832E+03));
#356 = CARTESIAN_POINT('',(137.68798607161,269.82143955865,
    1.014813387802E+03));
#357 = CARTESIAN_POINT('',(42.120837112418,200.8241667426,
    1.017313387773E+03));
#358 = CARTESIAN_POINT('',(-11.73965400901,100.21195980464,
    1.019813387837E+03));
#359 = CARTESIAN_POINT('',(-17.20395262754,-7.624592012378,
    1.022313387782E+03));
#360 = CARTESIAN_POINT('',(19.604691507427,-100.9419066696,
    1.024813387808E+03));
#361 = CARTESIAN_POINT('',(149.85738226337,-230.7438467387,
    1.029813387797E+03));
#362 = CARTESIAN_POINT('',(243.30173608779,-267.2287783415,
    1.032313387822E+03));
#363 = CARTESIAN_POINT('',(351.11869761592,-261.3906890881,
    1.034813387768E+03));
#364 = CARTESIAN_POINT('',(451.54358854697,-207.1817420612,
    1.037313387831E+03));
#365 = CARTESIAN_POINT('',(520.20915627852,-111.3759829636,
    1.039813387803E+03));
#366 = CARTESIAN_POINT('',(538.99689587538,4.988635615166,
    1.042313387772E+03));
#367 = CARTESIAN_POINT('',(505.93844058875,114.2173279214,
    1.044813387837E+03));
#368 = CARTESIAN_POINT('',(433.55032614723,194.33312757848,
    1.047313387782E+03));
#369 = CARTESIAN_POINT('',(341.53737827661,234.29079170066,
    1.049813387808E+03));
#370 = CARTESIAN_POINT('',(157.65098534143,233.9720628333,
    1.054813387797E+03));
#371 = CARTESIAN_POINT('',(65.777106540532,193.69566912833,
    1.057313387822E+03));
#372 = CARTESIAN_POINT('',(-6.332845581468,113.32941200342,
    1.059813387767E+03));
#373 = CARTESIAN_POINT('',(-39.01245291627,3.98677658461,
    1.062313387833E+03));
#374 = CARTESIAN_POINT('',(-19.82143955856,-112.3120139296,
    1.0648133878E+03));
#375 = CARTESIAN_POINT('',(49.175833258236,-207.8791628869,
    1.067313387776E+03));
#376 = CARTESIAN_POINT('',(149.78804019434,-261.739654009,
    1.069813387835E+03));
#377 = CARTESIAN_POINT('',(257.62459201295,-267.2039526277,
    1.072313387783E+03));
#378 = CARTESIAN_POINT('',(350.94190666946,-230.3953084924,
    1.074813387808E+03));
#379 = CARTESIAN_POINT('',(480.74384673881,-100.1426177368,
    1.079813387797E+03));
#380 = CARTESIAN_POINT('',(517.22877834148,-6.698263911402,
    1.082313387821E+03));
#381 = CARTESIAN_POINT('',(511.39068908781,101.11869761438,
    1.084813387771E+03));
#382 = CARTESIAN_POINT('',(457.18174206243,201.54358854869,
    1.087313387827E+03));
#383 = CARTESIAN_POINT('',(361.37598296157,270.20915627755,
    1.089813387808E+03));
#384 = CARTESIAN_POINT('',(245.01136438707,288.9968958753,
    1.092313387769E+03));
#385 = CARTESIAN_POINT('',(135.78267207695,255.93844058932,
    1.094813387839E+03));
#386 = CARTESIAN_POINT('',(55.6668724223,183.55032614682,
    1.097313387781E+03));
#387 = CARTESIAN_POINT('',(15.709208299108,91.537378276726,
    1.099813387808E+03));
#388 = CARTESIAN_POINT('',(16.027937166974,-92.34901465864,
    1.104813387796E+03));
#389 = CARTESIAN_POINT('',(56.304330870598,-184.2228934591,
    1.107313387824E+03));
#390 = CARTESIAN_POINT('',(136.67058799867,-256.3328455823,
    1.109813387764E+03));
#391 = CARTESIAN_POINT('',(246.01322341273,-289.0124529145,
    1.112313387838E+03));
#392 = CARTESIAN_POINT('',(362.31201393183,-269.8214395606,
    1.114813387795E+03));
#393 = CARTESIAN_POINT('',(457.87916288564,-200.82416674,
    1.117313387779E+03));
#394 = CARTESIAN_POINT('',(511.73965400967,-100.2119598065,
    1.119813387834E+03));
#395 = CARTESIAN_POINT('',(517.20395262728,7.624592013089,
    1.122313387783E+03));
#396 = CARTESIAN_POINT('',(480.39530849285,100.94190666963,
    1.124813387808E+03));
#397 = CARTESIAN_POINT('',(350.14261773583,230.74384673828,
    1.129813387795E+03));
#398 = CARTESIAN_POINT('',(256.6982639162,267.22877834325,
    1.13231338783E+03));
#399 = CARTESIAN_POINT('',(148.88130237533,261.39068908595,
    1.13481338775E+03));
#400 = CARTESIAN_POINT('',(48.456411464853,207.1817420612,
    1.137313387859E+03));
#401 = CARTESIAN_POINT('',(-20.20915628905,111.37598296791,
    1.139813387772E+03));
#402 = CARTESIAN_POINT('',(-38.99689586937,-4.988635622111,
    1.142313387796E+03));
#403 = CARTESIAN_POINT('',(-5.938440590666,-114.2173279155,
    1.144813387824E+03));
#404 = CARTESIAN_POINT('',(66.449673852922,-194.333127581,
    1.147313387787E+03));
#405 = CARTESIAN_POINT('',(158.46262172341,-234.2907917004,
    1.149813387808E+03));
#406 = CARTESIAN_POINT('',(342.3490146587,-233.9720628325,
    1.154813387795E+03));
#407 = CARTESIAN_POINT('',(434.22289345798,-193.6956691327,
    1.157313387831E+03));
#408 = CARTESIAN_POINT('',(506.33284558633,-113.3294119946,
    1.159813387746E+03));
#409 = CARTESIAN_POINT('',(539.01245290665,-3.986776594034,
    1.162313387867E+03));
#410 = CARTESIAN_POINT('',(519.82143957146,112.31201393419,
    1.164813387761E+03));
#411 = CARTESIAN_POINT('',(450.82416672961,207.87916288866,
    1.167313387807E+03));
#412 = CARTESIAN_POINT('',(350.21195981362,261.73965400467,
    1.169813387816E+03));
#413 = CARTESIAN_POINT('',(242.37540798362,267.20395263076,
    1.172313387791E+03));
#414 = CARTESIAN_POINT('',(149.05809333128,230.39530849157,
    1.174813387806E+03));
#415 = CARTESIAN_POINT('',(19.256153260617,100.14261773742,
    1.179813387798E+03));
#416 = CARTESIAN_POINT('',(-17.22877833988,6.698263909628,
    1.182313387817E+03));
#417 = CARTESIAN_POINT('',(-11.39068909044,-101.1186976109,
    1.184813387779E+03));
#418 = CARTESIAN_POINT('',(42.818257940149,-201.5435885531,
    1.187313387816E+03));
#419 = CARTESIAN_POINT('',(138.62401703725,-270.2091562733,
    1.189813387819E+03));
#420 = CARTESIAN_POINT('',(254.98863561244,-288.996895878,
    1.19231338776E+03));
#421 = CARTESIAN_POINT('',(364.21732792408,-255.9384405881,
    1.194813387844E+03));
#422 = CARTESIAN_POINT('',(444.3331275771,-183.5503261471,
    1.19731338778E+03));
#423 = CARTESIAN_POINT('',(484.29079170093,-91.53737827671,
    1.199813387808E+03));
#424 = CARTESIAN_POINT('',(483.97206283326,92.349014658635,
    1.204813387797E+03));
#425 = CARTESIAN_POINT('',(443.69566912807,184.22289345937,
    1.207313387822E+03));
#426 = CARTESIAN_POINT('',(363.32941200384,256.33284558128,
    1.20981338777E+03));
#427 = CARTESIAN_POINT('',(253.98677658477,289.01245291727,
    1.212313387828E+03));
#428 = CARTESIAN_POINT('',(137.68798606896,269.8214395565,
    1.214813387808E+03));
#429 = CARTESIAN_POINT('',(42.120837115432,200.82416674426,
    1.217313387768E+03));
#430 = CARTESIAN_POINT('',(-11.7396540112,100.21195980371,
    1.21981338784E+03));
#431 = CARTESIAN_POINT('',(-17.20395262654,-7.624592012019,
    1.222313387781E+03));
#432 = CARTESIAN_POINT('',(19.604691507216,-100.9419066696,
    1.224813387808E+03));
#433 = CARTESIAN_POINT('',(149.85738226349,-230.7438467386,
    1.229813387797E+03));
#434 = CARTESIAN_POINT('',(243.30173608756,-267.2287783416,
    1.232313387822E+03));
#435 = CARTESIAN_POINT('',(351.11869761629,-261.3906890876,
    1.234813387768E+03));
#436 = CARTESIAN_POINT('',(451.54358854647,-207.1817420624,
    1.23731338783E+03));
#437 = CARTESIAN_POINT('',(520.2091562791,-111.3759829615,
    1.239813387806E+03));
#438 = CARTESIAN_POINT('',(538.99689587485,4.988635612874,
    1.242313387769E+03));
#439 = CARTESIAN_POINT('',(505.93844058912,114.21732792309,
    1.24481338784E+03));
#440 = CARTESIAN_POINT('',(433.55032614705,194.3331275777,
    1.247313387781E+03));
#441 = CARTESIAN_POINT('',(341.53737827666,234.29079170082,
    1.249813387808E+03));
#442 = CARTESIAN_POINT('',(157.65098534139,233.97206283324,
    1.254813387797E+03));
#443 = CARTESIAN_POINT('',(65.777106540576,193.69566912841,
    1.257313387822E+03));
#444 = CARTESIAN_POINT('',(-6.332845581088,113.32941200304,
    1.25981338777E+03));
#445 = CARTESIAN_POINT('',(-39.01245291784,3.986776586021,
    1.262313387828E+03));
#446 = CARTESIAN_POINT('',(-19.82143955538,-112.3120139325,
    1.264813387808E+03));
#447 = CARTESIAN_POINT('',(49.175833254138,-207.8791628829,
    1.267313387766E+03));
#448 = CARTESIAN_POINT('',(149.78804019799,-261.7396540128,
    1.269813387843E+03));
#449 = CARTESIAN_POINT('',(257.62459201058,-267.203952625,
    1.272313387778E+03));
#450 = CARTESIAN_POINT('',(350.94190667062,-230.3953084938,
    1.27481338781E+03));
#451 = CARTESIAN_POINT('',(480.74384673669,-100.1426177341,
    1.279813387792E+03));
#452 = CARTESIAN_POINT('',(517.2287783491,-6.698263923819,
    1.282313387846E+03));
#453 = CARTESIAN_POINT('',(511.39068907681,101.11869764146,
    1.284813387711E+03));
#454 = CARTESIAN_POINT('',(457.18174206704,201.54358851158,
    1.28731338792E+03));
#455 = CARTESIAN_POINT('',(361.37598297209,270.20915631135,
    1.289813387704E+03));
#456 = CARTESIAN_POINT('',(245.01136436508,288.99689585527,
    1.292313387853E+03));
#457 = CARTESIAN_POINT('',(135.78267209747,255.93844059618,
    1.294813387791E+03));
#458 = CARTESIAN_POINT('',(55.666872411719,183.55032614608,
    1.2973133878E+03));
#459 = CARTESIAN_POINT('',(15.709208301324,91.537378276511,
    1.299813387805E+03));
#460 = CARTESIAN_POINT('',(16.027937166346,-92.3490146586,
    1.304813387797E+03));
#461 = CARTESIAN_POINT('',(56.304330869813,-184.2228934588,
    1.307313387826E+03));
#462 = CARTESIAN_POINT('',(136.67058800182,-256.332845583,
    1.309813387758E+03));
#463 = CARTESIAN_POINT('',(246.0132234079,-289.0124529142,
    1.312313387847E+03));
#464 = CARTESIAN_POINT('',(362.31201393637,-269.8214395598,
    1.314813387788E+03));
#465 = CARTESIAN_POINT('',(457.87916288269,-200.8241667422,
    1.317313387781E+03));
#466 = CARTESIAN_POINT('',(511.73965401132,-100.2119598039,
    1.319813387836E+03));
#467 = CARTESIAN_POINT('',(517.20395262613,7.624592011122,
    1.32231338778E+03));
#468 = CARTESIAN_POINT('',(480.39530849377,100.94190667071,
    1.324813387811E+03));
#469 = CARTESIAN_POINT('',(350.14261773376,230.74384673626,
    1.329813387791E+03));
#470 = CARTESIAN_POINT('',(256.69826392647,267.2287783508,
    1.332313387852E+03));
#471 = CARTESIAN_POINT('',(148.8813023523,261.3906890746,
    1.334813387696E+03));
#472 = CARTESIAN_POINT('',(48.456411497386,207.18174206684,
    1.337313387945E+03));
#473 = CARTESIAN_POINT('',(-20.20915631998,111.37598297717,
    1.339813387674E+03));
#474 = CARTESIAN_POINT('',(-38.99689584971,-4.988635643609,
    1.342313387879E+03));
#475 = CARTESIAN_POINT('',(-5.938440598398,-114.2173278943,
    1.344813387774E+03));
#476 = CARTESIAN_POINT('',(66.449673854295,-194.3331275931,
    1.347313387808E+03));
#477 = CARTESIAN_POINT('',(158.46262172357,-234.2907916968,
    1.349813387802E+03));
#478 = CARTESIAN_POINT('',(342.34901465841,-233.9720628363,
    1.354813387801E+03));
#479 = CARTESIAN_POINT('',(434.22289346092,-193.6956691195,
    1.357313387808E+03));
#480 = CARTESIAN_POINT('',(506.33284557577,-113.3294120183,
    1.3598133878E+03));
#481 = CARTESIAN_POINT('',(539.01245292917,-3.986776569294,
    1.362313387781E+03));
#482 = CARTESIAN_POINT('',(519.82143953937,112.31201392214,
    1.364813387861E+03));
#483 = CARTESIAN_POINT('',(450.82416676127,207.87916288451,
    1.367313387723E+03));
#484 = CARTESIAN_POINT('',(350.21195979215,261.73965401565,
    1.369813387867E+03));
#485 = CARTESIAN_POINT('',(242.375407993,267.2039526231,
    1.37231338777E+03));
#486 = CARTESIAN_POINT('',(149.0580933293,230.39530849376,
    1.37481338781E+03));
#487 = CARTESIAN_POINT('',(19.256153261894,100.14261773598,
    1.379813387795E+03));
#488 = CARTESIAN_POINT('',(-17.22877834282,6.698263913432,
    1.382313387824E+03));
#489 = CARTESIAN_POINT('',(-11.39068908595,-101.1186976177,
    1.384813387766E+03));
#490 = CARTESIAN_POINT('',(42.818257935688,-201.5435885448,
    1.387313387833E+03));
#491 = CARTESIAN_POINT('',(138.6240170398,-270.2091562805,
    1.389813387803E+03));
#492 = CARTESIAN_POINT('',(254.98863561204,-288.9968958739,
    1.392313387771E+03));
#493 = CARTESIAN_POINT('',(364.21732792365,-255.9384405895,
    1.39481338784E+03));
#494 = CARTESIAN_POINT('',(444.33312757715,-183.5503261469,
    1.39731338778E+03));
#495 = CARTESIAN_POINT('',(484.29079170131,-91.53737827668,
    1.399813387809E+03));
#496 = CARTESIAN_POINT('',(484.1314272667,0.405818190966,
    1.402313387802E+03));
#497 = CARTESIAN_POINT('',(460.,1.057933307904,980.80224716494));
#498 = CARTESIAN_POINT('',(459.58455055271,83.524740464444,
    983.30224716493));
#499 = CARTESIAN_POINT('',(423.18684794939,165.81047145017,
    985.80224716498));
#500 = CARTESIAN_POINT('',(350.88963071744,230.25037840682,
    988.30224716483));
#501 = CARTESIAN_POINT('',(252.71928749443,259.23785611699,
    990.80224716514));
#502 = CARTESIAN_POINT('',(148.46344765605,241.68002475812,
    993.30224716469));
#503 = CARTESIAN_POINT('',(62.950210947364,179.51054827503,
    995.80224716515));
#504 = CARTESIAN_POINT('',(14.938932324188,89.10807400299,
    998.30224716482));
#505 = CARTESIAN_POINT('',(10.35741516384,-7.630743956537,
    1.000802247165E+03));
#506 = CARTESIAN_POINT('',(43.64904208387,-91.22142442194,
    1.003302247165E+03));
#507 = CARTESIAN_POINT('',(160.86225345076,-207.2595673077,
    1.008302247165E+03));
#508 = CARTESIAN_POINT('',(244.78411415768,-239.7073033503,
    1.010802247165E+03));
#509 = CARTESIAN_POINT('',(341.47186190989,-234.1513459752,
    1.013302247165E+03));
#510 = CARTESIAN_POINT('',(431.38601937343,-185.2316726266,
    1.015802247165E+03));
#511 = CARTESIAN_POINT('',(492.69076908468,-99.09639968401,
    1.018302247165E+03));
#512 = CARTESIAN_POINT('',(509.19730023823,5.331048279299,
    1.020802247165E+03));
#513 = CARTESIAN_POINT('',(479.22219833255,103.20435156042,
    1.023302247165E+03));
#514 = CARTESIAN_POINT('',(414.05714600159,174.84864759584,
    1.025802247165E+03));
#515 = CARTESIAN_POINT('',(331.40887384854,210.41544944514,
    1.028302247165E+03));
#516 = CARTESIAN_POINT('',(166.47525953561,209.58455055364,
    1.033302247165E+03));
#517 = CARTESIAN_POINT('',(84.189528549869,173.18684794851,
    1.035802247165E+03));
#518 = CARTESIAN_POINT('',(19.749621592453,100.88963071793,
    1.038302247165E+03));
#519 = CARTESIAN_POINT('',(-9.237856114791,2.719287494088,
    1.040802247165E+03));
#520 = CARTESIAN_POINT('',(8.319975238114,-101.536552343,
    1.043302247165E+03));
#521 = CARTESIAN_POINT('',(70.489451729135,-187.0497890542,
    1.045802247165E+03));
#522 = CARTESIAN_POINT('',(160.89192599391,-235.0610676741,
    1.048302247165E+03));
#523 = CARTESIAN_POINT('',(257.63074395801,-239.6425848372,
    1.050802247165E+03));
#524 = CARTESIAN_POINT('',(341.22142442156,-206.3509579157,
    1.053302247165E+03));
#525 = CARTESIAN_POINT('',(457.25956730811,-89.13774654967,
    1.058302247165E+03));
#526 = CARTESIAN_POINT('',(489.70730334934,-5.21588584056,
    1.060802247165E+03));
#527 = CARTESIAN_POINT('',(484.15134597672,91.471861906196,
    1.063302247165E+03));
#528 = CARTESIAN_POINT('',(435.23167262593,181.38601937841,
    1.065802247166E+03));
#529 = CARTESIAN_POINT('',(349.09639968291,242.69076908018,
    1.068302247164E+03));
#530 = CARTESIAN_POINT('',(244.66895172322,259.19730024089,
    1.070802247166E+03));
#531 = CARTESIAN_POINT('',(146.79564843709,229.22219833162,
    1.073302247165E+03));
#532 = CARTESIAN_POINT('',(75.151352405596,164.05714600169,
    1.075802247165E+03));
#533 = CARTESIAN_POINT('',(39.584550554369,81.408873848588,
    1.078302247165E+03));
#534 = CARTESIAN_POINT('',(40.415449446985,-83.52474046444,
    1.083302247165E+03));
#535 = CARTESIAN_POINT('',(76.813152049003,-165.8104714495,
    1.085802247165E+03));
#536 = CARTESIAN_POINT('',(149.11036928702,-230.2503784093,
    1.088302247165E+03));
#537 = CARTESIAN_POINT('',(247.28071249964,-259.2378561114,
    1.090802247165E+03));
#538 = CARTESIAN_POINT('',(351.5365523483,-241.6800247659,
    1.093302247165E+03));
#539 = CARTESIAN_POINT('',(437.04978905126,-179.5105482676,
    1.095802247165E+03));
#540 = CARTESIAN_POINT('',(485.0610676755,-89.10807400738,
    1.098302247165E+03));
#541 = CARTESIAN_POINT('',(489.64258483628,7.630743957776,
    1.100802247165E+03));
#542 = CARTESIAN_POINT('',(456.35095791664,91.221424422322,
    1.103302247165E+03));
#543 = CARTESIAN_POINT('',(339.1377465475,207.25956730619,
    1.108302247165E+03));
#544 = CARTESIAN_POINT('',(255.21588585148,239.70730335691,
    1.110802247164E+03));
#545 = CARTESIAN_POINT('',(158.52813806943,234.15134596478,
    1.113302247166E+03));
#546 = CARTESIAN_POINT('',(68.613980655714,185.2316726337,
    1.115802247163E+03));
#547 = CARTESIAN_POINT('',(7.309230887769,99.096399687729,
    1.118302247167E+03));
#548 = CARTESIAN_POINT('',(-9.197300220871,-5.331048292022,
    1.120802247163E+03));
#549 = CARTESIAN_POINT('',(20.777801660644,-103.2043515479,
    1.123302247166E+03));
#550 = CARTESIAN_POINT('',(85.942853999711,-174.8486476017,
    1.125802247165E+03));
#551 = CARTESIAN_POINT('',(168.59112615143,-210.4154494447,
    1.128302247165E+03));
#552 = CARTESIAN_POINT('',(333.52474046449,-209.5845505515,
    1.133302247165E+03));
#553 = CARTESIAN_POINT('',(415.81047144781,-173.1868479603,
    1.135802247164E+03));
#554 = CARTESIAN_POINT('',(480.25037841683,-100.8896306938,
    1.138302247167E+03));
#555 = CARTESIAN_POINT('',(509.23785609409,-2.719287521563,
    1.140802247162E+03));
#556 = CARTESIAN_POINT('',(491.68002479202,101.53655235945,
    1.143302247168E+03));
#557 = CARTESIAN_POINT('',(429.51054824073,187.04978905423,
    1.145802247162E+03));
#558 = CARTESIAN_POINT('',(339.10807402673,235.06106766579,
    1.148302247167E+03));
#559 = CARTESIAN_POINT('',(242.36925603283,239.64258484381,
    1.150802247164E+03));
#560 = CARTESIAN_POINT('',(158.77857558045,206.35095791374,
    1.153302247165E+03));
#561 = CARTESIAN_POINT('',(42.74043269043,89.137746551165,
    1.158302247165E+03));
#562 = CARTESIAN_POINT('',(10.292696654383,5.215885836057,
    1.160802247165E+03));
#563 = CARTESIAN_POINT('',(15.848654017573,-91.47186189744,
    1.163302247164E+03));
#564 = CARTESIAN_POINT('',(64.768327379012,-181.38601939,
    1.165802247167E+03));
#565 = CARTESIAN_POINT('',(150.90360031587,-242.6907690695,
    1.168302247163E+03));
#566 = CARTESIAN_POINT('',(255.33104827431,-259.1973002475,
    1.170802247166E+03));
#567 = CARTESIAN_POINT('',(353.20435156613,-229.2221983289,
    1.173302247164E+03));
#568 = CARTESIAN_POINT('',(424.84864759271,-164.0571460022,
    1.175802247165E+03));
#569 = CARTESIAN_POINT('',(460.41544944576,-81.40887384859,
    1.178302247165E+03));
#570 = CARTESIAN_POINT('',(459.5845505536,83.524740464457,
    1.183302247165E+03));
#571 = CARTESIAN_POINT('',(423.18684794767,165.81047145017,
    1.185802247165E+03));
#572 = CARTESIAN_POINT('',(350.88963071949,230.25037840641,
    1.188302247165E+03));
#573 = CARTESIAN_POINT('',(252.71928749352,259.23785611855,
    1.190802247165E+03));
#574 = CARTESIAN_POINT('',(148.4634476547,241.68002475512,
    1.193302247164E+03));
#575 = CARTESIAN_POINT('',(62.950210950366,179.51054827861,
    1.195802247166E+03));
#576 = CARTESIAN_POINT('',(14.938932321352,89.108074000217,
    1.198302247165E+03));
#577 = CARTESIAN_POINT('',(10.357415165348,-7.630743955199,
    1.200802247165E+03));
#578 = CARTESIAN_POINT('',(43.649042083503,-91.22142442224,
    1.203302247165E+03));
#579 = CARTESIAN_POINT('',(160.86225345098,-207.2595673075,
    1.208302247165E+03));
#580 = CARTESIAN_POINT('',(244.78411415726,-239.7073033508,
    1.210802247165E+03));
#581 = CARTESIAN_POINT('',(341.47186191036,-234.1513459739,
    1.213302247165E+03));
#582 = CARTESIAN_POINT('',(431.3860193732,-185.2316726297,
    1.215802247165E+03));
#583 = CARTESIAN_POINT('',(492.6907690845,-99.09639967912,
    1.218302247165E+03));
#584 = CARTESIAN_POINT('',(509.19730023867,5.331048273947,
    1.220802247165E+03));
#585 = CARTESIAN_POINT('',(479.22219833218,103.20435156436,
    1.223302247165E+03));
#586 = CARTESIAN_POINT('',(414.05714600174,174.848647594,
    1.225802247165E+03));
#587 = CARTESIAN_POINT('',(331.40887384853,210.41544944552,
    1.228302247165E+03));
#588 = CARTESIAN_POINT('',(166.47525953561,209.5845505535,
    1.233302247165E+03));
#589 = CARTESIAN_POINT('',(84.189528549533,173.18684794863,
    1.235802247165E+03));
#590 = CARTESIAN_POINT('',(19.749621594464,100.88963071731,
    1.238302247165E+03));
#591 = CARTESIAN_POINT('',(-9.237856120536,2.719287496608,
    1.240802247166E+03));
#592 = CARTESIAN_POINT('',(8.319975248334,-101.5365523486,
    1.243302247164E+03));
#593 = CARTESIAN_POINT('',(70.489451716722,-187.0497890463,
    1.245802247166E+03));
#594 = CARTESIAN_POINT('',(160.89192600467,-235.0610676819,
    1.248302247164E+03));
#595 = CARTESIAN_POINT('',(257.63074395114,-239.6425848314,
    1.250802247165E+03));
#596 = CARTESIAN_POINT('',(341.22142442492,-206.350957919,
    1.253302247165E+03));
#597 = CARTESIAN_POINT('',(457.25956730206,-89.13774654339,
    1.258302247165E+03));
#598 = CARTESIAN_POINT('',(489.70730337195,-5.215885870788,
    1.260802247163E+03));
#599 = CARTESIAN_POINT('',(484.15134594141,91.471861973416,
    1.263302247169E+03));
#600 = CARTESIAN_POINT('',(435.23167264834,181.38601928379,
    1.265802247158E+03));
#601 = CARTESIAN_POINT('',(349.09639969891,242.69076916995,
    1.268302247173E+03));
#602 = CARTESIAN_POINT('',(244.66895167474,259.19730018382,
    1.270802247158E+03));
#603 = CARTESIAN_POINT('',(146.79564848584,229.2221983543,
    1.273302247169E+03));
#604 = CARTESIAN_POINT('',(75.151352379615,164.05714599729,
    1.275802247164E+03));
#605 = CARTESIAN_POINT('',(39.584550559897,81.40887384849,
    1.278302247165E+03));
#606 = CARTESIAN_POINT('',(40.415449445534,-83.52474046433,
    1.283302247165E+03));
#607 = CARTESIAN_POINT('',(76.813152046271,-165.8104714498,
    1.285802247165E+03));
#608 = CARTESIAN_POINT('',(149.1103692969,-230.2503784084,
    1.288302247165E+03));
#609 = CARTESIAN_POINT('',(247.28071248432,-259.2378561137,
    1.290802247165E+03));
#610 = CARTESIAN_POINT('',(351.5365523632,-241.6800247613,
    1.293302247165E+03));
#611 = CARTESIAN_POINT('',(437.04978904118,-179.5105482741,
    1.295802247165E+03));
#612 = CARTESIAN_POINT('',(485.06106768102,-89.10807400096,
    1.298302247164E+03));
#613 = CARTESIAN_POINT('',(489.64258483295,7.630743953004,
    1.300802247165E+03));
#614 = CARTESIAN_POINT('',(456.35095791898,91.221424425059,
    1.303302247165E+03));
#615 = CARTESIAN_POINT('',(339.13774654229,207.25956730092,
    1.308302247165E+03));
#616 = CARTESIAN_POINT('',(255.21588587751,239.70730337672,
    1.310802247163E+03));
#617 = CARTESIAN_POINT('',(158.52813801075,234.15134593478,
    1.313302247171E+03));
#618 = CARTESIAN_POINT('',(68.613980739339,185.23167264926,
    1.315802247155E+03));
#619 = CARTESIAN_POINT('',(7.309230807203,99.096399710533,
    1.318302247176E+03));
#620 = CARTESIAN_POINT('',(-9.197300168466,-5.331048346618,
    1.320802247156E+03));
#621 = CARTESIAN_POINT('',(20.777801638972,-103.2043514934,
    1.32330224717E+03));
#622 = CARTESIAN_POINT('',(85.942854004327,-174.8486476328,
    1.325802247163E+03));
#623 = CARTESIAN_POINT('',(168.59112615145,-210.4154494353,
    1.328302247165E+03));
#624 = CARTESIAN_POINT('',(333.52474046426,-209.5845505613,
    1.333302247165E+03));
#625 = CARTESIAN_POINT('',(415.81047145334,-173.186847926,
    1.335802247166E+03));
#626 = CARTESIAN_POINT('',(480.25037839367,-100.8896307563,
    1.338302247162E+03));
#627 = CARTESIAN_POINT('',(509.23785614734,-2.719287454442,
    1.34080224717E+03));
#628 = CARTESIAN_POINT('',(491.68002471261,101.53655232293,
    1.343302247159E+03));
#629 = CARTESIAN_POINT('',(429.51054832157,187.0497890494,
    1.34580224717E+03));
#630 = CARTESIAN_POINT('',(339.1080739706,235.06106768992,
    1.348302247162E+03));
#631 = CARTESIAN_POINT('',(242.36925605784,239.64258482595,
    1.350802247166E+03));
#632 = CARTESIAN_POINT('',(158.77857557507,206.35095791897,
    1.353302247165E+03));
#633 = CARTESIAN_POINT('',(42.74043269389,89.137746547658,
    1.358302247165E+03));
#634 = CARTESIAN_POINT('',(10.29269664638,5.215885845437,
    1.360802247165E+03));
#635 = CARTESIAN_POINT('',(15.848654029915,-91.47186191449,
    1.363302247165E+03));
#636 = CARTESIAN_POINT('',(64.768327366485,-181.3860193684,
    1.365802247164E+03));
#637 = CARTESIAN_POINT('',(150.90360032351,-242.6907690884,
    1.368302247165E+03));
#638 = CARTESIAN_POINT('',(255.33104827249,-259.1973002363,
    1.370802247165E+03));
#639 = CARTESIAN_POINT('',(353.20435156547,-229.222198333,
    1.373302247165E+03));
#640 = CARTESIAN_POINT('',(424.8486475927,-164.0571460015,
    1.375802247165E+03));
#641 = CARTESIAN_POINT('',(460.41544944678,-81.4088738485,
    1.378302247165E+03));
#642 = CARTESIAN_POINT('',(459.99999999866,1.057933307905,
    1.380802247165E+03));
#643 = CARTESIAN_POINT('',(435.86857273278,0.405818190969,
    1.002313387803E+03));
#644 = CARTESIAN_POINT('',(435.70920829854,73.396236036325,
    1.004813387809E+03));
#645 = CARTESIAN_POINT('',(403.70236796683,146.31729130611,
    1.007313387782E+03));
#646 = CARTESIAN_POINT('',(339.87665435702,203.53413614959,
    1.009813387839E+03));
#647 = CARTESIAN_POINT('',(253.06170015896,229.43826048282,
    1.012313387773E+03));
#648 = CARTESIAN_POINT('',(160.74303093473,214.16163756383,
    1.014813387803E+03));
#649 = CARTESIAN_POINT('',(84.900280381806,159.35297910241,
    1.017313387833E+03));
#650 = CARTESIAN_POINT('',(42.178275436051,79.461238297629,
    1.019813387769E+03));
#651 = CARTESIAN_POINT('',(37.878890154147,-6.14836588691,
    1.022313387823E+03));
#652 = CARTESIAN_POINT('',(67.133321514104,-80.21655323482,
    1.024813387798E+03));
#653 = CARTESIAN_POINT('',(170.58273569805,-183.2152167319,
    1.029813387809E+03));
#654 = CARTESIAN_POINT('',(244.77796221342,-212.1459355603,
    1.032313387783E+03));
#655 = CARTESIAN_POINT('',(330.36797610904,-207.4727596417,
    1.034813387837E+03));
#656 = CARTESIAN_POINT('',(410.07240090494,-164.4022987939,
    1.037313387775E+03));
#657 = CARTESIAN_POINT('',(464.54935428767,-88.32093809852,
    1.039813387802E+03));
#658 = CARTESIAN_POINT('',(479.42270343797,4.063559189255,
    1.042313387834E+03));
#659 = CARTESIAN_POINT('',(453.13973115966,90.764570274991,
    1.044813387768E+03));
#660 = CARTESIAN_POINT('',(395.64472399267,154.33982641672,
    1.047313387823E+03));
#661 = CARTESIAN_POINT('',(322.58459965472,186.02793716621,
    1.049813387798E+03));
#662 = CARTESIAN_POINT('',(176.60376396343,185.70920829886,
    1.054813387809E+03));
#663 = CARTESIAN_POINT('',(103.68270869466,153.70236796669,
    1.057313387783E+03));
#664 = CARTESIAN_POINT('',(46.465863848654,89.876654356697,
    1.059813387839E+03));
#665 = CARTESIAN_POINT('',(20.561739519977,3.061700159657,
    1.062313387772E+03));
#666 = CARTESIAN_POINT('',(35.83836243293,-89.25696906584,
    1.064813387806E+03));
#667 = CARTESIAN_POINT('',(90.64702090028,-165.099719618,
    1.067313387829E+03));
#668 = CARTESIAN_POINT('',(170.53876170078,-207.8217245636,
    1.069813387771E+03));
#669 = CARTESIAN_POINT('',(256.14836588753,-212.1211098461,
    1.072313387822E+03));
#670 = CARTESIAN_POINT('',(330.21655323468,-182.8666784857,
    1.074813387798E+03));
#671 = CARTESIAN_POINT('',(433.21521673209,-79.41726430208,
    1.079813387808E+03));
#672 = CARTESIAN_POINT('',(462.14593556,-5.222037785949,
    1.082313387785E+03));
#673 = CARTESIAN_POINT('',(457.4727596422,80.367976107553,
    1.084813387834E+03));
#674 = CARTESIAN_POINT('',(414.40229879397,160.07240090727,
    1.08731338778E+03));
#675 = CARTESIAN_POINT('',(338.32093809763,214.54935428512,
    1.089813387796E+03));
#676 = CARTESIAN_POINT('',(245.93644081217,229.42270343993,
    1.092313387838E+03));
#677 = CARTESIAN_POINT('',(159.23542972375,203.13973115863,
    1.094813387766E+03));
#678 = CARTESIAN_POINT('',(95.660173583959,145.64472399299,
    1.097313387824E+03));
#679 = CARTESIAN_POINT('',(63.972062833573,72.58459965471,
    1.099813387797E+03));
#680 = CARTESIAN_POINT('',(64.290791701397,-73.39623603663,
    1.104813387809E+03));
#681 = CARTESIAN_POINT('',(96.297632032229,-146.3172913046,
    1.107313387781E+03));
#682 = CARTESIAN_POINT('',(160.12334564562,-203.5341361533,
    1.109813387842E+03));
#683 = CARTESIAN_POINT('',(246.938299837,-229.4382604763,
    1.112313387767E+03));
#684 = CARTESIAN_POINT('',(339.25696906922,-214.1616375714,
    1.114813387811E+03));
#685 = CARTESIAN_POINT('',(415.0997196156,-159.3529790961,
    1.117313387826E+03));
#686 = CARTESIAN_POINT('',(457.82172456511,-79.4612383011,
    1.119813387772E+03));
#687 = CARTESIAN_POINT('',(462.1211098454,6.148365887967,
    1.122313387822E+03));
#688 = CARTESIAN_POINT('',(432.86667848617,80.216553234887,
    1.124813387797E+03));
#689 = CARTESIAN_POINT('',(329.41726430126,183.21521673139,
    1.12981338781E+03));
#690 = CARTESIAN_POINT('',(255.22203779025,212.14593556278,
    1.132313387775E+03));
#691 = CARTESIAN_POINT('',(169.63202388226,207.47275963801,
    1.134813387858E+03));
#692 = CARTESIAN_POINT('',(89.927599108205,164.40229879614,
    1.137313387742E+03));
#693 = CARTESIAN_POINT('',(35.450645698625,88.320938100589,
    1.139813387838E+03));
#694 = CARTESIAN_POINT('',(20.577296572021,-4.063559194715,
    1.142313387806E+03));
#695 = CARTESIAN_POINT('',(46.860268835351,-90.76457026983,
    1.144813387783E+03));
#696 = CARTESIAN_POINT('',(104.35527600889,-154.3398264191,
    1.147313387819E+03));
#697 = CARTESIAN_POINT('',(177.41540034503,-186.027937166,
    1.149813387798E+03));
#698 = CARTESIAN_POINT('',(323.39623603677,-185.709208298,
    1.15481338781E+03));
#699 = CARTESIAN_POINT('',(396.31729130377,-153.7023679713,
    1.157313387773E+03));
#700 = CARTESIAN_POINT('',(453.53413615669,-89.87665434693,
    1.159813387863E+03));
#701 = CARTESIAN_POINT('',(479.43826046893,-3.061700171445,
    1.162313387732E+03));
#702 = CARTESIAN_POINT('',(464.16163758254,89.256969074009,
    1.164813387851E+03));
#703 = CARTESIAN_POINT('',(409.35297908471,165.09971961618,
    1.167313387792E+03));
#704 = CARTESIAN_POINT('',(329.46123830926,207.82172456178,
    1.169813387793E+03));
#705 = CARTESIAN_POINT('',(243.8516341081,212.1211098481,
    1.172313387813E+03));
#706 = CARTESIAN_POINT('',(169.78344676624,182.8666784851,
    1.1748133878E+03));
#707 = CARTESIAN_POINT('',(66.784783267261,79.417264302625,
    1.179813387807E+03));
#708 = CARTESIAN_POINT('',(37.854064441585,5.222037784194,
    1.182313387789E+03));
#709 = CARTESIAN_POINT('',(42.527240355357,-80.36797610403,
    1.184813387825E+03));
#710 = CARTESIAN_POINT('',(85.597701208242,-160.072400912,
    1.187313387792E+03));
#711 = CARTESIAN_POINT('',(161.6790619016,-214.5493542806,
    1.189813387783E+03));
#712 = CARTESIAN_POINT('',(254.06355918708,-229.4227034427,
    1.192313387848E+03));
#713 = CARTESIAN_POINT('',(340.76457027739,-203.1397311574,
    1.19481338776E+03));
#714 = CARTESIAN_POINT('',(404.33982641542,-145.6447239932,
    1.197313387826E+03));
#715 = CARTESIAN_POINT('',(436.02793716647,-72.58459965468,
    1.199813387797E+03));
#716 = CARTESIAN_POINT('',(435.70920829884,73.396236036587,
    1.204813387809E+03));
#717 = CARTESIAN_POINT('',(403.70236796638,146.31729130521,
    1.207313387784E+03));
#718 = CARTESIAN_POINT('',(339.87665435726,203.53413615131,
    1.209813387835E+03));
#719 = CARTESIAN_POINT('',(253.06170015951,229.43826048081,
    1.212313387779E+03));
#720 = CARTESIAN_POINT('',(160.74303093319,214.16163756515,
    1.214813387797E+03));
#721 = CARTESIAN_POINT('',(84.900280383761,159.35297910224,
    1.217313387839E+03));
#722 = CARTESIAN_POINT('',(42.17827543455,79.461238297153,
    1.219813387765E+03));
#723 = CARTESIAN_POINT('',(37.878890154843,-6.148365886493,
    1.222313387825E+03));
#724 = CARTESIAN_POINT('',(67.133321513959,-80.21655323495,
    1.224813387797E+03));
#725 = CARTESIAN_POINT('',(170.58273569812,-183.2152167318,
    1.229813387809E+03));
#726 = CARTESIAN_POINT('',(244.77796221339,-212.1459355606,
    1.232313387783E+03));
#727 = CARTESIAN_POINT('',(330.3679761088,-207.472759641,
    1.234813387837E+03));
#728 = CARTESIAN_POINT('',(410.07240090565,-164.4022987954,
    1.237313387776E+03));
#729 = CARTESIAN_POINT('',(464.54935428652,-88.32093809618,
    1.239813387799E+03));
#730 = CARTESIAN_POINT('',(479.42270343914,4.063559186816,
    1.242313387837E+03));
#731 = CARTESIAN_POINT('',(453.13973115888,90.764570276728,
    1.244813387765E+03));
#732 = CARTESIAN_POINT('',(395.64472399299,154.33982641593,
    1.247313387825E+03));
#733 = CARTESIAN_POINT('',(322.58459965468,186.02793716637,
    1.249813387797E+03));
#734 = CARTESIAN_POINT('',(176.60376396344,185.7092082988,
    1.254813387809E+03));
#735 = CARTESIAN_POINT('',(103.68270869464,153.70236796674,
    1.257313387784E+03));
#736 = CARTESIAN_POINT('',(46.465863849126,89.876654356476,
    1.259813387836E+03));
#737 = CARTESIAN_POINT('',(20.561739518212,3.061700160617,
    1.262313387778E+03));
#738 = CARTESIAN_POINT('',(35.83836243646,-89.25696906798,
    1.264813387796E+03));
#739 = CARTESIAN_POINT('',(90.647020895722,-165.099719615,
    1.267313387841E+03));
#740 = CARTESIAN_POINT('',(170.53876170485,-207.8217245667,
    1.269813387761E+03));
#741 = CARTESIAN_POINT('',(256.14836588489,-212.1211098438,
    1.272313387828E+03));
#742 = CARTESIAN_POINT('',(330.21655323597,-182.866678487,
    1.274813387795E+03));
#743 = CARTESIAN_POINT('',(433.21521672976,-79.41726429965,
    1.279813387814E+03));
#744 = CARTESIAN_POINT('',(462.14593556862,-5.22203779806,
    1.282313387756E+03));
#745 = CARTESIAN_POINT('',(457.47275962895,80.367976135487,
    1.284813387903E+03));
#746 = CARTESIAN_POINT('',(414.40229880187,160.0724008661,
    1.28731338767E+03));
#747 = CARTESIAN_POINT('',(338.32093810473,214.54935432669,
    1.289813387919E+03));
#748 = CARTESIAN_POINT('',(245.93644079267,229.42270341094,
    1.292313387739E+03));
#749 = CARTESIAN_POINT('',(159.23542974302,203.1397311721,
    1.294813387822E+03));
#750 = CARTESIAN_POINT('',(95.660173573762,145.64472398929,
    1.297313387803E+03));
#751 = CARTESIAN_POINT('',(63.972062835739,72.584599655039,
    1.299813387801E+03));
#752 = CARTESIAN_POINT('',(64.290791700809,-73.39623603672,
    1.304813387808E+03));
#753 = CARTESIAN_POINT('',(96.297632031278,-146.3172913047,
    1.307313387779E+03));
#754 = CARTESIAN_POINT('',(160.12334564919,-203.5341361528,
    1.309813387849E+03));
#755 = CARTESIAN_POINT('',(246.9382998315,-229.4382604777,
    1.312313387758E+03));
#756 = CARTESIAN_POINT('',(339.25696907448,-214.1616375692,
    1.314813387818E+03));
#757 = CARTESIAN_POINT('',(415.09971961209,-159.3529790988,
    1.317313387825E+03));
#758 = CARTESIAN_POINT('',(457.82172456704,-79.4612382986,
    1.319813387769E+03));
#759 = CARTESIAN_POINT('',(462.12110984416,6.148365886156,
    1.322313387826E+03));
#760 = CARTESIAN_POINT('',(432.86667848709,80.216553235929,
    1.324813387794E+03));
#761 = CARTESIAN_POINT('',(329.4172642992,183.21521672936,
    1.329813387815E+03));
#762 = CARTESIAN_POINT('',(255.22203780073,212.14593557043,
    1.332313387749E+03));
#763 = CARTESIAN_POINT('',(169.63202385814,207.47275962638,
    1.334813387921E+03));
#764 = CARTESIAN_POINT('',(89.927599143397,164.40229880229,
    1.33731338764E+03));
#765 = CARTESIAN_POINT('',(35.450645663652,88.320938109131,
    1.339813387955E+03));
#766 = CARTESIAN_POINT('',(20.57729659582,-4.063559215494,
    1.342313387708E+03));
#767 = CARTESIAN_POINT('',(46.860268824736,-90.76457024904,
    1.344813387842E+03));
#768 = CARTESIAN_POINT('',(104.35527601156,-154.339826431,
    1.347313387794E+03));
#769 = CARTESIAN_POINT('',(177.4154003449,-186.0279371624,
    1.349813387804E+03));
#770 = CARTESIAN_POINT('',(323.39623603669,-185.7092083018,
    1.354813387804E+03));
#771 = CARTESIAN_POINT('',(396.31729130647,-153.7023679577,
    1.3573133878E+03));
#772 = CARTESIAN_POINT('',(453.53413614564,-89.87665437237,
    1.3598133878E+03));
#773 = CARTESIAN_POINT('',(479.43826049375,-3.061700142566,
    1.362313387834E+03));
#774 = CARTESIAN_POINT('',(464.16163754618,89.25696905557,
    1.364813387733E+03));
#775 = CARTESIAN_POINT('',(409.35297912119,165.09971961866,
    1.367313387892E+03));
#776 = CARTESIAN_POINT('',(329.46123828423,207.82172456813,
    1.369813387733E+03));
#777 = CARTESIAN_POINT('',(243.85163411914,212.12110984249,
    1.372313387838E+03));
#778 = CARTESIAN_POINT('',(169.78344676389,182.86667848686,
    1.374813387795E+03));
#779 = CARTESIAN_POINT('',(66.784783268776,79.417264301434,
    1.37981338781E+03));
#780 = CARTESIAN_POINT('',(37.85406443803,5.22203778743,
    1.382313387781E+03));
#781 = CARTESIAN_POINT('',(42.527240360978,-80.3679761099,
    1.384813387841E+03));
#782 = CARTESIAN_POINT('',(85.597701202302,-160.0724009046,
    1.387313387771E+03));
#783 = CARTESIAN_POINT('',(161.67906190553,-214.549354287,
    1.389813387803E+03));
#784 = CARTESIAN_POINT('',(254.06355918578,-229.4227034391,
    1.392313387835E+03));
#785 = CARTESIAN_POINT('',(340.76457027735,-203.1397311586,
    1.394813387766E+03));
#786 = CARTESIAN_POINT('',(404.33982641538,-145.6447239931,
    1.397313387825E+03));
#787 = CARTESIAN_POINT('',(436.02793716685,-72.58459965459,
    1.399813387796E+03));
#788 = CARTESIAN_POINT('',(435.86857273226,0.405818190914,
    1.402313387804E+03));
#789 = CARTESIAN_POINT('',(438.89840294024,-0.384826596407,
    1.028394168287E+03));
#790 = CARTESIAN_POINT('',(439.04952399458,73.795402787178,
    1.030894168293E+03));
#791 = CARTESIAN_POINT('',(406.83402644064,148.04174469889,
    1.033394168269E+03));
#792 = CARTESIAN_POINT('',(342.21391563899,206.46451244337,
    1.035894168318E+03));
#793 = CARTESIAN_POINT('',(254.09572196224,233.16303559531,
    1.038394168261E+03));
#794 = CARTESIAN_POINT('',(160.20751074508,218.03352008713,
    1.040894168287E+03));
#795 = CARTESIAN_POINT('',(82.894069249819,162.65725937732,
    1.043394168313E+03));
#796 = CARTESIAN_POINT('',(39.133372264255,81.647207105593,
    1.045894168257E+03));
#797 = CARTESIAN_POINT('',(34.396733242331,-5.338669743986,
    1.048394168304E+03));
#798 = CARTESIAN_POINT('',(63.810060324132,-80.73902622945,
    1.050894168282E+03));
#799 = CARTESIAN_POINT('',(168.50302933499,-185.8594301276,
    1.055894168292E+03));
#800 = CARTESIAN_POINT('',(243.78291795729,-215.5797251923,
    1.05839416827E+03));
#801 = CARTESIAN_POINT('',(330.78737175685,-211.1975418913,
    1.060894168317E+03));
#802 = CARTESIAN_POINT('',(411.9750508155,-167.7672763642,
    1.063394168262E+03));
#803 = CARTESIAN_POINT('',(467.66585863411,-90.68010252857,
    1.065894168286E+03));
#804 = CARTESIAN_POINT('',(483.17778792274,3.14568569566,
    1.068394168314E+03));
#805 = CARTESIAN_POINT('',(456.83851620833,91.371928588225,
    1.070894168256E+03));
#806 = CARTESIAN_POINT('',(398.67952239143,156.22954154892,
    1.073394168305E+03));
#807 = CARTESIAN_POINT('',(324.56505598033,188.74728188675,
    1.075894168282E+03));
#808 = CARTESIAN_POINT('',(176.20459721259,189.04952399415,
    1.080894168292E+03));
#809 = CARTESIAN_POINT('',(101.95825530169,156.83402644149,
    1.083394168269E+03));
#810 = CARTESIAN_POINT('',(43.535487555686,92.213915637479,
    1.085894168318E+03));
#811 = CARTESIAN_POINT('',(16.836964405552,4.095721964544,
    1.088394168259E+03));
#812 = CARTESIAN_POINT('',(31.966479912609,-89.79248925766,
    1.09089416829E+03));
#813 = CARTESIAN_POINT('',(87.342740622258,-167.1059307476,
    1.09339416831E+03));
#814 = CARTESIAN_POINT('',(168.35279289505,-210.8666277373,
    1.095894168259E+03));
#815 = CARTESIAN_POINT('',(255.33866974355,-215.6032667569,
    1.098394168303E+03));
#816 = CARTESIAN_POINT('',(330.7390262296,-186.189939676,
    1.100894168283E+03));
#817 = CARTESIAN_POINT('',(435.85943012753,-81.49697066482,
    1.105894168292E+03));
#818 = CARTESIAN_POINT('',(465.57972519295,-6.217082043312,
    1.108394168271E+03));
#819 = CARTESIAN_POINT('',(461.19754189012,80.787371757966,
    1.110894168314E+03));
#820 = CARTESIAN_POINT('',(417.7672763659,161.97505081421,
    1.113394168267E+03));
#821 = CARTESIAN_POINT('',(340.6801025272,217.66585863501,
    1.115894168281E+03));
#822 = CARTESIAN_POINT('',(246.85431430501,233.17778792246,
    1.118394168317E+03));
#823 = CARTESIAN_POINT('',(158.62807141169,206.83851620824,
    1.120894168254E+03));
#824 = CARTESIAN_POINT('',(93.770458450937,148.67952239153,
    1.123394168306E+03));
#825 = CARTESIAN_POINT('',(61.252718113353,74.565055980336,
    1.125894168282E+03));
#826 = CARTESIAN_POINT('',(60.950476005674,-73.79540278749,
    1.130894168292E+03));
#827 = CARTESIAN_POINT('',(93.165973559157,-148.0417446977,
    1.133394168268E+03));
#828 = CARTESIAN_POINT('',(157.78608436151,-206.4645124459,
    1.135894168321E+03));
#829 = CARTESIAN_POINT('',(245.90427803609,-233.1630355916,
    1.138394168255E+03));
#830 = CARTESIAN_POINT('',(339.79248925806,-218.0335200907,
    1.140894168294E+03));
#831 = CARTESIAN_POINT('',(417.10593074653,-162.6572593748,
    1.143394168307E+03));
#832 = CARTESIAN_POINT('',(460.86662773836,-81.64720710692,
    1.14589416826E+03));
#833 = CARTESIAN_POINT('',(465.60326675665,5.338669744606,
    1.148394168304E+03));
#834 = CARTESIAN_POINT('',(436.18993967586,80.739026229117,
    1.150894168282E+03));
#835 = CARTESIAN_POINT('',(331.49697066551,185.85943012842,
    1.155894168293E+03));
#836 = CARTESIAN_POINT('',(256.21708203993,215.57972518928,
    1.158394168262E+03));
#837 = CARTESIAN_POINT('',(169.21262824898,211.19754189684,
    1.160894168335E+03));
#838 = CARTESIAN_POINT('',(88.024949177313,167.76727635906,
    1.163394168233E+03));
#839 = CARTESIAN_POINT('',(32.334141371118,90.680102530158,
    1.165894168318E+03));
#840 = CARTESIAN_POINT('',(16.822212075641,-3.145685693331,
    1.168394168289E+03));
#841 = CARTESIAN_POINT('',(43.16148379094,-91.37192859152,
    1.17089416827E+03));
#842 = CARTESIAN_POINT('',(101.32047760951,-156.2295415471,
    1.1733941683E+03));
#843 = CARTESIAN_POINT('',(175.43494401932,-188.7472818868,
    1.175894168282E+03));
#844 = CARTESIAN_POINT('',(323.79540278769,-189.0495239949,
    1.180894168293E+03));
#845 = CARTESIAN_POINT('',(398.04174469767,-156.8340264372,
    1.183394168261E+03));
#846 = CARTESIAN_POINT('',(456.46451244465,-92.21391564575,
    1.18589416834E+03));
#847 = CARTESIAN_POINT('',(483.1630355958,-4.095721955724,
    1.188394168225E+03));
#848 = CARTESIAN_POINT('',(468.03352008359,89.792489253502,
    1.19089416833E+03));
#849 = CARTESIAN_POINT('',(412.65725938279,167.10593074585,
    1.193394168277E+03));
#850 = CARTESIAN_POINT('',(331.64720710082,210.86662774166,
    1.195894168278E+03));
#851 = CARTESIAN_POINT('',(244.66133025851,215.60326675401,
    1.198394168296E+03));
#852 = CARTESIAN_POINT('',(169.26097376988,186.18993967687,
    1.200894168284E+03));
#853 = CARTESIAN_POINT('',(64.140569872869,81.496970664251,
    1.20589416829E+03));
#854 = CARTESIAN_POINT('',(34.420274805972,6.217082044897,
    1.208394168275E+03));
#855 = CARTESIAN_POINT('',(38.802458111442,-80.78737176088,
    1.210894168306E+03));
#856 = CARTESIAN_POINT('',(82.232723632974,-161.9750508105,
    1.213394168278E+03));
#857 = CARTESIAN_POINT('',(159.31989747255,-217.6658586382,
    1.21589416827E+03));
#858 = CARTESIAN_POINT('',(253.14568569638,-233.1777879206,
    1.218394168326E+03));
#859 = CARTESIAN_POINT('',(341.37192858685,-206.8385162087,
    1.220894168249E+03));
#860 = CARTESIAN_POINT('',(406.22954154977,-148.6795223915,
    1.223394168307E+03));
#861 = CARTESIAN_POINT('',(438.74728188657,-74.56505598027,
    1.225894168282E+03));
#862 = CARTESIAN_POINT('',(439.04952399414,73.795402787405,
    1.230894168292E+03));
#863 = CARTESIAN_POINT('',(406.83402644182,148.04174469802,
    1.23339416827E+03));
#864 = CARTESIAN_POINT('',(342.21391563681,206.46451244549,
    1.235894168315E+03));
#865 = CARTESIAN_POINT('',(254.095721965,233.16303559181,
    1.238394168266E+03));
#866 = CARTESIAN_POINT('',(160.20751074276,218.03352009122,
    1.240894168281E+03));
#867 = CARTESIAN_POINT('',(82.894069251003,162.65725937391,
    1.243394168318E+03));
#868 = CARTESIAN_POINT('',(39.133372264049,81.647207107577,
    1.245894168253E+03));
#869 = CARTESIAN_POINT('',(34.396733242188,-5.338669744732,
    1.248394168306E+03));
#870 = CARTESIAN_POINT('',(63.81006032422,-80.73902622932,
    1.250894168282E+03));
#871 = CARTESIAN_POINT('',(168.50302933491,-185.8594301277,
    1.255894168292E+03));
#872 = CARTESIAN_POINT('',(243.78291795758,-215.5797251922,
    1.258394168269E+03));
#873 = CARTESIAN_POINT('',(330.78737175618,-211.1975418915,
    1.260894168317E+03));
#874 = CARTESIAN_POINT('',(411.97505081652,-167.7672763637,
    1.263394168263E+03));
#875 = CARTESIAN_POINT('',(467.66585863299,-90.68010252952,
    1.265894168284E+03));
#876 = CARTESIAN_POINT('',(483.17778792363,3.145685696852,
    1.268394168317E+03));
#877 = CARTESIAN_POINT('',(456.83851620783,91.371928587245,
    1.270894168254E+03));
#878 = CARTESIAN_POINT('',(398.67952239161,156.22954154942,
    1.273394168306E+03));
#879 = CARTESIAN_POINT('',(324.56505598031,188.74728188663,
    1.275894168282E+03));
#880 = CARTESIAN_POINT('',(176.20459721256,189.04952399419,
    1.280894168292E+03));
#881 = CARTESIAN_POINT('',(101.95825530207,156.83402644145,
    1.28339416827E+03));
#882 = CARTESIAN_POINT('',(43.535487554276,92.21391563766,
    1.285894168316E+03));
#883 = CARTESIAN_POINT('',(16.836964408717,4.095721963877,
    1.288394168265E+03));
#884 = CARTESIAN_POINT('',(31.966479907755,-89.79248925616,
    1.290894168281E+03));
#885 = CARTESIAN_POINT('',(87.342740627609,-167.1059307498,
    1.29339416832E+03));
#886 = CARTESIAN_POINT('',(168.35279289068,-210.8666277351,
    1.29589416825E+03));
#887 = CARTESIAN_POINT('',(255.33866974623,-215.6032667587,
    1.298394168309E+03));
#888 = CARTESIAN_POINT('',(330.7390262283,-186.1899396749,
    1.30089416828E+03));
#889 = CARTESIAN_POINT('',(435.85943012985,-81.49697066691,
    1.305894168297E+03));
#890 = CARTESIAN_POINT('',(465.57972518396,-6.217082033685,
    1.308394168245E+03));
#891 = CARTESIAN_POINT('',(461.1975419051,80.787371737747,
    1.310894168375E+03));
#892 = CARTESIAN_POINT('',(417.76727635404,161.97505084051,
    1.31339416817E+03));
#893 = CARTESIAN_POINT('',(340.68010252579,217.665858613,
    1.31589416839E+03));
#894 = CARTESIAN_POINT('',(246.85431431895,233.17778793345,
    1.31839416823E+03));
#895 = CARTESIAN_POINT('',(158.62807139609,206.83851620618,
    1.320894168304E+03));
#896 = CARTESIAN_POINT('',(93.770458459591,148.67952239063,
    1.323394168287E+03));
#897 = CARTESIAN_POINT('',(61.252718111485,74.565055980826,
    1.325894168285E+03));
#898 = CARTESIAN_POINT('',(60.950476006096,-73.79540278775,
    1.330894168292E+03));
#899 = CARTESIAN_POINT('',(93.165973560513,-148.0417446972,
    1.333394168266E+03));
#900 = CARTESIAN_POINT('',(157.78608435706,-206.4645124466,
    1.335894168327E+03));
#901 = CARTESIAN_POINT('',(245.90427804305,-233.1630355905,
    1.338394168247E+03));
#902 = CARTESIAN_POINT('',(339.79248925106,-218.0335200924,
    1.3408941683E+03));
#903 = CARTESIAN_POINT('',(417.10593075143,-162.6572593725,
    1.343394168306E+03));
#904 = CARTESIAN_POINT('',(460.86662773573,-81.64720710914,
    1.345894168257E+03));
#905 = CARTESIAN_POINT('',(465.603266758,5.338669746289,
    1.348394168307E+03));
#906 = CARTESIAN_POINT('',(436.18993967504,80.739026228128,
    1.350894168279E+03));
#907 = CARTESIAN_POINT('',(331.49697066728,185.85943013032,
    1.355894168298E+03));
#908 = CARTESIAN_POINT('',(256.21708203141,215.57972518214,
    1.358394168239E+03));
#909 = CARTESIAN_POINT('',(169.21262826751,211.19754190763,
    1.360894168391E+03));
#910 = CARTESIAN_POINT('',(88.024949151937,167.76727635354,
    1.363394168143E+03));
#911 = CARTESIAN_POINT('',(32.334141394241,90.680102521815,
    1.365894168421E+03));
#912 = CARTESIAN_POINT('',(16.822212061874,-3.145685673554,
    1.368394168202E+03));
#913 = CARTESIAN_POINT('',(43.16148379573,-91.3719286112,
    1.370894168322E+03));
#914 = CARTESIAN_POINT('',(101.32047760893,-156.2295415359,
    1.373394168279E+03));
#915 = CARTESIAN_POINT('',(175.43494401922,-188.7472818902,
    1.375894168288E+03));
#916 = CARTESIAN_POINT('',(323.79540278765,-189.0495239914,
    1.380894168288E+03));
#917 = CARTESIAN_POINT('',(398.04174469712,-156.834026449,
    1.383394168285E+03));
#918 = CARTESIAN_POINT('',(456.46451244859,-92.21391562514,
    1.385894168284E+03));
#919 = CARTESIAN_POINT('',(483.16303558465,-4.095721976042,
    1.388394168315E+03));
#920 = CARTESIAN_POINT('',(468.03352010226,89.792489261298,
    1.390894168225E+03));
#921 = CARTESIAN_POINT('',(412.65725936228,167.10593075274,
    1.393394168365E+03));
#922 = CARTESIAN_POINT('',(331.64720711589,210.86662772958,
    1.395894168225E+03));
#923 = CARTESIAN_POINT('',(244.66133025149,215.60326676187,
    1.398394168317E+03));
#924 = CARTESIAN_POINT('',(169.26097377146,186.18993967471,
    1.40089416828E+03));
#925 = CARTESIAN_POINT('',(64.140569871854,81.496970665698,
    1.405894168293E+03));
#926 = CARTESIAN_POINT('',(34.420274808282,6.217082041056,
    1.408394168267E+03));
#927 = CARTESIAN_POINT('',(38.802458108009,-80.7873717538,
    1.41089416832E+03));
#928 = CARTESIAN_POINT('',(82.23272363624,-161.9750508196,
    1.413394168259E+03));
#929 = CARTESIAN_POINT('',(159.31989747083,-217.6658586298,
    1.415894168287E+03));
#930 = CARTESIAN_POINT('',(253.14568569648,-233.1777879259,
    1.418394168314E+03));
#931 = CARTESIAN_POINT('',(341.37192858724,-206.8385162066,
    1.420894168255E+03));
#932 = CARTESIAN_POINT('',(406.22954154978,-148.679522392,
    1.423394168306E+03));
#933 = CARTESIAN_POINT('',(438.74728188618,-74.56505598022,
    1.425894168281E+03));
#934 = CARTESIAN_POINT('',(438.89840294073,-0.38482659646,
    1.428394168287E+03));
#935 = CARTESIAN_POINT('',(460.,-0.384826596432,1.028394168287E+03));
#936 = CARTESIAN_POINT('',(460.15112105434,82.081980560366,
    1.030894168287E+03));
#937 = CARTESIAN_POINT('',(424.31999021838,164.61491987981,
    1.033394168287E+03));
#938 = CARTESIAN_POINT('',(352.46798466542,229.54928648914,
    1.035894168287E+03));
#939 = CARTESIAN_POINT('',(254.50018601939,259.21020201342,
    1.038394168287E+03));
#940 = CARTESIAN_POINT('',(150.12733062343,242.36922765036,
    1.040894168287E+03));
#941 = CARTESIAN_POINT('',(64.189941965541,180.78938810481,
    1.043394168287E+03));
#942 = CARTESIAN_POINT('',(15.55925025223,90.719885631616,
    1.045894168287E+03));
#943 = CARTESIAN_POINT('',(10.313285122688,-5.984108750212,
    1.048394168287E+03));
#944 = CARTESIAN_POINT('',(43.029482613233,-89.80061326819,
    1.050894168287E+03));
#945 = CARTESIAN_POINT('',(159.4414422963,-206.6400078386,
    1.055894168287E+03));
#946 = CARTESIAN_POINT('',(243.13747895099,-239.6631733117,
    1.058394168287E+03));
#947 = CARTESIAN_POINT('',(339.86005028283,-234.771663904,
    1.060894168287E+03));
#948 = CARTESIAN_POINT('',(430.10717954375,-186.4714036475,
    1.063394168287E+03));
#949 = CARTESIAN_POINT('',(492.00156619568,-100.7602826512,
    1.065894168287E+03));
#950 = CARTESIAN_POINT('',(509.22495434298,3.550149753562,
    1.068394168287E+03));
#951 = CARTESIAN_POINT('',(479.92329025237,101.62599761433,
    1.070894168287E+03));
#952 = CARTESIAN_POINT('',(415.25269757323,173.71550532679,
    1.073394168287E+03));
#953 = CARTESIAN_POINT('',(332.85163375323,209.8488789465,
    1.075894168287E+03));
#954 = CARTESIAN_POINT('',(167.91801943963,210.1511210539,
    1.080894168287E+03));
#955 = CARTESIAN_POINT('',(85.385080120113,174.31999021928,
    1.083394168287E+03));
#956 = CARTESIAN_POINT('',(20.450713511112,102.46798466376,
    1.085894168287E+03));
#957 = CARTESIAN_POINT('',(-9.210202014012,4.500186022003,
    1.088394168286E+03));
#958 = CARTESIAN_POINT('',(7.630772350545,-99.87266937973,
    1.090894168287E+03));
#959 = CARTESIAN_POINT('',(69.210611894182,-185.8100580315,
    1.093394168286E+03));
#960 = CARTESIAN_POINT('',(159.28011436916,-234.4407497496,
    1.095894168287E+03));
#961 = CARTESIAN_POINT('',(255.98410874979,-239.6867148764,
    1.098394168287E+03));
#962 = CARTESIAN_POINT('',(339.80061326833,-206.9705173869,
    1.100894168287E+03));
#963 = CARTESIAN_POINT('',(456.64000783845,-90.55855770353,
    1.105894168287E+03));
#964 = CARTESIAN_POINT('',(489.66317331248,-6.862521049546,
    1.108394168287E+03));
#965 = CARTESIAN_POINT('',(484.77166390243,89.860050283957,
    1.110894168286E+03));
#966 = CARTESIAN_POINT('',(436.47140364972,180.10717954214,
    1.113394168287E+03));
#967 = CARTESIAN_POINT('',(350.76028264926,242.00156619735,
    1.115894168286E+03));
#968 = CARTESIAN_POINT('',(246.44985024755,259.22495434174,
    1.118394168287E+03));
#969 = CARTESIAN_POINT('',(148.37400238535,229.92329025302,
    1.120894168286E+03));
#970 = CARTESIAN_POINT('',(76.284494673152,165.25269757299,
    1.123394168287E+03));
#971 = CARTESIAN_POINT('',(40.151121053584,82.851633753294,
    1.125894168287E+03));
#972 = CARTESIAN_POINT('',(39.848878945932,-82.08198056044,
    1.130894168287E+03));
#973 = CARTESIAN_POINT('',(75.680009781354,-164.6149198794,
    1.133394168287E+03));
#974 = CARTESIAN_POINT('',(147.53201533515,-229.5492864899,
    1.135894168287E+03));
#975 = CARTESIAN_POINT('',(245.49981397894,-259.2102020123,
    1.138394168286E+03));
#976 = CARTESIAN_POINT('',(349.87266937956,-242.3692276515,
    1.140894168287E+03));
#977 = CARTESIAN_POINT('',(435.81005803103,-180.7893881039,
    1.143394168286E+03));
#978 = CARTESIAN_POINT('',(484.44074975021,-90.71988563225,
    1.145894168287E+03));
#979 = CARTESIAN_POINT('',(489.68671487636,5.984108750684,
    1.148394168287E+03));
#980 = CARTESIAN_POINT('',(456.97051738676,89.80061326784,
    1.150894168287E+03));
#981 = CARTESIAN_POINT('',(340.55855770416,206.64000783942,
    1.155894168287E+03));
#982 = CARTESIAN_POINT('',(256.86252104636,239.66317330836,
    1.158394168286E+03));
#983 = CARTESIAN_POINT('',(160.13994972299,234.7716639102,
    1.160894168288E+03));
#984 = CARTESIAN_POINT('',(69.892820448442,186.47140364134,
    1.163394168284E+03));
#985 = CARTESIAN_POINT('',(7.998433810988,100.76028265376,
    1.165894168289E+03));
#986 = CARTESIAN_POINT('',(-9.224954346396,-3.550149751873,
    1.168394168285E+03));
#987 = CARTESIAN_POINT('',(20.076709748289,-101.6259976173,
    1.170894168288E+03));
#988 = CARTESIAN_POINT('',(84.747302427084,-173.7155053251,
    1.173394168286E+03));
#989 = CARTESIAN_POINT('',(167.14836624654,-209.8488789465,
    1.175894168287E+03));
#990 = CARTESIAN_POINT('',(332.0819805606,-210.1511210547,
    1.180894168287E+03));
#991 = CARTESIAN_POINT('',(414.61491987932,-174.3199902149,
    1.183394168286E+03));
#992 = CARTESIAN_POINT('',(479.54928648892,-102.4679846724,
    1.185894168289E+03));
#993 = CARTESIAN_POINT('',(509.21020201618,-4.500186012125,
    1.188394168284E+03));
#994 = CARTESIAN_POINT('',(492.3692276443,99.87266937396,
    1.19089416829E+03));
#995 = CARTESIAN_POINT('',(430.78938811232,185.81005803138,
    1.193394168284E+03));
#996 = CARTESIAN_POINT('',(340.71988562569,234.4407497528,
    1.195894168288E+03));
#997 = CARTESIAN_POINT('',(244.01589125272,239.68671487405,
    1.198394168286E+03));
#998 = CARTESIAN_POINT('',(160.19938673106,206.97051738769,
    1.200894168287E+03));
#999 = CARTESIAN_POINT('',(43.359992161981,90.558557702996,
    1.205894168287E+03));
#1000 = CARTESIAN_POINT('',(10.33682668644,6.862521051116,
    1.208394168287E+03));
#1001 = CARTESIAN_POINT('',(15.228336099068,-89.86005028688,
    1.210894168286E+03));
#1002 = CARTESIAN_POINT('',(63.528596349305,-180.1071795384,
    1.213394168288E+03));
#1003 = CARTESIAN_POINT('',(149.2397173503,-242.0015662005,
    1.215894168285E+03));
#1004 = CARTESIAN_POINT('',(253.550149754,-259.22495434,
    1.218394168288E+03));
#1005 = CARTESIAN_POINT('',(351.6259976131,-229.9232902535,
    1.220894168286E+03));
#1006 = CARTESIAN_POINT('',(423.71550532759,-165.252697573,
    1.223394168287E+03));
#1007 = CARTESIAN_POINT('',(459.84887894633,-82.85163375323,
    1.225894168287E+03));
#1008 = CARTESIAN_POINT('',(460.15112105389,82.081980560373,
    1.230894168287E+03));
#1009 = CARTESIAN_POINT('',(424.31999021966,164.61491987964,
    1.233394168287E+03));
#1010 = CARTESIAN_POINT('',(352.46798466296,229.54928648991,
    1.235894168287E+03));
#1011 = CARTESIAN_POINT('',(254.5001860227,259.21020201163,
    1.238394168287E+03));
#1012 = CARTESIAN_POINT('',(150.12733062037,242.36922765302,
    1.240894168286E+03));
#1013 = CARTESIAN_POINT('',(64.189941967436,180.78938810216,
    1.243394168287E+03));
#1014 = CARTESIAN_POINT('',(15.559250251549,90.719885633415,
    1.245894168286E+03));
#1015 = CARTESIAN_POINT('',(10.313285122751,-5.984108750984,
    1.248394168287E+03));
#1016 = CARTESIAN_POINT('',(43.029482613278,-89.80061326804,
    1.250894168287E+03));
#1017 = CARTESIAN_POINT('',(159.44144229625,-206.6400078387,
    1.255894168287E+03));
#1018 = CARTESIAN_POINT('',(243.13747895119,-239.6631733116,
    1.258394168287E+03));
#1019 = CARTESIAN_POINT('',(339.86005028242,-234.7716639043,
    1.260894168287E+03));
#1020 = CARTESIAN_POINT('',(430.10717954425,-186.4714036469,
    1.263394168287E+03));
#1021 = CARTESIAN_POINT('',(492.0015661953,-100.7602826522,
    1.265894168287E+03));
#1022 = CARTESIAN_POINT('',(509.22495434313,3.550149754753,
    1.268394168287E+03));
#1023 = CARTESIAN_POINT('',(479.92329025237,101.62599761337,
    1.270894168287E+03));
#1024 = CARTESIAN_POINT('',(415.25269757319,173.71550532727,
    1.273394168287E+03));
#1025 = CARTESIAN_POINT('',(332.85163375326,209.84887894639,
    1.275894168287E+03));
#1026 = CARTESIAN_POINT('',(167.91801943959,210.15112105394,
    1.280894168287E+03));
#1027 = CARTESIAN_POINT('',(85.38508012053,174.31999021925,
    1.283394168287E+03));
#1028 = CARTESIAN_POINT('',(20.450713509653,102.46798466387,
    1.285894168287E+03));
#1029 = CARTESIAN_POINT('',(-9.210202010782,4.500186021522,
    1.288394168287E+03));
#1030 = CARTESIAN_POINT('',(7.630772345599,-99.87266937855,
    1.290894168286E+03));
#1031 = CARTESIAN_POINT('',(69.210611899653,-185.8100580334,
    1.293394168288E+03));
#1032 = CARTESIAN_POINT('',(159.28011436466,-234.4407497476,
    1.295894168286E+03));
#1033 = CARTESIAN_POINT('',(255.98410875258,-239.6867148781,
    1.298394168287E+03));
#1034 = CARTESIAN_POINT('',(339.80061326698,-206.9705173859,
    1.300894168286E+03));
#1035 = CARTESIAN_POINT('',(456.64000784086,-90.55855770554,
    1.305894168287E+03));
#1036 = CARTESIAN_POINT('',(489.66317330305,-6.862521040054,
    1.308394168285E+03));
#1037 = CARTESIAN_POINT('',(484.77166391838,89.860050263345,
    1.310894168292E+03));
#1038 = CARTESIAN_POINT('',(436.47140363641,180.10717957027,
    1.313394168279E+03));
#1039 = CARTESIAN_POINT('',(350.76028264937,242.00156617186,
    1.315894168295E+03));
#1040 = CARTESIAN_POINT('',(246.44985026035,259.22495435672,
    1.31839416828E+03));
#1041 = CARTESIAN_POINT('',(148.37400237034,229.92329024802,
    1.32089416829E+03));
#1042 = CARTESIAN_POINT('',(76.284494681614,165.2526975734,
    1.323394168286E+03));
#1043 = CARTESIAN_POINT('',(40.151121051743,82.851633753544,
    1.325894168287E+03));
#1044 = CARTESIAN_POINT('',(39.848878946334,-82.08198056065,
    1.330894168287E+03));
#1045 = CARTESIAN_POINT('',(75.680009782789,-164.6149198788,
    1.333394168286E+03));
#1046 = CARTESIAN_POINT('',(147.53201533051,-229.5492864911,
    1.335894168287E+03));
#1047 = CARTESIAN_POINT('',(245.49981398618,-259.2102020104,
    1.338394168286E+03));
#1048 = CARTESIAN_POINT('',(349.87266937226,-242.3692276538,
    1.340894168287E+03));
#1049 = CARTESIAN_POINT('',(435.81005803616,-180.7893881014,
    1.343394168287E+03));
#1050 = CARTESIAN_POINT('',(484.44074974746,-90.71988563446,
    1.345894168286E+03));
#1051 = CARTESIAN_POINT('',(489.68671487775,5.984108752302,
    1.348394168287E+03));
#1052 = CARTESIAN_POINT('',(456.97051738595,89.800613266868,
    1.350894168286E+03));
#1053 = CARTESIAN_POINT('',(340.55855770593,206.64000784132,
    1.355894168287E+03));
#1054 = CARTESIAN_POINT('',(256.86252103773,239.66317330119,
    1.358394168284E+03));
#1055 = CARTESIAN_POINT('',(160.13994974209,234.77166392107,
    1.360894168293E+03));
#1056 = CARTESIAN_POINT('',(69.892820421759,186.47140363564,
    1.363394168276E+03));
#1057 = CARTESIAN_POINT('',(7.99843383605,100.76028264568,
    1.365894168298E+03));
#1058 = CARTESIAN_POINT('',(-9.22495436211,-3.55014973238,
    1.368394168277E+03));
#1059 = CARTESIAN_POINT('',(20.076709754415,-101.6259976368,
    1.370894168292E+03));
#1060 = CARTESIAN_POINT('',(84.747302425906,-173.7155053139,
    1.373394168285E+03));
#1061 = CARTESIAN_POINT('',(167.14836624657,-209.8488789499,
    1.375894168287E+03));
#1062 = CARTESIAN_POINT('',(332.08198056047,-210.1511210512,
    1.380894168286E+03));
#1063 = CARTESIAN_POINT('',(414.61491987887,-174.3199902269,
    1.383394168288E+03));
#1064 = CARTESIAN_POINT('',(479.54928649308,-102.4679846511,
    1.385894168284E+03));
#1065 = CARTESIAN_POINT('',(509.21020200402,-4.500186034232,
    1.388394168291E+03));
#1066 = CARTESIAN_POINT('',(492.36922766484,99.87266938451,
    1.390894168281E+03));
#1067 = CARTESIAN_POINT('',(430.78938808968,185.81005803542,
    1.393394168291E+03));
#1068 = CARTESIAN_POINT('',(340.71988564233,234.44074974271,
    1.395894168284E+03));
#1069 = CARTESIAN_POINT('',(244.01589124497,239.68671488103,
    1.398394168288E+03));
#1070 = CARTESIAN_POINT('',(160.1993867328,206.97051738571,
    1.400894168287E+03));
#1071 = CARTESIAN_POINT('',(43.359992160857,90.558557704336,
    1.405894168287E+03));
#1072 = CARTESIAN_POINT('',(10.336826689048,6.862521047507,
    1.408394168286E+03));
#1073 = CARTESIAN_POINT('',(15.228336095071,-89.86005028018,
    1.410894168287E+03));
#1074 = CARTESIAN_POINT('',(63.528596353311,-180.1071795471,
    1.413394168286E+03));
#1075 = CARTESIAN_POINT('',(149.2397173479,-242.0015661925,
    1.415894168287E+03));
#1076 = CARTESIAN_POINT('',(253.55014975452,-259.224954345,
    1.418394168286E+03));
#1077 = CARTESIAN_POINT('',(351.62599761332,-229.9232902514,
    1.420894168287E+03));
#1078 = CARTESIAN_POINT('',(423.71550532763,-165.2526975734,
    1.423394168287E+03));
#1079 = CARTESIAN_POINT('',(459.84887894594,-82.85163375321,
    1.425894168287E+03));
#1080 = CARTESIAN_POINT('',(460.00000000048,-0.384826596437,
    1.428394168287E+03));
#1081 = DEFINITIONAL_REPRESENTATION('',(#1082),#1086);
#1082 = LINE('',#1083,#1084);
#1083 = CARTESIAN_POINT('',(0.,0.));
#1084 = VECTOR('',#1085,1.);
#1085 = DIRECTION('',(1.,0.));
#1086 = ( GEOMETRIC_REPRESENTATION_CONTEXT(2) 
PARAMETRIC_REPRESENTATION_CONTEXT() REPRESENTATION_CONTEXT('2D SPACE',''
  ) );
#1087 = PCURVE('',#1088,#1093);
#1088 = PLANE('',#1089);
#1089 = AXIS2_PLACEMENT_3D('',#1090,#1091,#1092);
#1090 = CARTESIAN_POINT('',(460.,-6.096547429576E-05,1.015702011051E+03)
  );
#1091 = DIRECTION('',(1.152352145735E-12,0.999540809975,
    3.030130680563E-02));
#1092 = DIRECTION('',(0.,-3.030130680563E-02,0.999540809975));
#1093 = DEFINITIONAL_REPRESENTATION('',(#1094),#1102);
#1094 = ( BOUNDED_CURVE() B_SPLINE_CURVE(6,(#1095,#1096,#1097,#1098,
#1099,#1100,#1101),.UNSPECIFIED.,.T.,.F.) B_SPLINE_CURVE_WITH_KNOTS((1,6
    ,6,1),(-6.28318530718,0.,6.28318530718,12.566370614359),
.UNSPECIFIED.) CURVE() GEOMETRIC_REPRESENTATION_ITEM() 
RATIONAL_B_SPLINE_CURVE((1.669078461068,1.03672962321,1.038346699848,
    0.853534330196,1.038346699848,1.03672962321,1.669078461068)) 
REPRESENTATION_ITEM('') );
#1095 = CARTESIAN_POINT('',(12.697988024917,5.115907697473E-13));
#1096 = CARTESIAN_POINT('',(12.697988024917,21.101597059753));
#1097 = CARTESIAN_POINT('',(-13.39477399504,24.13142726722));
#1098 = CARTESIAN_POINT('',(-34.91579687189,5.684341886081E-13));
#1099 = CARTESIAN_POINT('',(-13.39477399504,-24.13142726721));
#1100 = CARTESIAN_POINT('',(12.697988024917,-21.10159705975));
#1101 = CARTESIAN_POINT('',(12.697988024917,5.115907697473E-13));
#1102 = ( GEOMETRIC_REPRESENTATION_CONTEXT(2) 
PARAMETRIC_REPRESENTATION_CONTEXT() REPRESENTATION_CONTEXT('2D SPACE',''
  ) );
#1103 = ORIENTED_EDGE('',*,*,#1104,.T.);
#1104 = EDGE_CURVE('',#46,#1105,#1107,.T.);
#1105 = VERTEX_POINT('',#1106);
#1106 = CARTESIAN_POINT('',(460.00000000048,-0.384826596437,
    1.428394168287E+03));
#1107 = SEAM_CURVE('',#1108,(#1255,#1262),.PCURVE_S1.);
#1108 = ( BOUNDED_CURVE() B_SPLINE_CURVE(10,(#1109,#1110,#1111,#1112,
    #1113,#1114,#1115,#1116,#1117,#1118,#1119,#1120,#1121,#1122,#1123,
    #1124,#1125,#1126,#1127,#1128,#1129,#1130,#1131,#1132,#1133,#1134,
    #1135,#1136,#1137,#1138,#1139,#1140,#1141,#1142,#1143,#1144,#1145,
    #1146,#1147,#1148,#1149,#1150,#1151,#1152,#1153,#1154,#1155,#1156,
    #1157,#1158,#1159,#1160,#1161,#1162,#1163,#1164,#1165,#1166,#1167,
    #1168,#1169,#1170,#1171,#1172,#1173,#1174,#1175,#1176,#1177,#1178,
    #1179,#1180,#1181,#1182,#1183,#1184,#1185,#1186,#1187,#1188,#1189,
    #1190,#1191,#1192,#1193,#1194,#1195,#1196,#1197,#1198,#1199,#1200,
    #1201,#1202,#1203,#1204,#1205,#1206,#1207,#1208,#1209,#1210,#1211,
    #1212,#1213,#1214,#1215,#1216,#1217,#1218,#1219,#1220,#1221,#1222,
    #1223,#1224,#1225,#1226,#1227,#1228,#1229,#1230,#1231,#1232,#1233,
    #1234,#1235,#1236,#1237,#1238,#1239,#1240,#1241,#1242,#1243,#1244,
    #1245,#1246,#1247,#1248,#1249,#1250,#1251,#1252,#1253,#1254),
.UNSPECIFIED.,.F.,.F.) B_SPLINE_CURVE_WITH_KNOTS((11,9,9,9,9,9,9,9,9,9,9
    ,9,9,9,9,9,11),(0.,25.30654573182,50.61309146364,75.91963719546,
    101.22618292728,126.5327286591,151.83927439092,177.14582012274,
    202.45236585456,227.75891158638,253.0654573182,278.37200305002,
    303.67854878184,328.98509451366,354.29164024548,379.5981859773,
404.90473170912),.UNSPECIFIED.) CURVE() GEOMETRIC_REPRESENTATION_ITEM() 
RATIONAL_B_SPLINE_CURVE((1.669078461068,1.669078461068,1.669078461068,
    1.669078461069,1.669078461068,1.669078461069,1.669078461068,
    1.669078461069,1.669078461068,1.669078461068,1.669078461068,
    1.669078461068,1.669078461068,1.669078461068,1.669078461068,
    1.669078461068,1.669078461068,1.669078461068,1.669078461068,
    1.669078461068,1.669078461068,1.669078461068,1.669078461068,
    1.669078461069,1.669078461068,1.669078461068,1.669078461068,
    1.669078461068,1.669078461068,1.669078461068,1.669078461068,
    1.669078461069,1.669078461068,1.669078461069,1.669078461068,
    1.669078461068,1.669078461068,1.669078461068,1.669078461068,
    1.669078461068,1.669078461068,1.669078461068,1.669078461068,
    1.669078461068,1.669078461068,1.669078461068,1.669078461068,
    1.669078461068,1.669078461069,1.669078461067,1.669078461069,
    1.669078461068,1.669078461069,1.669078461068,1.669078461068,
    1.669078461068,1.669078461068,1.669078461069,1.669078461067,
    1.669078461069,1.669078461067,1.669078461069,1.669078461068,
    1.669078461068,1.669078461068,1.669078461068,1.669078461068,
    1.669078461068,1.669078461068,1.669078461068,1.669078461068,
    1.669078461068,1.669078461068,1.669078461068,1.669078461068,
    1.669078461068,1.669078461069,1.669078461068,1.669078461069,
    1.669078461068,1.669078461068,1.669078461068,1.669078461068,
    1.669078461068,1.669078461069,1.669078461068,1.669078461069,
    1.669078461068,1.669078461068,1.669078461068,1.669078461068,
    1.669078461068,1.669078461068,1.669078461068,1.669078461068,
    1.669078461068,1.669078461068,1.669078461068,1.669078461068,
    1.669078461068,1.669078461068,1.669078461068,1.669078461069,
    1.669078461068,1.669078461069,1.669078461068,1.669078461068,
    1.669078461068,1.669078461068,1.669078461068,1.669078461068,
    1.669078461069,1.669078461068,1.669078461069,1.669078461068,
    1.669078461068,1.669078461068,1.669078461068,1.669078461068,
    1.669078461068,1.669078461069,1.669078461067,1.66907846107,
    1.669078461067,1.669078461069,1.669078461068,1.669078461068,
    1.669078461068,1.669078461068,1.669078461068,1.669078461068,
    1.669078461068,1.669078461068,1.669078461068,1.669078461068,
    1.669078461068,1.669078461068,1.669078461068,1.669078461068,
    1.669078461068,1.669078461068,1.669078461068,1.669078461068,
1.669078461068,1.669078461068,1.669078461068)) REPRESENTATION_ITEM('') 
  );
#1109 = CARTESIAN_POINT('',(460.,-0.384826596432,1.028394168287E+03));
#1110 = CARTESIAN_POINT('',(460.15112105434,82.081980560366,
    1.030894168287E+03));
#1111 = CARTESIAN_POINT('',(424.31999021838,164.61491987981,
    1.033394168287E+03));
#1112 = CARTESIAN_POINT('',(352.46798466542,229.54928648914,
    1.035894168287E+03));
#1113 = CARTESIAN_POINT('',(254.50018601939,259.21020201342,
    1.038394168287E+03));
#1114 = CARTESIAN_POINT('',(150.12733062343,242.36922765036,
    1.040894168287E+03));
#1115 = CARTESIAN_POINT('',(64.189941965541,180.78938810481,
    1.043394168287E+03));
#1116 = CARTESIAN_POINT('',(15.55925025223,90.719885631616,
    1.045894168287E+03));
#1117 = CARTESIAN_POINT('',(10.313285122688,-5.984108750212,
    1.048394168287E+03));
#1118 = CARTESIAN_POINT('',(43.029482613233,-89.80061326819,
    1.050894168287E+03));
#1119 = CARTESIAN_POINT('',(159.4414422963,-206.6400078386,
    1.055894168287E+03));
#1120 = CARTESIAN_POINT('',(243.13747895099,-239.6631733117,
    1.058394168287E+03));
#1121 = CARTESIAN_POINT('',(339.86005028283,-234.771663904,
    1.060894168287E+03));
#1122 = CARTESIAN_POINT('',(430.10717954375,-186.4714036475,
    1.063394168287E+03));
#1123 = CARTESIAN_POINT('',(492.00156619568,-100.7602826512,
    1.065894168287E+03));
#1124 = CARTESIAN_POINT('',(509.22495434298,3.550149753562,
    1.068394168287E+03));
#1125 = CARTESIAN_POINT('',(479.92329025237,101.62599761433,
    1.070894168287E+03));
#1126 = CARTESIAN_POINT('',(415.25269757323,173.71550532679,
    1.073394168287E+03));
#1127 = CARTESIAN_POINT('',(332.85163375323,209.8488789465,
    1.075894168287E+03));
#1128 = CARTESIAN_POINT('',(167.91801943963,210.1511210539,
    1.080894168287E+03));
#1129 = CARTESIAN_POINT('',(85.385080120113,174.31999021928,
    1.083394168287E+03));
#1130 = CARTESIAN_POINT('',(20.450713511112,102.46798466376,
    1.085894168287E+03));
#1131 = CARTESIAN_POINT('',(-9.210202014012,4.500186022003,
    1.088394168286E+03));
#1132 = CARTESIAN_POINT('',(7.630772350545,-99.87266937973,
    1.090894168287E+03));
#1133 = CARTESIAN_POINT('',(69.210611894182,-185.8100580315,
    1.093394168286E+03));
#1134 = CARTESIAN_POINT('',(159.28011436916,-234.4407497496,
    1.095894168287E+03));
#1135 = CARTESIAN_POINT('',(255.98410874979,-239.6867148764,
    1.098394168287E+03));
#1136 = CARTESIAN_POINT('',(339.80061326833,-206.9705173869,
    1.100894168287E+03));
#1137 = CARTESIAN_POINT('',(456.64000783845,-90.55855770353,
    1.105894168287E+03));
#1138 = CARTESIAN_POINT('',(489.66317331248,-6.862521049546,
    1.108394168287E+03));
#1139 = CARTESIAN_POINT('',(484.77166390243,89.860050283957,
    1.110894168286E+03));
#1140 = CARTESIAN_POINT('',(436.47140364972,180.10717954214,
    1.113394168287E+03));
#1141 = CARTESIAN_POINT('',(350.76028264926,242.00156619735,
    1.115894168286E+03));
#1142 = CARTESIAN_POINT('',(246.44985024755,259.22495434174,
    1.118394168287E+03));
#1143 = CARTESIAN_POINT('',(148.37400238535,229.92329025302,
    1.120894168286E+03));
#1144 = CARTESIAN_POINT('',(76.284494673152,165.25269757299,
    1.123394168287E+03));
#1145 = CARTESIAN_POINT('',(40.151121053584,82.851633753294,
    1.125894168287E+03));
#1146 = CARTESIAN_POINT('',(39.848878945932,-82.08198056044,
    1.130894168287E+03));
#1147 = CARTESIAN_POINT('',(75.680009781354,-164.6149198794,
    1.133394168287E+03));
#1148 = CARTESIAN_POINT('',(147.53201533515,-229.5492864899,
    1.135894168287E+03));
#1149 = CARTESIAN_POINT('',(245.49981397894,-259.2102020123,
    1.138394168286E+03));
#1150 = CARTESIAN_POINT('',(349.87266937956,-242.3692276515,
    1.140894168287E+03));
#1151 = CARTESIAN_POINT('',(435.81005803103,-180.7893881039,
    1.143394168286E+03));
#1152 = CARTESIAN_POINT('',(484.44074975021,-90.71988563225,
    1.145894168287E+03));
#1153 = CARTESIAN_POINT('',(489.68671487636,5.984108750684,
    1.148394168287E+03));
#1154 = CARTESIAN_POINT('',(456.97051738676,89.80061326784,
    1.150894168287E+03));
#1155 = CARTESIAN_POINT('',(340.55855770416,206.64000783942,
    1.155894168287E+03));
#1156 = CARTESIAN_POINT('',(256.86252104636,239.66317330836,
    1.158394168286E+03));
#1157 = CARTESIAN_POINT('',(160.13994972299,234.7716639102,
    1.160894168288E+03));
#1158 = CARTESIAN_POINT('',(69.892820448442,186.47140364134,
    1.163394168284E+03));
#1159 = CARTESIAN_POINT('',(7.998433810988,100.76028265376,
    1.165894168289E+03));
#1160 = CARTESIAN_POINT('',(-9.224954346396,-3.550149751873,
    1.168394168285E+03));
#1161 = CARTESIAN_POINT('',(20.076709748289,-101.6259976173,
    1.170894168288E+03));
#1162 = CARTESIAN_POINT('',(84.747302427084,-173.7155053251,
    1.173394168286E+03));
#1163 = CARTESIAN_POINT('',(167.14836624654,-209.8488789465,
    1.175894168287E+03));
#1164 = CARTESIAN_POINT('',(332.0819805606,-210.1511210547,
    1.180894168287E+03));
#1165 = CARTESIAN_POINT('',(414.61491987932,-174.3199902149,
    1.183394168286E+03));
#1166 = CARTESIAN_POINT('',(479.54928648892,-102.4679846724,
    1.185894168289E+03));
#1167 = CARTESIAN_POINT('',(509.21020201618,-4.500186012125,
    1.188394168284E+03));
#1168 = CARTESIAN_POINT('',(492.3692276443,99.87266937396,
    1.19089416829E+03));
#1169 = CARTESIAN_POINT('',(430.78938811232,185.81005803138,
    1.193394168284E+03));
#1170 = CARTESIAN_POINT('',(340.71988562569,234.4407497528,
    1.195894168288E+03));
#1171 = CARTESIAN_POINT('',(244.01589125272,239.68671487405,
    1.198394168286E+03));
#1172 = CARTESIAN_POINT('',(160.19938673106,206.97051738769,
    1.200894168287E+03));
#1173 = CARTESIAN_POINT('',(43.359992161981,90.558557702996,
    1.205894168287E+03));
#1174 = CARTESIAN_POINT('',(10.33682668644,6.862521051116,
    1.208394168287E+03));
#1175 = CARTESIAN_POINT('',(15.228336099068,-89.86005028688,
    1.210894168286E+03));
#1176 = CARTESIAN_POINT('',(63.528596349305,-180.1071795384,
    1.213394168288E+03));
#1177 = CARTESIAN_POINT('',(149.2397173503,-242.0015662005,
    1.215894168285E+03));
#1178 = CARTESIAN_POINT('',(253.550149754,-259.22495434,
    1.218394168288E+03));
#1179 = CARTESIAN_POINT('',(351.6259976131,-229.9232902535,
    1.220894168286E+03));
#1180 = CARTESIAN_POINT('',(423.71550532759,-165.252697573,
    1.223394168287E+03));
#1181 = CARTESIAN_POINT('',(459.84887894633,-82.85163375323,
    1.225894168287E+03));
#1182 = CARTESIAN_POINT('',(460.15112105389,82.081980560373,
    1.230894168287E+03));
#1183 = CARTESIAN_POINT('',(424.31999021966,164.61491987964,
    1.233394168287E+03));
#1184 = CARTESIAN_POINT('',(352.46798466296,229.54928648991,
    1.235894168287E+03));
#1185 = CARTESIAN_POINT('',(254.5001860227,259.21020201163,
    1.238394168287E+03));
#1186 = CARTESIAN_POINT('',(150.12733062037,242.36922765302,
    1.240894168286E+03));
#1187 = CARTESIAN_POINT('',(64.189941967436,180.78938810216,
    1.243394168287E+03));
#1188 = CARTESIAN_POINT('',(15.559250251549,90.719885633415,
    1.245894168286E+03));
#1189 = CARTESIAN_POINT('',(10.313285122751,-5.984108750984,
    1.248394168287E+03));
#1190 = CARTESIAN_POINT('',(43.029482613278,-89.80061326804,
    1.250894168287E+03));
#1191 = CARTESIAN_POINT('',(159.44144229625,-206.6400078387,
    1.255894168287E+03));
#1192 = CARTESIAN_POINT('',(243.13747895119,-239.6631733116,
    1.258394168287E+03));
#1193 = CARTESIAN_POINT('',(339.86005028242,-234.7716639043,
    1.260894168287E+03));
#1194 = CARTESIAN_POINT('',(430.10717954425,-186.4714036469,
    1.263394168287E+03));
#1195 = CARTESIAN_POINT('',(492.0015661953,-100.7602826522,
    1.265894168287E+03));
#1196 = CARTESIAN_POINT('',(509.22495434313,3.550149754753,
    1.268394168287E+03));
#1197 = CARTESIAN_POINT('',(479.92329025237,101.62599761337,
    1.270894168287E+03));
#1198 = CARTESIAN_POINT('',(415.25269757319,173.71550532727,
    1.273394168287E+03));
#1199 = CARTESIAN_POINT('',(332.85163375326,209.84887894639,
    1.275894168287E+03));
#1200 = CARTESIAN_POINT('',(167.91801943959,210.15112105394,
    1.280894168287E+03));
#1201 = CARTESIAN_POINT('',(85.38508012053,174.31999021925,
    1.283394168287E+03));
#1202 = CARTESIAN_POINT('',(20.450713509653,102.46798466387,
    1.285894168287E+03));
#1203 = CARTESIAN_POINT('',(-9.210202010782,4.500186021522,
    1.288394168287E+03));
#1204 = CARTESIAN_POINT('',(7.630772345599,-99.87266937855,
    1.290894168286E+03));
#1205 = CARTESIAN_POINT('',(69.210611899653,-185.8100580334,
    1.293394168288E+03));
#1206 = CARTESIAN_POINT('',(159.28011436466,-234.4407497476,
    1.295894168286E+03));
#1207 = CARTESIAN_POINT('',(255.98410875258,-239.6867148781,
    1.298394168287E+03));
#1208 = CARTESIAN_POINT('',(339.80061326698,-206.9705173859,
    1.300894168286E+03));
#1209 = CARTESIAN_POINT('',(456.64000784086,-90.55855770554,
    1.305894168287E+03));
#1210 = CARTESIAN_POINT('',(489.66317330305,-6.862521040054,
    1.308394168285E+03));
#1211 = CARTESIAN_POINT('',(484.77166391838,89.860050263345,
    1.310894168292E+03));
#1212 = CARTESIAN_POINT('',(436.47140363641,180.10717957027,
    1.313394168279E+03));
#1213 = CARTESIAN_POINT('',(350.76028264937,242.00156617186,
    1.315894168295E+03));
#1214 = CARTESIAN_POINT('',(246.44985026035,259.22495435672,
    1.31839416828E+03));
#1215 = CARTESIAN_POINT('',(148.37400237034,229.92329024802,
    1.32089416829E+03));
#1216 = CARTESIAN_POINT('',(76.284494681614,165.2526975734,
    1.323394168286E+03));
#1217 = CARTESIAN_POINT('',(40.151121051743,82.851633753544,
    1.325894168287E+03));
#1218 = CARTESIAN_POINT('',(39.848878946334,-82.08198056065,
    1.330894168287E+03));
#1219 = CARTESIAN_POINT('',(75.680009782789,-164.6149198788,
    1.333394168286E+03));
#1220 = CARTESIAN_POINT('',(147.53201533051,-229.5492864911,
    1.335894168287E+03));
#1221 = CARTESIAN_POINT('',(245.49981398618,-259.2102020104,
    1.338394168286E+03));
#1222 = CARTESIAN_POINT('',(349.87266937226,-242.3692276538,
    1.340894168287E+03));
#1223 = CARTESIAN_POINT('',(435.81005803616,-180.7893881014,
    1.343394168287E+03));
#1224 = CARTESIAN_POINT('',(484.44074974746,-90.71988563446,
    1.345894168286E+03));
#1225 = CARTESIAN_POINT('',(489.68671487775,5.984108752302,
    1.348394168287E+03));
#1226 = CARTESIAN_POINT('',(456.97051738595,89.800613266868,
    1.350894168286E+03));
#1227 = CARTESIAN_POINT('',(340.55855770593,206.64000784132,
    1.355894168287E+03));
#1228 = CARTESIAN_POINT('',(256.86252103773,239.66317330119,
    1.358394168284E+03));
#1229 = CARTESIAN_POINT('',(160.13994974209,234.77166392107,
    1.360894168293E+03));
#1230 = CARTESIAN_POINT('',(69.892820421759,186.47140363564,
    1.363394168276E+03));
#1231 = CARTESIAN_POINT('',(7.99843383605,100.76028264568,
    1.365894168298E+03));
#1232 = CARTESIAN_POINT('',(-9.22495436211,-3.55014973238,
    1.368394168277E+03));
#1233 = CARTESIAN_POINT('',(20.076709754415,-101.6259976368,
    1.370894168292E+03));
#1234 = CARTESIAN_POINT('',(84.747302425906,-173.7155053139,
    1.373394168285E+03));
#1235 = CARTESIAN_POINT('',(167.14836624657,-209.8488789499,
    1.375894168287E+03));
#1236 = CARTESIAN_POINT('',(332.08198056047,-210.1511210512,
    1.380894168286E+03));
#1237 = CARTESIAN_POINT('',(414.61491987887,-174.3199902269,
    1.383394168288E+03));
#1238 = CARTESIAN_POINT('',(479.54928649308,-102.4679846511,
    1.385894168284E+03));
#1239 = CARTESIAN_POINT('',(509.21020200402,-4.500186034232,
    1.388394168291E+03));
#1240 = CARTESIAN_POINT('',(492.36922766484,99.87266938451,
    1.390894168281E+03));
#1241 = CARTESIAN_POINT('',(430.78938808968,185.81005803542,
    1.393394168291E+03));
#1242 = CARTESIAN_POINT('',(340.71988564233,234.44074974271,
    1.395894168284E+03));
#1243 = CARTESIAN_POINT('',(244.01589124497,239.68671488103,
    1.398394168288E+03));
#1244 = CARTESIAN_POINT('',(160.1993867328,206.97051738571,
    1.400894168287E+03));
#1245 = CARTESIAN_POINT('',(43.359992160857,90.558557704336,
    1.405894168287E+03));
#1246 = CARTESIAN_POINT('',(10.336826689048,6.862521047507,
    1.408394168286E+03));
#1247 = CARTESIAN_POINT('',(15.228336095071,-89.86005028018,
    1.410894168287E+03));
#1248 = CARTESIAN_POINT('',(63.528596353311,-180.1071795471,
    1.413394168286E+03));
#1249 = CARTESIAN_POINT('',(149.2397173479,-242.0015661925,
    1.415894168287E+03));
#1250 = CARTESIAN_POINT('',(253.55014975452,-259.224954345,
    1.418394168286E+03));
#1251 = CARTESIAN_POINT('',(351.62599761332,-229.9232902514,
    1.420894168287E+03));
#1252 = CARTESIAN_POINT('',(423.71550532763,-165.2526975734,
    1.423394168287E+03));
#1253 = CARTESIAN_POINT('',(459.84887894594,-82.85163375321,
    1.425894168287E+03));
#1254 = CARTESIAN_POINT('',(460.00000000048,-0.384826596437,
    1.428394168287E+03));
#1255 = PCURVE('',#58,#1256);
#1256 = DEFINITIONAL_REPRESENTATION('',(#1257),#1261);
#1257 = LINE('',#1258,#1259);
#1258 = CARTESIAN_POINT('',(0.,0.));
#1259 = VECTOR('',#1260,1.);
#1260 = DIRECTION('',(0.,1.));
#1261 = ( GEOMETRIC_REPRESENTATION_CONTEXT(2) 
PARAMETRIC_REPRESENTATION_CONTEXT() REPRESENTATION_CONTEXT('2D SPACE',''
  ) );
#1262 = PCURVE('',#58,#1263);
#1263 = DEFINITIONAL_REPRESENTATION('',(#1264),#1267);
#1264 = B_SPLINE_CURVE_WITH_KNOTS('',1,(#1265,#1266),.UNSPECIFIED.,.F.,
  .F.,(2,2),(0.,404.90473170912),.PIECEWISE_BEZIER_KNOTS.);
#1265 = CARTESIAN_POINT('',(6.28318530718,0.));
#1266 = CARTESIAN_POINT('',(6.28318530718,404.90473170912));
#1267 = ( GEOMETRIC_REPRESENTATION_CONTEXT(2) 
PARAMETRIC_REPRESENTATION_CONTEXT() REPRESENTATION_CONTEXT('2D SPACE',''
  ) );
#1268 = ORIENTED_EDGE('',*,*,#1269,.F.);
#1269 = EDGE_CURVE('',#1270,#1105,#1272,.T.);
#1270 = VERTEX_POINT('',#1271);
#1271 = CARTESIAN_POINT('',(460.,0.38482659643,1.403005831713E+03));
#1272 = SURFACE_CURVE('',#1273,(#1281,#1288),.PCURVE_S1.);
#1273 = ( BOUNDED_CURVE() B_SPLINE_CURVE(6,(#1274,#1275,#1276,#1277,
#1278,#1279,#1280),.UNSPECIFIED.,.T.,.F.) B_SPLINE_CURVE_WITH_KNOTS((1,6
    ,6,1),(-6.28318530718,0.,6.28318530718,12.566370614359),
.UNSPECIFIED.) CURVE() GEOMETRIC_REPRESENTATION_ITEM() 
RATIONAL_B_SPLINE_CURVE((1.669078461068,1.03672962321,1.038346699848,
    0.853534330196,1.038346699848,1.03672962321,1.669078461068)) 
REPRESENTATION_ITEM('') );
#1274 = CARTESIAN_POINT('',(460.00000000048,-0.384826596437,
    1.428394168287E+03));
#1275 = CARTESIAN_POINT('',(481.10159706024,-0.384826596414,
    1.428394168286E+03));
#1276 = CARTESIAN_POINT('',(484.1314272667,0.405818190966,
    1.402313387802E+03));
#1277 = CARTESIAN_POINT('',(459.99999999866,1.057933307905,
    1.380802247165E+03));
#1278 = CARTESIAN_POINT('',(435.86857273226,0.405818190914,
    1.402313387804E+03));
#1279 = CARTESIAN_POINT('',(438.89840294073,-0.38482659646,
    1.428394168287E+03));
#1280 = CARTESIAN_POINT('',(460.00000000048,-0.384826596437,
    1.428394168287E+03));
#1281 = PCURVE('',#58,#1282);
#1282 = DEFINITIONAL_REPRESENTATION('',(#1283),#1287);
#1283 = LINE('',#1284,#1285);
#1284 = CARTESIAN_POINT('',(0.,404.90473170912));
#1285 = VECTOR('',#1286,1.);
#1286 = DIRECTION('',(1.,0.));
#1287 = ( GEOMETRIC_REPRESENTATION_CONTEXT(2) 
PARAMETRIC_REPRESENTATION_CONTEXT() REPRESENTATION_CONTEXT('2D SPACE',''
  ) );
#1288 = PCURVE('',#1289,#1294);
#1289 = PLANE('',#1290);
#1290 = AXIS2_PLACEMENT_3D('',#1291,#1292,#1293);
#1291 = CARTESIAN_POINT('',(460.,-6.096547788943E-05,1.415702011051E+03)
  );
#1292 = DIRECTION('',(8.697411522584E-14,0.999540809975,
    3.030130680578E-02));
#1293 = DIRECTION('',(0.,-3.030130680578E-02,0.999540809975));
#1294 = DEFINITIONAL_REPRESENTATION('',(#1295),#1303);
#1295 = ( BOUNDED_CURVE() B_SPLINE_CURVE(6,(#1296,#1297,#1298,#1299,
#1300,#1301,#1302),.UNSPECIFIED.,.T.,.F.) B_SPLINE_CURVE_WITH_KNOTS((1,6
    ,6,1),(-6.28318530718,0.,6.28318530718,12.566370614359),
.UNSPECIFIED.) CURVE() GEOMETRIC_REPRESENTATION_ITEM() 
RATIONAL_B_SPLINE_CURVE((1.669078461068,1.03672962321,1.038346699848,
    0.853534330196,1.038346699848,1.03672962321,1.669078461068)) 
REPRESENTATION_ITEM('') );
#1296 = CARTESIAN_POINT('',(12.697988024919,4.86807039124E-10));
#1297 = CARTESIAN_POINT('',(12.697988024109,21.101597060239));
#1298 = CARTESIAN_POINT('',(-13.39477399596,24.131427266705));
#1299 = CARTESIAN_POINT('',(-34.91579687188,-1.340140443062E-09));
#1300 = CARTESIAN_POINT('',(-13.39477399411,-24.13142726773));
#1301 = CARTESIAN_POINT('',(12.697988025728,-21.10159705926));
#1302 = CARTESIAN_POINT('',(12.697988024919,4.86807039124E-10));
#1303 = ( GEOMETRIC_REPRESENTATION_CONTEXT(2) 
PARAMETRIC_REPRESENTATION_CONTEXT() REPRESENTATION_CONTEXT('2D SPACE',''
  ) );
#1304 = ORIENTED_EDGE('',*,*,#1305,.F.);
#1305 = EDGE_CURVE('',#1105,#1270,#1306,.T.);
#1306 = SURFACE_CURVE('',#1307,(#1401,#1498),.PCURVE_S1.);
#1307 = B_SPLINE_CURVE_WITH_KNOTS('',8,(#1308,#1309,#1310,#1311,#1312,
    #1313,#1314,#1315,#1316,#1317,#1318,#1319,#1320,#1321,#1322,#1323,
    #1324,#1325,#1326,#1327,#1328,#1329,#1330,#1331,#1332,#1333,#1334,
    #1335,#1336,#1337,#1338,#1339,#1340,#1341,#1342,#1343,#1344,#1345,
    #1346,#1347,#1348,#1349,#1350,#1351,#1352,#1353,#1354,#1355,#1356,
    #1357,#1358,#1359,#1360,#1361,#1362,#1363,#1364,#1365,#1366,#1367,
    #1368,#1369,#1370,#1371,#1372,#1373,#1374,#1375,#1376,#1377,#1378,
    #1379,#1380,#1381,#1382,#1383,#1384,#1385,#1386,#1387,#1388,#1389,
    #1390,#1391,#1392,#1393,#1394,#1395,#1396,#1397,#1398,#1399,#1400),
  .UNSPECIFIED.,.F.,.F.,(9,7,7,7,7,7,7,7,7,7,7,7,7,9),(0.,0.156338604086
    ,0.298307732102,0.374921685813,0.426263689179,0.451000495811,
    0.499862389765,0.534279825625,0.5740227411,0.625326596711,
    0.701893774676,0.811589859698,0.9339489154,1.),.UNSPECIFIED.);
#1308 = CARTESIAN_POINT('',(460.00000000048,-0.384826596437,
    1.428394168287E+03));
#1309 = CARTESIAN_POINT('',(460.61934150905,-1.003883703104,
    1.428375401275E+03));
#1310 = CARTESIAN_POINT('',(461.23789343062,-1.623191555049,
    1.428322093519E+03));
#1311 = CARTESIAN_POINT('',(461.85502823343,-2.242105811912,
    1.428234007794E+03));
#1312 = CARTESIAN_POINT('',(462.46999525657,-2.859837610172,
    1.428110594124E+03));
#1313 = CARTESIAN_POINT('',(463.08192129782,-3.475451250672,
    1.427951013273E+03));
#1314 = CARTESIAN_POINT('',(463.68981229945,-4.087863001921,
    1.427754150914E+03));
#1315 = CARTESIAN_POINT('',(464.29255159576,-4.695834166399,
    1.427518547753E+03));
#1316 = CARTESIAN_POINT('',(465.43041779044,-5.844726817245,
    1.426991196559E+03));
#1317 = CARTESIAN_POINT('',(465.96631551919,-6.386319788446,
    1.426706761804E+03));
#1318 = CARTESIAN_POINT('',(466.4958754595,-6.921900685261,
    1.426387320963E+03));
#1319 = CARTESIAN_POINT('',(467.01790885967,-7.450127637767,
    1.426031035499E+03));
#1320 = CARTESIAN_POINT('',(467.53076506347,-7.96915664783,
    1.425635842686E+03));
#1321 = CARTESIAN_POINT('',(468.03230717571,-8.476603228948,
    1.425199374757E+03));
#1322 = CARTESIAN_POINT('',(468.5199131226,-8.969535413794,
    1.424718958213E+03));
#1323 = CARTESIAN_POINT('',(469.24414072164,-9.700445694966,
    1.42390598445E+03));
#1324 = CARTESIAN_POINT('',(469.49285764499,-9.951216779971,
    1.423607295096E+03));
#1325 = CARTESIAN_POINT('',(469.73593156177,-10.19599301898,
    1.423294320784E+03));
#1326 = CARTESIAN_POINT('',(469.97269805924,-10.43403736629,
    1.422966540295E+03));
#1327 = CARTESIAN_POINT('',(470.20235241038,-10.66446282769,
    1.422623472146E+03));
#1328 = CARTESIAN_POINT('',(470.42395472571,-10.88623723214,
    1.422264685557E+03));
#1329 = CARTESIAN_POINT('',(470.63643238139,-11.09818560371,
    1.421889806518E+03));
#1330 = CARTESIAN_POINT('',(470.97404655469,-11.43355709463,
    1.421236301855E+03));
#1331 = CARTESIAN_POINT('',(471.10485176135,-11.56309723885,
    1.420966759338E+03));
#1332 = CARTESIAN_POINT('',(471.23062475302,-11.68720647567,
    1.420689819653E+03));
#1333 = CARTESIAN_POINT('',(471.35094928132,-11.80543346777,
    1.420405468036E+03));
#1334 = CARTESIAN_POINT('',(471.46536964633,-11.91728631535,
    1.420113754507E+03));
#1335 = CARTESIAN_POINT('',(471.57339938707,-12.02224214909,
    1.419814804576E+03));
#1336 = CARTESIAN_POINT('',(471.6745324559,-12.11975963265,
    1.419508832835E+03));
#1337 = CARTESIAN_POINT('',(471.813413722,-12.25243261316,
    1.419045512011E+03));
#1338 = CARTESIAN_POINT('',(471.85684939894,-12.29371647597,
    1.418893313399E+03));
#1339 = CARTESIAN_POINT('',(471.89850598854,-12.33308448221,
    1.418739602739E+03));
#1340 = CARTESIAN_POINT('',(471.93832518462,-12.37047493832,
    1.418584425733E+03));
#1341 = CARTESIAN_POINT('',(471.97624893409,-12.40582664463,
    1.41842783513E+03));
#1342 = CARTESIAN_POINT('',(472.0122200768,-12.43907960213,
    1.418269891188E+03));
#1343 = CARTESIAN_POINT('',(472.04618298547,-12.47017571919,
    1.418110662146E+03));
#1344 = CARTESIAN_POINT('',(472.14109775675,-12.55611284582,
    1.417633317255E+03));
#1345 = CARTESIAN_POINT('',(472.19607971517,-12.60454570669,
    1.417311632804E+03));
#1346 = CARTESIAN_POINT('',(472.2425982253,-12.64391169465,
    1.416985833086E+03));
#1347 = CARTESIAN_POINT('',(472.28027960985,-12.67382896058,
    1.416656651284E+03));
#1348 = CARTESIAN_POINT('',(472.30881903839,-12.69399232587,
    1.41632489486E+03));
#1349 = CARTESIAN_POINT('',(472.32799489856,-12.70418913813,
    1.415991449201E+03));
#1350 = CARTESIAN_POINT('',(472.3376868697,-12.70431886907,
    1.415657282046E+03));
#1351 = CARTESIAN_POINT('',(472.33804620311,-12.68744137311,
    1.415088302544E+03));
#1352 = CARTESIAN_POINT('',(472.3334905551,-12.67548771937,
    1.414853287714E+03));
#1353 = CARTESIAN_POINT('',(472.3242296758,-12.65856512745,
    1.414618760419E+03));
#1354 = CARTESIAN_POINT('',(472.31029099341,-12.63671354012,
    1.414385059647E+03));
#1355 = CARTESIAN_POINT('',(472.2917282039,-12.61000079392,
    1.414152507633E+03));
#1356 = CARTESIAN_POINT('',(472.2686190317,-12.57852020393,
    1.413921410312E+03));
#1357 = CARTESIAN_POINT('',(472.24106299027,-12.54238814863,
    1.413692057773E+03));
#1358 = CARTESIAN_POINT('',(472.1723618428,-12.4548058463,
    1.413202215952E+03));
#1359 = CARTESIAN_POINT('',(472.12977133562,-12.40184726205,
    1.412942381594E+03));
#1360 = CARTESIAN_POINT('',(472.08158784939,-12.34307311346,
    1.412685629515E+03));
#1361 = CARTESIAN_POINT('',(472.02802002081,-12.27871948379,
    1.412432305051E+03));
#1362 = CARTESIAN_POINT('',(471.96929549991,-12.20904136683,
    1.412182697519E+03));
#1363 = CARTESIAN_POINT('',(471.90565300971,-12.13430423864,
    1.411937045775E+03));
#1364 = CARTESIAN_POINT('',(471.83733586071,-12.05477716257,
    1.41169554281E+03));
#1365 = CARTESIAN_POINT('',(471.6706758144,-11.86222820357,
    1.411152135096E+03));
#1366 = CARTESIAN_POINT('',(471.56938166693,-11.74619485703,
    1.410853102849E+03));
#1367 = CARTESIAN_POINT('',(471.46121514969,-11.62318867811,
    1.41056152553E+03));
#1368 = CARTESIAN_POINT('',(471.34668071585,-11.49376120821,
    1.41027758169E+03));
#1369 = CARTESIAN_POINT('',(471.22626309378,-11.35844001866,
    1.410001362775E+03));
#1370 = CARTESIAN_POINT('',(471.10041623279,-11.21771718401,
    1.40973288734E+03));
#1371 = CARTESIAN_POINT('',(470.96955470057,-11.07204044972,
    1.409472112223E+03));
#1372 = CARTESIAN_POINT('',(470.63181319105,-10.69759501627,
    1.408841101057E+03));
#1373 = CARTESIAN_POINT('',(470.41928126976,-10.46328903087,
    1.408480290228E+03));
#1374 = CARTESIAN_POINT('',(470.19765300534,-10.22018047025,
    1.408136111347E+03));
#1375 = CARTESIAN_POINT('',(469.96799700219,-9.969415022055,
    1.407808119285E+03));
#1376 = CARTESIAN_POINT('',(469.73124960342,-9.711992916739,
    1.407495821619E+03));
#1377 = CARTESIAN_POINT('',(469.48821253314,-9.448767005574,
    1.407198684672E+03));
#1378 = CARTESIAN_POINT('',(469.23954780972,-9.180438729219,
    1.406916144615E+03));
#1379 = CARTESIAN_POINT('',(468.62218803305,-8.516593224298,
    1.406262919638E+03));
#1380 = CARTESIAN_POINT('',(468.2482758405,-8.116455073119,
    1.405907164394E+03));
#1381 = CARTESIAN_POINT('',(467.86559938847,-7.708790864816,
    1.405578651613E+03));
#1382 = CARTESIAN_POINT('',(467.47547160238,-7.294984651648,
    1.405275979648E+03));
#1383 = CARTESIAN_POINT('',(467.07899319997,-6.876191540227,
    1.404997903014E+03));
#1384 = CARTESIAN_POINT('',(466.67706480069,-6.453351596541,
    1.404743286357E+03));
#1385 = CARTESIAN_POINT('',(466.27038596467,-6.027192077621,
    1.404511106452E+03));
#1386 = CARTESIAN_POINT('',(465.40109144389,-5.11975571867,
    1.404065471408E+03));
#1387 = CARTESIAN_POINT('',(464.93758520879,-4.637948994517,
    1.403857347465E+03));
#1388 = CARTESIAN_POINT('',(464.46973125361,-4.153634940674,
    1.403674825531E+03));
#1389 = CARTESIAN_POINT('',(463.99822546194,-3.667533226559,
    1.403516905809E+03));
#1390 = CARTESIAN_POINT('',(463.52367714809,-3.180270735358,
    1.40338275431E+03));
#1391 = CARTESIAN_POINT('',(463.04661297531,-2.692386157808,
    1.403271669555E+03));
#1392 = CARTESIAN_POINT('',(462.56747740669,-2.204331961904,
    1.40318307737E+03));
#1393 = CARTESIAN_POINT('',(461.82706652597,-1.453125359546,
    1.403080607347E+03));
#1394 = CARTESIAN_POINT('',(461.56701529507,-1.18984551362,
    1.403051110069E+03));
#1395 = CARTESIAN_POINT('',(461.30654345722,-0.926702047361,
    1.403027968262E+03));
#1396 = CARTESIAN_POINT('',(461.04571347721,-0.663758138443,
    1.40301112194E+03));
#1397 = CARTESIAN_POINT('',(460.78458606268,-0.4010750021,
    1.403000521035E+03));
#1398 = CARTESIAN_POINT('',(460.52322016682,-0.138711912999,
    1.402996125054E+03));
#1399 = CARTESIAN_POINT('',(460.2616729911,0.12327377289,
    1.402997902736E+03));
#1400 = CARTESIAN_POINT('',(459.99999998794,0.384826596429,
    1.403005831713E+03));
#1401 = PCURVE('',#58,#1402);
#1402 = DEFINITIONAL_REPRESENTATION('',(#1403),#1497);
#1403 = B_SPLINE_CURVE_WITH_KNOTS('',8,(#1404,#1405,#1406,#1407,#1408,
    #1409,#1410,#1411,#1412,#1413,#1414,#1415,#1416,#1417,#1418,#1419,
    #1420,#1421,#1422,#1423,#1424,#1425,#1426,#1427,#1428,#1429,#1430,
    #1431,#1432,#1433,#1434,#1435,#1436,#1437,#1438,#1439,#1440,#1441,
    #1442,#1443,#1444,#1445,#1446,#1447,#1448,#1449,#1450,#1451,#1452,
    #1453,#1454,#1455,#1456,#1457,#1458,#1459,#1460,#1461,#1462,#1463,
    #1464,#1465,#1466,#1467,#1468,#1469,#1470,#1471,#1472,#1473,#1474,
    #1475,#1476,#1477,#1478,#1479,#1480,#1481,#1482,#1483,#1484,#1485,
    #1486,#1487,#1488,#1489,#1490,#1491,#1492,#1493,#1494,#1495,#1496),
  .UNSPECIFIED.,.F.,.F.,(9,7,7,7,7,7,7,7,7,7,7,7,7,9),(0.,0.156338604086
    ,0.298307732102,0.374921685813,0.426263689179,0.451000495811,
    0.499862389765,0.534279825625,0.5740227411,0.625326596711,
    0.701893774676,0.811589859698,0.9339489154,1.),.UNSPECIFIED.);
#1404 = CARTESIAN_POINT('',(0.,404.90473170912));
#1405 = CARTESIAN_POINT('',(4.957349755301E-02,404.88573473608));
#1406 = CARTESIAN_POINT('',(9.912795556957E-02,404.86682603358));
#1407 = CARTESIAN_POINT('',(0.148804792477,404.8480243101));
#1408 = CARTESIAN_POINT('',(0.198734587642,404.82935168978));
#1409 = CARTESIAN_POINT('',(0.249047507298,404.8108335873));
#1410 = CARTESIAN_POINT('',(0.299879533024,404.79249856314));
#1411 = CARTESIAN_POINT('',(0.351382381433,404.77437829399));
#1412 = CARTESIAN_POINT('',(0.451294845036,404.74027981592));
#1413 = CARTESIAN_POINT('',(0.499522832136,404.72426834282));
#1414 = CARTESIAN_POINT('',(0.548587709113,404.70849267159));
#1415 = CARTESIAN_POINT('',(0.598641797941,404.69298619496));
#1416 = CARTESIAN_POINT('',(0.649839247037,404.67779549277));
#1417 = CARTESIAN_POINT('',(0.702352359958,404.66298074315));
#1418 = CARTESIAN_POINT('',(0.75638074041,404.64861546506));
#1419 = CARTESIAN_POINT('',(0.842344670006,404.62733147595));
#1420 = CARTESIAN_POINT('',(0.872987722948,404.62003231625));
#1421 = CARTESIAN_POINT('',(0.904187030215,404.612908515));
#1422 = CARTESIAN_POINT('',(0.935982858906,404.605978758));
#1423 = CARTESIAN_POINT('',(0.968412832175,404.59926571831));
#1424 = CARTESIAN_POINT('',(1.001513174508,404.59279587807));
#1425 = CARTESIAN_POINT('',(1.035320325132,404.58659944778));
#1426 = CARTESIAN_POINT('',(1.093027962874,404.57676389014));
#1427 = CARTESIAN_POINT('',(1.116513940648,404.57295608438));
#1428 = CARTESIAN_POINT('',(1.140340605312,404.56929740846));
#1429 = CARTESIAN_POINT('',(1.164514275463,404.56579960899));
#1430 = CARTESIAN_POINT('',(1.189037885,404.56247555312));
#1431 = CARTESIAN_POINT('',(1.213910703778,404.55933897897));
#1432 = CARTESIAN_POINT('',(1.239127729762,404.55640417984));
#1433 = CARTESIAN_POINT('',(1.276989349686,404.5523758086));
#1434 = CARTESIAN_POINT('',(1.289377111011,404.5511162319));
#1435 = CARTESIAN_POINT('',(1.301840624676,404.54990852891));
#1436 = CARTESIAN_POINT('',(1.314378135107,404.54875434783));
#1437 = CARTESIAN_POINT('',(1.32698750961,404.54765532998));
#1438 = CARTESIAN_POINT('',(1.339666204848,404.54661309163));
#1439 = CARTESIAN_POINT('',(1.352411233321,404.54562920599));
#1440 = CARTESIAN_POINT('',(1.390518194956,404.54287999349));
#1441 = CARTESIAN_POINT('',(1.416067506625,404.54128801404));
#1442 = CARTESIAN_POINT('',(1.441834607002,404.53994147707));
#1443 = CARTESIAN_POINT('',(1.467784402689,404.53885095283));
#1444 = CARTESIAN_POINT('',(1.493878551474,404.53802506376));
#1445 = CARTESIAN_POINT('',(1.520074494418,404.53747008373));
#1446 = CARTESIAN_POINT('',(1.546324133282,404.53718942444));
#1447 = CARTESIAN_POINT('',(1.591060784691,404.53717848974));
#1448 = CARTESIAN_POINT('',(1.609551300884,404.53731003921));
#1449 = CARTESIAN_POINT('',(1.628025384943,404.5375776883));
#1450 = CARTESIAN_POINT('',(1.646465959875,404.53798066184));
#1451 = CARTESIAN_POINT('',(1.664856994798,404.5385174416));
#1452 = CARTESIAN_POINT('',(1.683183311107,404.53918582937));
#1453 = CARTESIAN_POINT('',(1.701430388628,404.5399830101));
#1454 = CARTESIAN_POINT('',(1.740546926605,404.54197097659));
#1455 = CARTESIAN_POINT('',(1.761386757184,404.54320365118));
#1456 = CARTESIAN_POINT('',(1.782083282708,404.54459854049));
#1457 = CARTESIAN_POINT('',(1.802619841436,404.54614974397));
#1458 = CARTESIAN_POINT('',(1.822982871597,404.54785082476));
#1459 = CARTESIAN_POINT('',(1.843161450234,404.54969503396));
#1460 = CARTESIAN_POINT('',(1.86314698997,404.5516754935));
#1461 = CARTESIAN_POINT('',(1.908474838652,404.55650892076));
#1462 = CARTESIAN_POINT('',(1.933683633246,404.55944804959));
#1463 = CARTESIAN_POINT('',(1.958549144919,404.56258829621));
#1464 = CARTESIAN_POINT('',(1.983066195734,404.56591541305));
#1465 = CARTESIAN_POINT('',(2.007233846511,404.56941571095));
#1466 = CARTESIAN_POINT('',(2.031054802713,404.57307637171));
#1467 = CARTESIAN_POINT('',(2.054535142116,404.57688569527));
#1468 = CARTESIAN_POINT('',(2.112232851662,404.58672475898));
#1469 = CARTESIAN_POINT('',(2.146035319238,404.59292274233));
#1470 = CARTESIAN_POINT('',(2.179129518365,404.59939339644));
#1471 = CARTESIAN_POINT('',(2.211551023363,404.60610661874));
#1472 = CARTESIAN_POINT('',(2.243335221354,404.61303602092));
#1473 = CARTESIAN_POINT('',(2.274518921933,404.62015900822));
#1474 = CARTESIAN_POINT('',(2.30514158664,404.62745695582));
#1475 = CARTESIAN_POINT('',(2.37837635392,404.64560114705));
#1476 = CARTESIAN_POINT('',(2.420423669266,404.65661156724));
#1477 = CARTESIAN_POINT('',(2.461511887187,404.66790285781));
#1478 = CARTESIAN_POINT('',(2.50173756754,404.67943815974));
#1479 = CARTESIAN_POINT('',(2.541184658694,404.69118649893));
#1480 = CARTESIAN_POINT('',(2.579931075704,404.70312250586));
#1481 = CARTESIAN_POINT('',(2.61805180595,404.7152265352));
#1482 = CARTESIAN_POINT('',(2.697531470256,404.74115796085));
#1483 = CARTESIAN_POINT('',(2.738742738133,404.75501860719));
#1484 = CARTESIAN_POINT('',(2.779354735385,404.76904443627));
#1485 = CARTESIAN_POINT('',(2.819448323984,404.78321582177));
#1486 = CARTESIAN_POINT('',(2.85909527168,404.79751546461));
#1487 = CARTESIAN_POINT('',(2.898362394966,404.81192832033));
#1488 = CARTESIAN_POINT('',(2.937314061686,404.82644163336));
#1489 = CARTESIAN_POINT('',(2.9969065436,404.84892807147));
#1490 = CARTESIAN_POINT('',(3.017723852373,404.85683699678));
#1491 = CARTESIAN_POINT('',(3.038476723141,404.86476989967));
#1492 = CARTESIAN_POINT('',(3.059174430481,404.87272495897));
#1493 = CARTESIAN_POINT('',(3.079825998624,404.88070039266));
#1494 = CARTESIAN_POINT('',(3.100440310955,404.88869445796));
#1495 = CARTESIAN_POINT('',(3.121026219514,404.89670545144));
#1496 = CARTESIAN_POINT('',(3.1415926545,404.90473170912));
#1497 = ( GEOMETRIC_REPRESENTATION_CONTEXT(2) 
PARAMETRIC_REPRESENTATION_CONTEXT() REPRESENTATION_CONTEXT('2D SPACE',''
  ) );
#1498 = PCURVE('',#1499,#1504);
#1499 = CYLINDRICAL_SURFACE('',#1500,12.7);
#1500 = AXIS2_PLACEMENT_3D('',#1501,#1502,#1503);
#1501 = CARTESIAN_POINT('',(460.,0.,1.4157E+03));
#1502 = DIRECTION('',(1.,0.,0.));
#1503 = DIRECTION('',(0.,0.,1.));
#1504 = DEFINITIONAL_REPRESENTATION('',(#1505),#1599);
#1505 = B_SPLINE_CURVE_WITH_KNOTS('',8,(#1506,#1507,#1508,#1509,#1510,
    #1511,#1512,#1513,#1514,#1515,#1516,#1517,#1518,#1519,#1520,#1521,
    #1522,#1523,#1524,#1525,#1526,#1527,#1528,#1529,#1530,#1531,#1532,
    #1533,#1534,#1535,#1536,#1537,#1538,#1539,#1540,#1541,#1542,#1543,
    #1544,#1545,#1546,#1547,#1548,#1549,#1550,#1551,#1552,#1553,#1554,
    #1555,#1556,#1557,#1558,#1559,#1560,#1561,#1562,#1563,#1564,#1565,
    #1566,#1567,#1568,#1569,#1570,#1571,#1572,#1573,#1574,#1575,#1576,
    #1577,#1578,#1579,#1580,#1581,#1582,#1583,#1584,#1585,#1586,#1587,
    #1588,#1589,#1590,#1591,#1592,#1593,#1594,#1595,#1596,#1597,#1598),
  .UNSPECIFIED.,.F.,.F.,(9,7,7,7,7,7,7,7,7,7,7,7,7,9),(0.,0.156338604086
    ,0.298307732102,0.374921685813,0.426263689179,0.451000495811,
    0.499862389765,0.534279825625,0.5740227411,0.625326596711,
    0.701893774676,0.811589859698,0.9339489154,1.),.UNSPECIFIED.);
#1506 = CARTESIAN_POINT('',(3.030594567741E-02,4.873754733126E-10));
#1507 = CARTESIAN_POINT('',(7.907300308912E-02,0.619341509059));
#1508 = CARTESIAN_POINT('',(0.127942148604,1.237893430623));
#1509 = CARTESIAN_POINT('',(0.177040181823,1.855028233433));
#1510 = CARTESIAN_POINT('',(0.226485776578,2.469995256571));
#1511 = CARTESIAN_POINT('',(0.276398951577,3.081921297823));
#1512 = CARTESIAN_POINT('',(0.326906795922,3.689812299453));
#1513 = CARTESIAN_POINT('',(0.378153142061,4.292551595761));
#1514 = CARTESIAN_POINT('',(0.477691838887,5.430417790446));
#1515 = CARTESIAN_POINT('',(0.525792046544,5.966315519198));
#1516 = CARTESIAN_POINT('',(0.574773775176,6.495875459504));
#1517 = CARTESIAN_POINT('',(0.624784707239,7.017908859671));
#1518 = CARTESIAN_POINT('',(0.675974731769,7.530765063478));
#1519 = CARTESIAN_POINT('',(0.728512111715,8.032307175713));
#1520 = CARTESIAN_POINT('',(0.782592556492,8.519913122605));
#1521 = CARTESIAN_POINT('',(0.86867381536,9.24414072164));
#1522 = CARTESIAN_POINT('',(0.899365004798,9.492857644991));
#1523 = CARTESIAN_POINT('',(0.930618874538,9.735931561777));
#1524 = CARTESIAN_POINT('',(0.962475110283,9.972698059249));
#1525 = CARTESIAN_POINT('',(0.994970742443,10.202352410387));
#1526 = CARTESIAN_POINT('',(1.028141385578,10.423954725715));
#1527 = CARTESIAN_POINT('',(1.062022856376,10.636432381398));
#1528 = CARTESIAN_POINT('',(1.119860296271,10.974046554699));
#1529 = CARTESIAN_POINT('',(1.143399874677,11.104851761354));
#1530 = CARTESIAN_POINT('',(1.167281466426,11.230624753027));
#1531 = CARTESIAN_POINT('',(1.19151119002,11.35094928132));
#1532 = CARTESIAN_POINT('',(1.216091771322,11.465369646335));
#1533 = CARTESIAN_POINT('',(1.241022266055,11.573399387074));
#1534 = CARTESIAN_POINT('',(1.266297454861,11.674532455904));
#1535 = CARTESIAN_POINT('',(1.304245661322,11.813413722004));
#1536 = CARTESIAN_POINT('',(1.316661637921,11.856849398944));
#1537 = CARTESIAN_POINT('',(1.329153403952,11.898505988541));
#1538 = CARTESIAN_POINT('',(1.341719178915,11.938325184622));
#1539 = CARTESIAN_POINT('',(1.354356805189,11.976248934089));
#1540 = CARTESIAN_POINT('',(1.367063714634,12.012220076806));
#1541 = CARTESIAN_POINT('',(1.379836895176,12.046182985479));
#1542 = CARTESIAN_POINT('',(1.418027359888,12.141097756757));
#1543 = CARTESIAN_POINT('',(1.443631782832,12.196079715171));
#1544 = CARTESIAN_POINT('',(1.469453468572,12.242598225307));
#1545 = CARTESIAN_POINT('',(1.49545714047,12.280279609853));
#1546 = CARTESIAN_POINT('',(1.52160429369,12.30881903839));
#1547 = CARTESIAN_POINT('',(1.547852228968,12.327994898566));
#1548 = CARTESIAN_POINT('',(1.574152729394,12.337686869707));
#1549 = CARTESIAN_POINT('',(1.618973970588,12.338046203114));
#1550 = CARTESIAN_POINT('',(1.637498840229,12.333490555102));
#1551 = CARTESIAN_POINT('',(1.656006638766,12.324229675809));
#1552 = CARTESIAN_POINT('',(1.674480266018,12.310290993414));
#1553 = CARTESIAN_POINT('',(1.692903676753,12.291728203906));
#1554 = CARTESIAN_POINT('',(1.711261685472,12.268619031706));
#1555 = CARTESIAN_POINT('',(1.729539771192,12.241062990272));
#1556 = CARTESIAN_POINT('',(1.76872165761,12.172361842809));
#1557 = CARTESIAN_POINT('',(1.789595604062,12.12977133562));
#1558 = CARTESIAN_POINT('',(1.810325348669,12.081587849392));
#1559 = CARTESIAN_POINT('',(1.830894250545,12.028020020818));
#1560 = CARTESIAN_POINT('',(1.851288777771,11.969295499918));
#1561 = CARTESIAN_POINT('',(1.871498043116,11.905653009714));
#1562 = CARTESIAN_POINT('',(1.891513498549,11.837335860716));
#1563 = CARTESIAN_POINT('',(1.936908209727,11.670675814409));
#1564 = CARTESIAN_POINT('',(1.962153464062,11.569381666938));
#1565 = CARTESIAN_POINT('',(1.987054313476,11.461215149695));
#1566 = CARTESIAN_POINT('',(2.011605678339,11.346680715852));
#1567 = CARTESIAN_POINT('',(2.035806716705,11.226263093786));
#1568 = CARTESIAN_POINT('',(2.059660227267,11.100416232793));
#1569 = CARTESIAN_POINT('',(2.083172375988,10.969554700574));
#1570 = CARTESIAN_POINT('',(2.140947720335,10.631813191053));
#1571 = CARTESIAN_POINT('',(2.174795190565,10.419281269765));
#1572 = CARTESIAN_POINT('',(2.207933196284,10.197653005348));
#1573 = CARTESIAN_POINT('',(2.240397550487,9.96799700219));
#1574 = CARTESIAN_POINT('',(2.272223838636,9.731249603425));
#1575 = CARTESIAN_POINT('',(2.303449036815,9.488212533141));
#1576 = CARTESIAN_POINT('',(2.334112749375,9.239547809724));
#1577 = CARTESIAN_POINT('',(2.407446587746,8.622188033051));
#1578 = CARTESIAN_POINT('',(2.44955156024,8.248275840504));
#1579 = CARTESIAN_POINT('',(2.490697114808,7.865599388472));
#1580 = CARTESIAN_POINT('',(2.530980054304,7.475471602387));
#1581 = CARTESIAN_POINT('',(2.570484493599,7.078993199976));
#1582 = CARTESIAN_POINT('',(2.609288465527,6.677064800692));
#1583 = CARTESIAN_POINT('',(2.647467043572,6.27038596467));
#1584 = CARTESIAN_POINT('',(2.72706985114,5.401091443898));
#1585 = CARTESIAN_POINT('',(2.768346482442,4.937585208795));
#1586 = CARTESIAN_POINT('',(2.809024359505,4.469731253611));
#1587 = CARTESIAN_POINT('',(2.849184374381,3.998225461945));
#1588 = CARTESIAN_POINT('',(2.888898293257,3.523677148097));
#1589 = CARTESIAN_POINT('',(2.928232912791,3.046612975311));
#1590 = CARTESIAN_POINT('',(2.967252571203,2.567477406694));
#1591 = CARTESIAN_POINT('',(3.026950462376,1.827066525979));
#1592 = CARTESIAN_POINT('',(3.047804858296,1.567015295072));
#1593 = CARTESIAN_POINT('',(3.068594943015,1.306543457227));
#1594 = CARTESIAN_POINT('',(3.089329984544,1.045713477219));
#1595 = CARTESIAN_POINT('',(3.11001900038,0.784586062684));
#1596 = CARTESIAN_POINT('',(3.130670866474,0.523220166824));
#1597 = CARTESIAN_POINT('',(3.151294426188,0.261672991102));
#1598 = CARTESIAN_POINT('',(3.171898599267,-1.205108901559E-08));
#1599 = ( GEOMETRIC_REPRESENTATION_CONTEXT(2) 
PARAMETRIC_REPRESENTATION_CONTEXT() REPRESENTATION_CONTEXT('2D SPACE',''
  ) );
#1600 = ORIENTED_EDGE('',*,*,#1104,.F.);
#1601 = ORIENTED_EDGE('',*,*,#1602,.F.);
#1602 = EDGE_CURVE('',#1603,#46,#1605,.T.);
#1603 = VERTEX_POINT('',#1604);
#1604 = CARTESIAN_POINT('',(460.38447518335,3.110602869834E-15,
    1.0284E+03));
#1605 = SURFACE_CURVE('',#1606,(#1612,#1621),.PCURVE_S1.);
#1606 = B_SPLINE_CURVE_WITH_KNOTS('',4,(#1607,#1608,#1609,#1610,#1611),
  .UNSPECIFIED.,.F.,.F.,(5,5),(0.,1.),.PIECEWISE_BEZIER_KNOTS.);
#1607 = CARTESIAN_POINT('',(460.38447518335,3.103073353827E-14,
    1.0284E+03));
#1608 = CARTESIAN_POINT('',(460.2588460818,-0.125916572589,1.0284E+03));
#1609 = CARTESIAN_POINT('',(460.23222207978,-8.728901212106E-02,
    1.028401464771E+03));
#1610 = CARTESIAN_POINT('',(460.07806842043,-0.384650144709,
    1.028394173635E+03));
#1611 = CARTESIAN_POINT('',(460.00000006142,-0.384793075772,
    1.028394169303E+03));
#1612 = PCURVE('',#58,#1613);
#1613 = DEFINITIONAL_REPRESENTATION('',(#1614),#1620);
#1614 = B_SPLINE_CURVE_WITH_KNOTS('',4,(#1615,#1616,#1617,#1618,#1619),
  .UNSPECIFIED.,.F.,.F.,(5,5),(0.,1.),.PIECEWISE_BEZIER_KNOTS.);
#1615 = CARTESIAN_POINT('',(3.067445420427E-02,1.178218596624E-02));
#1616 = CARTESIAN_POINT('',(2.064562937056E-02,7.935816208707E-03));
#1617 = CARTESIAN_POINT('',(1.851330264309E-02,9.122549629462E-03));
#1618 = CARTESIAN_POINT('',(6.237321506409E-03,5.41438232263E-06));
#1619 = CARTESIAN_POINT('',(0.,1.028646703257E-06));
#1620 = ( GEOMETRIC_REPRESENTATION_CONTEXT(2) 
PARAMETRIC_REPRESENTATION_CONTEXT() REPRESENTATION_CONTEXT('2D SPACE',''
  ) );
#1621 = PCURVE('',#1622,#1627);
#1622 = CYLINDRICAL_SURFACE('',#1623,12.7);
#1623 = AXIS2_PLACEMENT_3D('',#1624,#1625,#1626);
#1624 = CARTESIAN_POINT('',(460.,0.,1.0157E+03));
#1625 = DIRECTION('',(1.,0.,0.));
#1626 = DIRECTION('',(0.,0.,1.));
#1627 = DEFINITIONAL_REPRESENTATION('',(#1628),#1634);
#1628 = B_SPLINE_CURVE_WITH_KNOTS('',4,(#1629,#1630,#1631,#1632,#1633),
  .UNSPECIFIED.,.F.,.F.,(5,5),(0.,1.),.PIECEWISE_BEZIER_KNOTS.);
#1629 = CARTESIAN_POINT('',(0.,0.384475183357));
#1630 = CARTESIAN_POINT('',(9.914690755064E-03,0.258846081801));
#1631 = CARTESIAN_POINT('',(6.870241250732E-03,0.232222079785));
#1632 = CARTESIAN_POINT('',(3.029204545862E-02,7.80684204352E-02));
#1633 = CARTESIAN_POINT('',(3.030330504244E-02,6.142420261313E-08));
#1634 = ( GEOMETRIC_REPRESENTATION_CONTEXT(2) 
PARAMETRIC_REPRESENTATION_CONTEXT() REPRESENTATION_CONTEXT('2D SPACE',''
  ) );
#1635 = ORIENTED_EDGE('',*,*,#1636,.F.);
#1636 = EDGE_CURVE('',#44,#1603,#1637,.T.);
#1637 = SURFACE_CURVE('',#1638,(#1725,#1815),.PCURVE_S1.);
#1638 = B_SPLINE_CURVE_WITH_KNOTS('',8,(#1639,#1640,#1641,#1642,#1643,
    #1644,#1645,#1646,#1647,#1648,#1649,#1650,#1651,#1652,#1653,#1654,
    #1655,#1656,#1657,#1658,#1659,#1660,#1661,#1662,#1663,#1664,#1665,
    #1666,#1667,#1668,#1669,#1670,#1671,#1672,#1673,#1674,#1675,#1676,
    #1677,#1678,#1679,#1680,#1681,#1682,#1683,#1684,#1685,#1686,#1687,
    #1688,#1689,#1690,#1691,#1692,#1693,#1694,#1695,#1696,#1697,#1698,
    #1699,#1700,#1701,#1702,#1703,#1704,#1705,#1706,#1707,#1708,#1709,
    #1710,#1711,#1712,#1713,#1714,#1715,#1716,#1717,#1718,#1719,#1720,
    #1721,#1722,#1723,#1724),.UNSPECIFIED.,.F.,.F.,(9,7,7,7,7,7,7,7,7,7,
    7,7,9),(0.,0.155024249677,0.303140930715,0.380337101172,
    0.432112732733,0.45708756096,0.506080190541,0.540339102278,
    0.580603652401,0.632623116778,0.710313432295,0.847295664874,1.),
  .UNSPECIFIED.);
#1639 = CARTESIAN_POINT('',(459.99999997985,0.384826596431,
    1.003005831713E+03));
#1640 = CARTESIAN_POINT('',(460.60671416814,0.991262101979,
    1.003024216071E+03));
#1641 = CARTESIAN_POINT('',(461.21267377453,1.597941582653,
    1.003075747299E+03));
#1642 = CARTESIAN_POINT('',(461.81728356965,2.204253566121,
    1.003160648455E+03));
#1643 = CARTESIAN_POINT('',(462.41983722713,2.809456558122,
    1.003279429965E+03));
#1644 = CARTESIAN_POINT('',(463.01951837079,3.412676257922,
    1.003432867927E+03));
#1645 = CARTESIAN_POINT('',(463.61540186467,4.012904592768,
    1.003621992967E+03));
#1646 = CARTESIAN_POINT('',(464.20645210767,4.608993954297,
    1.003848152376E+03));
#1647 = CARTESIAN_POINT('',(465.35050885259,5.763968085183,
    1.004366453717E+03));
#1648 = CARTESIAN_POINT('',(465.90364593432,6.322932303066,
    1.004655029934E+03));
#1649 = CARTESIAN_POINT('',(466.45019522697,6.875671858016,
    1.004980592214E+03));
#1650 = CARTESIAN_POINT('',(466.98888669158,7.420752667346,
    1.005345129435E+03));
#1651 = CARTESIAN_POINT('',(467.51793507651,7.956180949667,
    1.005750877894E+03));
#1652 = CARTESIAN_POINT('',(468.03501010392,8.47935695679,
    1.006200418875E+03));
#1653 = CARTESIAN_POINT('',(468.53724202077,8.98707194066,
    1.006696663448E+03));
#1654 = CARTESIAN_POINT('',(469.27313911369,9.729684420278,
    1.007528754524E+03));
#1655 = CARTESIAN_POINT('',(469.52013877668,9.978693595243,
    1.007827500562E+03));
#1656 = CARTESIAN_POINT('',(469.76149081531,10.221700406903,
    1.008140442624E+03));
#1657 = CARTESIAN_POINT('',(469.99653226828,10.457969620019,
    1.008468094738E+03));
#1658 = CARTESIAN_POINT('',(470.22446099142,10.686617300897,
    1.008810930076E+03));
#1659 = CARTESIAN_POINT('',(470.44434094596,10.906615762615,
    1.009169369775E+03));
#1660 = CARTESIAN_POINT('',(470.65510491601,11.116796278865,
    1.009543776332E+03));
#1661 = CARTESIAN_POINT('',(470.98999671126,11.449355019016,
    1.010196478278E+03));
#1662 = CARTESIAN_POINT('',(471.11977699078,11.5778331322,
    1.01046578038E+03));
#1663 = CARTESIAN_POINT('',(471.24452616897,11.700881334726,
    1.010742425423E+03));
#1664 = CARTESIAN_POINT('',(471.36383002341,11.818050624817,
    1.01102642388E+03));
#1665 = CARTESIAN_POINT('',(471.47723565194,11.928852272038,
    1.011317721386E+03));
#1666 = CARTESIAN_POINT('',(471.58426018466,12.032767436205,
    1.011616188094E+03));
#1667 = CARTESIAN_POINT('',(471.6844019902,12.129259703297,
    1.011921605147E+03));
#1668 = CARTESIAN_POINT('',(471.8218950165,12.260494844123,
    1.012384167398E+03));
#1669 = CARTESIAN_POINT('',(471.86491498971,12.301345447388,
    1.012536223854E+03));
#1670 = CARTESIAN_POINT('',(471.90615678464,12.340281326687,
    1.012689777964E+03));
#1671 = CARTESIAN_POINT('',(471.94556256407,12.377241312105,
    1.012844783521E+03));
#1672 = CARTESIAN_POINT('',(471.98307480127,12.412164788249,
    1.013001187317E+03));
#1673 = CARTESIAN_POINT('',(472.01863691654,12.444992397192,
    1.013158928682E+03));
#1674 = CARTESIAN_POINT('',(472.05219391373,12.47566674141,
    1.013317939026E+03));
#1675 = CARTESIAN_POINT('',(472.14548418809,12.559974956715,
    1.013792407173E+03));
#1676 = CARTESIAN_POINT('',(472.19936804132,12.60733075264,
    1.014111319666E+03));
#1677 = CARTESIAN_POINT('',(472.2449273265,12.64576944999,
    1.014434229978E+03));
#1678 = CARTESIAN_POINT('',(472.28180167888,12.67492311662,
    1.014760420854E+03));
#1679 = CARTESIAN_POINT('',(472.30969778512,12.694498452115,
    1.015089104013E+03));
#1680 = CARTESIAN_POINT('',(472.32840301528,12.704291825181,
    1.015419416784E+03));
#1681 = CARTESIAN_POINT('',(472.33780252051,12.704207809062,
    1.015750418009E+03));
#1682 = CARTESIAN_POINT('',(472.33796781842,12.687339878839,
    1.016312306405E+03));
#1683 = CARTESIAN_POINT('',(472.33348724099,12.675584750996,
    1.016543397514E+03));
#1684 = CARTESIAN_POINT('',(472.32445736414,12.659025330193,
    1.016774018358E+03));
#1685 = CARTESIAN_POINT('',(472.31090409974,12.637699412288,
    1.017003846676E+03));
#1686 = CARTESIAN_POINT('',(472.2928779311,12.61167088966,
    1.017232575735E+03));
#1687 = CARTESIAN_POINT('',(472.27045187235,12.581027550622,
    1.017459913912E+03));
#1688 = CARTESIAN_POINT('',(472.24371942797,12.545878878822,
    1.017685584279E+03));
#1689 = CARTESIAN_POINT('',(472.17644414889,12.459900030387,
    1.01817228601E+03));
#1690 = CARTESIAN_POINT('',(472.13429945714,12.407397934842,
    1.018432599063E+03));
#1691 = CARTESIAN_POINT('',(472.08653732513,12.349053418418,
    1.018689851036E+03));
#1692 = CARTESIAN_POINT('',(472.03336558007,12.28510181448,
    1.018943692394E+03));
#1693 = CARTESIAN_POINT('',(471.97501156,12.215797897965,
    1.019193829848E+03));
#1694 = CARTESIAN_POINT('',(471.9117141103,12.141407388953,
    1.019440020806E+03));
#1695 = CARTESIAN_POINT('',(471.84371704509,12.062199999186,
    1.01968206878E+03));
#1696 = CARTESIAN_POINT('',(471.67765903452,11.870236154273,
    1.020226980246E+03));
#1697 = CARTESIAN_POINT('',(471.57661860565,11.754438529892,
    1.02052696153E+03));
#1698 = CARTESIAN_POINT('',(471.46865637387,11.631615798873,
    1.020819473678E+03));
#1699 = CARTESIAN_POINT('',(471.35428024726,11.502323398245,
    1.021104332805E+03));
#1700 = CARTESIAN_POINT('',(471.23397864278,11.367093006507,
    1.021381443531E+03));
#1701 = CARTESIAN_POINT('',(471.10820919041,11.226420761951,
    1.021650784524E+03));
#1702 = CARTESIAN_POINT('',(470.97738995341,11.080758244396,
    1.021912397143E+03));
#1703 = CARTESIAN_POINT('',(470.63953067668,10.706107001752,
    1.022545692669E+03));
#1704 = CARTESIAN_POINT('',(470.42678522023,10.471526672472,
    1.022907889345E+03));
#1705 = CARTESIAN_POINT('',(470.20487062562,10.228070229798,
    1.023253363514E+03));
#1706 = CARTESIAN_POINT('',(469.97486670443,9.976895476182,
    1.023582561404E+03));
#1707 = CARTESIAN_POINT('',(469.73771950671,9.719013081401,
    1.02389597791E+03));
#1708 = CARTESIAN_POINT('',(469.49423883499,9.45528453371,
    1.024194150268E+03));
#1709 = CARTESIAN_POINT('',(469.24509301519,9.186417979969,
    1.024477646662E+03));
#1710 = CARTESIAN_POINT('',(468.54243746948,8.430808978528,
    1.025222056659E+03));
#1711 = CARTESIAN_POINT('',(468.07840172875,7.934739272334,
    1.025652904977E+03));
#1712 = CARTESIAN_POINT('',(467.60156082826,7.427776591079,
    1.026042921152E+03));
#1713 = CARTESIAN_POINT('',(467.11422593599,6.91235712471,
    1.026394607144E+03));
#1714 = CARTESIAN_POINT('',(466.61829069139,6.390463563966,
    1.02671017097E+03));
#1715 = CARTESIAN_POINT('',(466.11523416681,5.863634314823,
    1.026991541828E+03));
#1716 = CARTESIAN_POINT('',(465.60613911986,5.332989108975,
    1.027240432972E+03));
#1717 = CARTESIAN_POINT('',(464.51817010058,4.204199648926,
    1.027701155949E+03));
#1718 = CARTESIAN_POINT('',(463.93834421592,3.605662197896,
    1.027905307694E+03));
#1719 = CARTESIAN_POINT('',(463.35339752779,3.004848442109,
    1.02807272865E+03));
#1720 = CARTESIAN_POINT('',(462.76438431919,2.402843319513,
    1.028204888204E+03));
#1721 = CARTESIAN_POINT('',(462.17223440148,1.80059659242,
    1.028302935017E+03));
#1722 = CARTESIAN_POINT('',(461.57775859283,1.198929847152,
    1.028367761825E+03));
#1723 = CARTESIAN_POINT('',(460.98164818793,0.598539520769,
    1.028400000002E+03));
#1724 = CARTESIAN_POINT('',(460.38447518335,-2.615352422798E-14,
    1.0284E+03));
#1725 = PCURVE('',#58,#1726);
#1726 = DEFINITIONAL_REPRESENTATION('',(#1727),#1814);
#1727 = B_SPLINE_CURVE_WITH_KNOTS('',8,(#1728,#1729,#1730,#1731,#1732,
    #1733,#1734,#1735,#1736,#1737,#1738,#1739,#1740,#1741,#1742,#1743,
    #1744,#1745,#1746,#1747,#1748,#1749,#1750,#1751,#1752,#1753,#1754,
    #1755,#1756,#1757,#1758,#1759,#1760,#1761,#1762,#1763,#1764,#1765,
    #1766,#1767,#1768,#1769,#1770,#1771,#1772,#1773,#1774,#1775,#1776,
    #1777,#1778,#1779,#1780,#1781,#1782,#1783,#1784,#1785,#1786,#1787,
    #1788,#1789,#1790,#1791,#1792,#1793,#1794,#1795,#1796,#1797,#1798,
    #1799,#1800,#1801,#1802,#1803,#1804,#1805,#1806,#1807,#1808,#1809,
    #1810,#1811,#1812,#1813),.UNSPECIFIED.,.F.,.F.,(9,7,7,7,7,7,7,7,7,7,
    7,7,9),(0.,0.155024249677,0.303140930715,0.380337101172,
    0.432112732733,0.45708756096,0.506080190541,0.540339102278,
    0.580603652401,0.632623116778,0.710313432295,0.847295664874,1.),
  .UNSPECIFIED.);
#1728 = CARTESIAN_POINT('',(3.141592655176,0.));
#1729 = CARTESIAN_POINT('',(3.093732372845,1.860965460094E-02));
#1730 = CARTESIAN_POINT('',(3.045774361325,3.713470429145E-02));
#1731 = CARTESIAN_POINT('',(2.997599942953,5.555738328482E-02));
#1732 = CARTESIAN_POINT('',(2.949097695024,7.38568802506E-02));
#1733 = CARTESIAN_POINT('',(2.900155019683,9.200942419036E-02));
#1734 = CARTESIAN_POINT('',(2.850652884555,0.109988416041));
#1735 = CARTESIAN_POINT('',(2.800457182985,0.127764465983));
#1736 = CARTESIAN_POINT('',(2.700618140638,0.162064347231));
#1737 = CARTESIAN_POINT('',(2.651083933489,0.178596957299));
#1738 = CARTESIAN_POINT('',(2.60063038409,0.194883170607));
#1739 = CARTESIAN_POINT('',(2.549097378739,0.210887308141));
#1740 = CARTESIAN_POINT('',(2.496323216491,0.226558973449));
#1741 = CARTESIAN_POINT('',(2.442125746592,0.241832529211));
#1742 = CARTESIAN_POINT('',(2.386293257245,0.256627520287));
#1743 = CARTESIAN_POINT('',(2.298394208084,0.278251308346));
#1744 = CARTESIAN_POINT('',(2.267762325398,0.285499082849));
#1745 = CARTESIAN_POINT('',(2.23657182632,0.292571522656));
#1746 = CARTESIAN_POINT('',(2.204783813204,0.299449981865));
#1747 = CARTESIAN_POINT('',(2.172362147439,0.306111859559));
#1748 = CARTESIAN_POINT('',(2.139272251851,0.312530781217));
#1749 = CARTESIAN_POINT('',(2.105479562368,0.318676687364));
#1750 = CARTESIAN_POINT('',(2.047786989654,0.328432154161));
#1751 = CARTESIAN_POINT('',(2.024297602125,0.332209842513));
#1752 = CARTESIAN_POINT('',(2.000470361457,0.33583848647));
#1753 = CARTESIAN_POINT('',(1.976299616712,0.339306396182));
#1754 = CARTESIAN_POINT('',(1.951783125561,0.342600783208));
#1755 = CARTESIAN_POINT('',(1.926922333797,0.345708010483));
#1756 = CARTESIAN_POINT('',(1.901722979768,0.348613909044));
#1757 = CARTESIAN_POINT('',(1.863882676216,0.352601849088));
#1758 = CARTESIAN_POINT('',(1.851493463584,0.353849322525));
#1759 = CARTESIAN_POINT('',(1.839029882366,0.355044956264));
#1760 = CARTESIAN_POINT('',(1.826493770489,0.356187115306));
#1761 = CARTESIAN_POINT('',(1.813887340108,0.357274173203));
#1762 = CARTESIAN_POINT('',(1.801213210466,0.358304530052));
#1763 = CARTESIAN_POINT('',(1.788474440747,0.359276630477));
#1764 = CARTESIAN_POINT('',(1.750565294257,0.361978722914));
#1765 = CARTESIAN_POINT('',(1.725216112066,0.363538880897));
#1766 = CARTESIAN_POINT('',(1.69965919856,0.364857638961));
#1767 = CARTESIAN_POINT('',(1.673929210707,0.365924803273));
#1768 = CARTESIAN_POINT('',(1.64806385934,0.366732077027));
#1769 = CARTESIAN_POINT('',(1.622104820075,0.367273440543));
#1770 = CARTESIAN_POINT('',(1.596098976055,0.367545637213));
#1771 = CARTESIAN_POINT('',(1.551919770512,0.367550952669));
#1772 = CARTESIAN_POINT('',(1.533740375584,0.367421570907));
#1773 = CARTESIAN_POINT('',(1.515579188813,0.367160599665));
#1774 = CARTESIAN_POINT('',(1.497452421625,0.366768771233));
#1775 = CARTESIAN_POINT('',(1.479375296472,0.366247513008));
#1776 = CARTESIAN_POINT('',(1.461362227506,0.365598889975));
#1777 = CARTESIAN_POINT('',(1.443427001252,0.364825547168));
#1778 = CARTESIAN_POINT('',(1.404610825766,0.362878880704));
#1779 = CARTESIAN_POINT('',(1.383763218118,0.361659136484));
#1780 = CARTESIAN_POINT('',(1.363060611648,0.360276478856));
#1781 = CARTESIAN_POINT('',(1.342519719203,0.358736785504));
#1782 = CARTESIAN_POINT('',(1.322154120223,0.357046484538));
#1783 = CARTESIAN_POINT('',(1.301974731984,0.355212328367));
#1784 = CARTESIAN_POINT('',(1.281990121033,0.35324120936));
#1785 = CARTESIAN_POINT('',(1.236647563446,0.348425398935));
#1786 = CARTESIAN_POINT('',(1.211424792955,0.345493732524));
#1787 = CARTESIAN_POINT('',(1.186548588057,0.342359528538));
#1788 = CARTESIAN_POINT('',(1.162023938416,0.339037132324));
#1789 = CARTESIAN_POINT('',(1.137851530086,0.335540337413));
#1790 = CARTESIAN_POINT('',(1.114028363998,0.33188206612));
#1791 = CARTESIAN_POINT('',(1.090548041528,0.328074117404));
#1792 = CARTESIAN_POINT('',(1.032830523895,0.318231992514));
#1793 = CARTESIAN_POINT('',(0.999011680443,0.31202801287));
#1794 = CARTESIAN_POINT('',(0.965905069479,0.305549233223));
#1795 = CARTESIAN_POINT('',(0.933473809215,0.298826072236));
#1796 = CARTESIAN_POINT('',(0.901681257674,0.291885192151));
#1797 = CARTESIAN_POINT('',(0.870489388088,0.284749415851));
#1798 = CARTESIAN_POINT('',(0.839857535382,0.277437545912));
#1799 = CARTESIAN_POINT('',(0.756641460676,0.256787008629));
#1800 = CARTESIAN_POINT('',(0.705183619163,0.243117173664));
#1801 = CARTESIAN_POINT('',(0.655119310254,0.229034838809));
#1802 = CARTESIAN_POINT('',(0.606272422675,0.214604850415));
#1803 = CARTESIAN_POINT('',(0.558490696486,0.199880551369));
#1804 = CARTESIAN_POINT('',(0.511637133023,0.184903682913));
#1805 = CARTESIAN_POINT('',(0.465577015673,0.169704676301));
#1806 = CARTESIAN_POINT('',(0.369553410893,0.137131408625));
#1807 = CARTESIAN_POINT('',(0.319779569289,0.119718194239));
#1808 = CARTESIAN_POINT('',(0.270676722733,0.102095926805));
#1809 = CARTESIAN_POINT('',(0.222104787132,8.429445939379E-02));
#1810 = CARTESIAN_POINT('',(0.173938483831,6.634047532723E-02));
#1811 = CARTESIAN_POINT('',(0.126058536932,4.8257502126E-02));
#1812 = CARTESIAN_POINT('',(7.834607740896E-02,3.006575176746E-02));
#1813 = CARTESIAN_POINT('',(3.067445211262E-02,1.178218300534E-02));
#1814 = ( GEOMETRIC_REPRESENTATION_CONTEXT(2) 
PARAMETRIC_REPRESENTATION_CONTEXT() REPRESENTATION_CONTEXT('2D SPACE',''
  ) );
#1815 = PCURVE('',#1622,#1816);
#1816 = DEFINITIONAL_REPRESENTATION('',(#1817),#1904);
#1817 = B_SPLINE_CURVE_WITH_KNOTS('',8,(#1818,#1819,#1820,#1821,#1822,
    #1823,#1824,#1825,#1826,#1827,#1828,#1829,#1830,#1831,#1832,#1833,
    #1834,#1835,#1836,#1837,#1838,#1839,#1840,#1841,#1842,#1843,#1844,
    #1845,#1846,#1847,#1848,#1849,#1850,#1851,#1852,#1853,#1854,#1855,
    #1856,#1857,#1858,#1859,#1860,#1861,#1862,#1863,#1864,#1865,#1866,
    #1867,#1868,#1869,#1870,#1871,#1872,#1873,#1874,#1875,#1876,#1877,
    #1878,#1879,#1880,#1881,#1882,#1883,#1884,#1885,#1886,#1887,#1888,
    #1889,#1890,#1891,#1892,#1893,#1894,#1895,#1896,#1897,#1898,#1899,
    #1900,#1901,#1902,#1903),.UNSPECIFIED.,.F.,.F.,(9,7,7,7,7,7,7,7,7,7,
    7,7,9),(0.,0.155024249677,0.303140930715,0.380337101172,
    0.432112732733,0.45708756096,0.506080190541,0.540339102278,
    0.580603652401,0.632623116778,0.710313432295,0.847295664874,1.),
  .UNSPECIFIED.);
#1818 = CARTESIAN_POINT('',(3.171898599267,-2.014843403231E-08));
#1819 = CARTESIAN_POINT('',(3.219671371445,0.606714168148));
#1820 = CARTESIAN_POINT('',(3.267542383683,1.212673774536));
#1821 = CARTESIAN_POINT('',(3.315630359251,1.817283569651));
#1822 = CARTESIAN_POINT('',(3.364046845776,2.419837227131));
#1823 = CARTESIAN_POINT('',(3.412904561808,3.019518370798));
#1824 = CARTESIAN_POINT('',(3.462322696117,3.61540186467));
#1825 = CARTESIAN_POINT('',(3.512435613494,4.206452107673));
#1826 = CARTESIAN_POINT('',(3.612115848817,5.350508852597));
#1827 = CARTESIAN_POINT('',(3.661573951837,5.903645934322));
#1828 = CARTESIAN_POINT('',(3.711953162898,6.450195226973));
#1829 = CARTESIAN_POINT('',(3.763414036436,6.988886691586));
#1830 = CARTESIAN_POINT('',(3.816118905803,7.517935076518));
#1831 = CARTESIAN_POINT('',(3.870250825073,8.035010103929));
#1832 = CARTESIAN_POINT('',(3.926022742158,8.537242020771));
#1833 = CARTESIAN_POINT('',(4.013840042955,9.273139113692));
#1834 = CARTESIAN_POINT('',(4.044445785963,9.520138776685));
#1835 = CARTESIAN_POINT('',(4.075612274951,9.761490815319));
#1836 = CARTESIAN_POINT('',(4.107378723248,9.996532268284));
#1837 = CARTESIAN_POINT('',(4.139781645162,10.224460991427));
#1838 = CARTESIAN_POINT('',(4.172856059781,10.444340945964));
#1839 = CARTESIAN_POINT('',(4.20663704654,10.655104916013));
#1840 = CARTESIAN_POINT('',(4.264317377341,10.989996711268));
#1841 = CARTESIAN_POINT('',(4.287803819327,11.119776990782));
#1842 = CARTESIAN_POINT('',(4.31163026301,11.244526168973));
#1843 = CARTESIAN_POINT('',(4.335802554672,11.36383002341));
#1844 = CARTESIAN_POINT('',(4.360323146803,11.477235651941));
#1845 = CARTESIAN_POINT('',(4.385190815112,11.584260184669));
#1846 = CARTESIAN_POINT('',(4.410400048096,11.684401990204));
#1847 = CARTESIAN_POINT('',(4.448259778098,11.821895016506));
#1848 = CARTESIAN_POINT('',(4.460656062606,11.864914989716));
#1849 = CARTESIAN_POINT('',(4.473127490976,11.906156784649));
#1850 = CARTESIAN_POINT('',(4.485672249862,11.945562564079));
#1851 = CARTESIAN_POINT('',(4.498288151062,11.983074801279));
#1852 = CARTESIAN_POINT('',(4.510972598269,12.018636916545));
#1853 = CARTESIAN_POINT('',(4.523722553828,12.052193913737));
#1854 = CARTESIAN_POINT('',(4.561667459213,12.145484188093));
#1855 = CARTESIAN_POINT('',(4.587043748137,12.199368041322));
#1856 = CARTESIAN_POINT('',(4.612631335564,12.244927326505));
#1857 = CARTESIAN_POINT('',(4.638395682913,12.281801678882));
#1858 = CARTESIAN_POINT('',(4.664299161266,12.309697785124));
#1859 = CARTESIAN_POINT('',(4.690300129301,12.328403015282));
#1860 = CARTESIAN_POINT('',(4.716351677609,12.337802520511));
#1861 = CARTESIAN_POINT('',(4.760614789973,12.337967818429));
#1862 = CARTESIAN_POINT('',(4.778830514729,12.333487240991));
#1863 = CARTESIAN_POINT('',(4.797029800701,12.32445736414));
#1864 = CARTESIAN_POINT('',(4.815196392355,12.310904099748));
#1865 = CARTESIAN_POINT('',(4.833315011314,12.292877931105));
#1866 = CARTESIAN_POINT('',(4.851371176084,12.270451872359));
#1867 = CARTESIAN_POINT('',(4.86935102178,12.243719427978));
#1868 = CARTESIAN_POINT('',(4.908267378824,12.176444148897));
#1869 = CARTESIAN_POINT('',(4.929171099392,12.134299457143));
#1870 = CARTESIAN_POINT('',(4.94993166349,12.08653732513));
#1871 = CARTESIAN_POINT('',(4.970532205716,12.033365580077));
#1872 = CARTESIAN_POINT('',(4.990958985581,11.975011560004));
#1873 = CARTESIAN_POINT('',(5.011200919432,11.911714110301));
#1874 = CARTESIAN_POINT('',(5.031249272034,11.843717045095));
#1875 = CARTESIAN_POINT('',(5.07674027775,11.677659034522));
#1876 = CARTESIAN_POINT('',(5.102048440613,11.576618605658));
#1877 = CARTESIAN_POINT('',(5.127011400365,11.468656373878));
#1878 = CARTESIAN_POINT('',(5.151623817145,11.354280247262));
#1879 = CARTESIAN_POINT('',(5.17588466338,11.233978642785));
#1880 = CARTESIAN_POINT('',(5.199796611107,11.108209190412));
#1881 = CARTESIAN_POINT('',(5.223365750531,10.977389953418));
#1882 = CARTESIAN_POINT('',(5.281304103416,10.639530676684));
#1883 = CARTESIAN_POINT('',(5.315254621967,10.426785220234));
#1884 = CARTESIAN_POINT('',(5.348491378441,10.204870625628));
#1885 = CARTESIAN_POINT('',(5.381050353717,9.974866704433));
#1886 = CARTESIAN_POINT('',(5.412967337007,9.737719506716));
#1887 = CARTESIAN_POINT('',(5.444279555648,9.494238834996));
#1888 = CARTESIAN_POINT('',(5.475026924238,9.245093015199));
#1889 = CARTESIAN_POINT('',(5.55854685861,8.54243746948));
#1890 = CARTESIAN_POINT('',(5.610181201491,8.078401728753));
#1891 = CARTESIAN_POINT('',(5.660400748703,7.601560828268));
#1892 = CARTESIAN_POINT('',(5.709377696062,7.114225935996));
#1893 = CARTESIAN_POINT('',(5.757260377315,6.618290691396));
#1894 = CARTESIAN_POINT('',(5.804181799347,6.115234166813));
#1895 = CARTESIAN_POINT('',(5.850272491056,5.606139119867));
#1896 = CARTESIAN_POINT('',(5.946271931348,4.518170100584));
#1897 = CARTESIAN_POINT('',(5.995980843421,3.93834421592));
#1898 = CARTESIAN_POINT('',(6.044960171684,3.353397527791));
#1899 = CARTESIAN_POINT('',(6.093342897916,2.764384319197));
#1900 = CARTESIAN_POINT('',(6.141246487583,2.172234401486));
#1901 = CARTESIAN_POINT('',(6.18878139819,1.577758592835));
#1902 = CARTESIAN_POINT('',(6.236056211056,0.98164818793));
#1903 = CARTESIAN_POINT('',(6.28318530718,0.384475183357));
#1904 = ( GEOMETRIC_REPRESENTATION_CONTEXT(2) 
PARAMETRIC_REPRESENTATION_CONTEXT() REPRESENTATION_CONTEXT('2D SPACE',''
  ) );
#1905 = ADVANCED_FACE('',(#1906),#1088,.F.);
#1906 = FACE_BOUND('',#1907,.F.);
#1907 = EDGE_LOOP('',(#1908,#1932));
#1908 = ORIENTED_EDGE('',*,*,#1909,.T.);
#1909 = EDGE_CURVE('',#46,#44,#1910,.T.);
#1910 = SURFACE_CURVE('',#1911,(#1915,#1921),.PCURVE_S1.);
#1911 = LINE('',#1912,#1913);
#1912 = CARTESIAN_POINT('',(460.,-3.048273716031E-05,1.015701005526E+03)
  );
#1913 = VECTOR('',#1914,1.);
#1914 = DIRECTION('',(0.,3.030130680563E-02,-0.999540809975));
#1915 = PCURVE('',#1088,#1916);
#1916 = DEFINITIONAL_REPRESENTATION('',(#1917),#1920);
#1917 = B_SPLINE_CURVE_WITH_KNOTS('',1,(#1918,#1919),.UNSPECIFIED.,.F.,
  .F.,(2,2),(-12.69899401245,12.706840379951),.PIECEWISE_BEZIER_KNOTS.);
#1918 = CARTESIAN_POINT('',(12.697988024917,4.547473508865E-13));
#1919 = CARTESIAN_POINT('',(-12.70784636749,4.547473508865E-13));
#1920 = ( GEOMETRIC_REPRESENTATION_CONTEXT(2) 
PARAMETRIC_REPRESENTATION_CONTEXT() REPRESENTATION_CONTEXT('2D SPACE',''
  ) );
#1921 = PCURVE('',#1922,#1927);
#1922 = PLANE('',#1923);
#1923 = AXIS2_PLACEMENT_3D('',#1924,#1925,#1926);
#1924 = CARTESIAN_POINT('',(460.,0.,1.0157E+03));
#1925 = DIRECTION('',(1.,0.,0.));
#1926 = DIRECTION('',(0.,0.,1.));
#1927 = DEFINITIONAL_REPRESENTATION('',(#1928),#1931);
#1928 = B_SPLINE_CURVE_WITH_KNOTS('',1,(#1929,#1930),.UNSPECIFIED.,.F.,
  .F.,(2,2),(-12.69899401245,12.706840379951),.PIECEWISE_BEZIER_KNOTS.);
#1929 = CARTESIAN_POINT('',(12.694168286685,0.384826596432));
#1930 = CARTESIAN_POINT('',(-12.7,-0.385003386146));
#1931 = ( GEOMETRIC_REPRESENTATION_CONTEXT(2) 
PARAMETRIC_REPRESENTATION_CONTEXT() REPRESENTATION_CONTEXT('2D SPACE',''
  ) );
#1932 = ORIENTED_EDGE('',*,*,#43,.T.);
#1933 = ADVANCED_FACE('',(#1934),#1622,.T.);
#1934 = FACE_BOUND('',#1935,.T.);
#1935 = EDGE_LOOP('',(#1936,#1959,#1986,#1987,#1988,#2010));
#1936 = ORIENTED_EDGE('',*,*,#1937,.T.);
#1937 = EDGE_CURVE('',#1603,#1938,#1940,.T.);
#1938 = VERTEX_POINT('',#1939);
#1939 = CARTESIAN_POINT('',(610.,3.110602869834E-15,1.0284E+03));
#1940 = SEAM_CURVE('',#1941,(#1945,#1952),.PCURVE_S1.);
#1941 = LINE('',#1942,#1943);
#1942 = CARTESIAN_POINT('',(460.,3.110602869834E-15,1.0284E+03));
#1943 = VECTOR('',#1944,1.);
#1944 = DIRECTION('',(1.,0.,0.));
#1945 = PCURVE('',#1622,#1946);
#1946 = DEFINITIONAL_REPRESENTATION('',(#1947),#1951);
#1947 = LINE('',#1948,#1949);
#1948 = CARTESIAN_POINT('',(6.28318530718,-0.));
#1949 = VECTOR('',#1950,1.);
#1950 = DIRECTION('',(0.,1.));
#1951 = ( GEOMETRIC_REPRESENTATION_CONTEXT(2) 
PARAMETRIC_REPRESENTATION_CONTEXT() REPRESENTATION_CONTEXT('2D SPACE',''
  ) );
#1952 = PCURVE('',#1622,#1953);
#1953 = DEFINITIONAL_REPRESENTATION('',(#1954),#1958);
#1954 = LINE('',#1955,#1956);
#1955 = CARTESIAN_POINT('',(0.,-0.));
#1956 = VECTOR('',#1957,1.);
#1957 = DIRECTION('',(0.,1.));
#1958 = ( GEOMETRIC_REPRESENTATION_CONTEXT(2) 
PARAMETRIC_REPRESENTATION_CONTEXT() REPRESENTATION_CONTEXT('2D SPACE',''
  ) );
#1959 = ORIENTED_EDGE('',*,*,#1960,.F.);
#1960 = EDGE_CURVE('',#1938,#1938,#1961,.T.);
#1961 = SURFACE_CURVE('',#1962,(#1967,#1974),.PCURVE_S1.);
#1962 = CIRCLE('',#1963,12.7);
#1963 = AXIS2_PLACEMENT_3D('',#1964,#1965,#1966);
#1964 = CARTESIAN_POINT('',(610.,0.,1.0157E+03));
#1965 = DIRECTION('',(1.,0.,-0.));
#1966 = DIRECTION('',(0.,0.,1.));
#1967 = PCURVE('',#1622,#1968);
#1968 = DEFINITIONAL_REPRESENTATION('',(#1969),#1973);
#1969 = LINE('',#1970,#1971);
#1970 = CARTESIAN_POINT('',(0.,150.));
#1971 = VECTOR('',#1972,1.);
#1972 = DIRECTION('',(1.,0.));
#1973 = ( GEOMETRIC_REPRESENTATION_CONTEXT(2) 
PARAMETRIC_REPRESENTATION_CONTEXT() REPRESENTATION_CONTEXT('2D SPACE',''
  ) );
#1974 = PCURVE('',#1975,#1980);
#1975 = PLANE('',#1976);
#1976 = AXIS2_PLACEMENT_3D('',#1977,#1978,#1979);
#1977 = CARTESIAN_POINT('',(610.,0.,1.0157E+03));
#1978 = DIRECTION('',(1.,0.,0.));
#1979 = DIRECTION('',(0.,0.,1.));
#1980 = DEFINITIONAL_REPRESENTATION('',(#1981),#1985);
#1981 = CIRCLE('',#1982,12.7);
#1982 = AXIS2_PLACEMENT_2D('',#1983,#1984);
#1983 = CARTESIAN_POINT('',(0.,0.));
#1984 = DIRECTION('',(1.,0.));
#1985 = ( GEOMETRIC_REPRESENTATION_CONTEXT(2) 
PARAMETRIC_REPRESENTATION_CONTEXT() REPRESENTATION_CONTEXT('2D SPACE',''
  ) );
#1986 = ORIENTED_EDGE('',*,*,#1937,.F.);
#1987 = ORIENTED_EDGE('',*,*,#1602,.T.);
#1988 = ORIENTED_EDGE('',*,*,#1989,.T.);
#1989 = EDGE_CURVE('',#46,#44,#1990,.T.);
#1990 = SURFACE_CURVE('',#1991,(#1996,#2003),.PCURVE_S1.);
#1991 = CIRCLE('',#1992,12.7);
#1992 = AXIS2_PLACEMENT_3D('',#1993,#1994,#1995);
#1993 = CARTESIAN_POINT('',(460.,0.,1.0157E+03));
#1994 = DIRECTION('',(1.,0.,-0.));
#1995 = DIRECTION('',(0.,0.,1.));
#1996 = PCURVE('',#1622,#1997);
#1997 = DEFINITIONAL_REPRESENTATION('',(#1998),#2002);
#1998 = LINE('',#1999,#2000);
#1999 = CARTESIAN_POINT('',(0.,0.));
#2000 = VECTOR('',#2001,1.);
#2001 = DIRECTION('',(1.,0.));
#2002 = ( GEOMETRIC_REPRESENTATION_CONTEXT(2) 
PARAMETRIC_REPRESENTATION_CONTEXT() REPRESENTATION_CONTEXT('2D SPACE',''
  ) );
#2003 = PCURVE('',#1922,#2004);
#2004 = DEFINITIONAL_REPRESENTATION('',(#2005),#2009);
#2005 = CIRCLE('',#2006,12.7);
#2006 = AXIS2_PLACEMENT_2D('',#2007,#2008);
#2007 = CARTESIAN_POINT('',(0.,0.));
#2008 = DIRECTION('',(1.,0.));
#2009 = ( GEOMETRIC_REPRESENTATION_CONTEXT(2) 
PARAMETRIC_REPRESENTATION_CONTEXT() REPRESENTATION_CONTEXT('2D SPACE',''
  ) );
#2010 = ORIENTED_EDGE('',*,*,#1636,.T.);
#2011 = ADVANCED_FACE('',(#2012),#1499,.T.);
#2012 = FACE_BOUND('',#2013,.T.);
#2013 = EDGE_LOOP('',(#2014,#2039,#2066,#2067,#2094,#2095));
#2014 = ORIENTED_EDGE('',*,*,#2015,.T.);
#2015 = EDGE_CURVE('',#2016,#2018,#2020,.T.);
#2016 = VERTEX_POINT('',#2017);
#2017 = CARTESIAN_POINT('',(460.,3.110602869834E-15,1.4284E+03));
#2018 = VERTEX_POINT('',#2019);
#2019 = CARTESIAN_POINT('',(610.,3.110602869834E-15,1.4284E+03));
#2020 = SEAM_CURVE('',#2021,(#2025,#2032),.PCURVE_S1.);
#2021 = LINE('',#2022,#2023);
#2022 = CARTESIAN_POINT('',(460.,3.110602869834E-15,1.4284E+03));
#2023 = VECTOR('',#2024,1.);
#2024 = DIRECTION('',(1.,0.,0.));
#2025 = PCURVE('',#1499,#2026);
#2026 = DEFINITIONAL_REPRESENTATION('',(#2027),#2031);
#2027 = LINE('',#2028,#2029);
#2028 = CARTESIAN_POINT('',(6.28318530718,-0.));
#2029 = VECTOR('',#2030,1.);
#2030 = DIRECTION('',(0.,1.));
#2031 = ( GEOMETRIC_REPRESENTATION_CONTEXT(2) 
PARAMETRIC_REPRESENTATION_CONTEXT() REPRESENTATION_CONTEXT('2D SPACE',''
  ) );
#2032 = PCURVE('',#1499,#2033);
#2033 = DEFINITIONAL_REPRESENTATION('',(#2034),#2038);
#2034 = LINE('',#2035,#2036);
#2035 = CARTESIAN_POINT('',(0.,-0.));
#2036 = VECTOR('',#2037,1.);
#2037 = DIRECTION('',(0.,1.));
#2038 = ( GEOMETRIC_REPRESENTATION_CONTEXT(2) 
PARAMETRIC_REPRESENTATION_CONTEXT() REPRESENTATION_CONTEXT('2D SPACE',''
  ) );
#2039 = ORIENTED_EDGE('',*,*,#2040,.F.);
#2040 = EDGE_CURVE('',#2018,#2018,#2041,.T.);
#2041 = SURFACE_CURVE('',#2042,(#2047,#2054),.PCURVE_S1.);
#2042 = CIRCLE('',#2043,12.7);
#2043 = AXIS2_PLACEMENT_3D('',#2044,#2045,#2046);
#2044 = CARTESIAN_POINT('',(610.,0.,1.4157E+03));
#2045 = DIRECTION('',(1.,0.,-0.));
#2046 = DIRECTION('',(0.,0.,1.));
#2047 = PCURVE('',#1499,#2048);
#2048 = DEFINITIONAL_REPRESENTATION('',(#2049),#2053);
#2049 = LINE('',#2050,#2051);
#2050 = CARTESIAN_POINT('',(0.,150.));
#2051 = VECTOR('',#2052,1.);
#2052 = DIRECTION('',(1.,0.));
#2053 = ( GEOMETRIC_REPRESENTATION_CONTEXT(2) 
PARAMETRIC_REPRESENTATION_CONTEXT() REPRESENTATION_CONTEXT('2D SPACE',''
  ) );
#2054 = PCURVE('',#2055,#2060);
#2055 = PLANE('',#2056);
#2056 = AXIS2_PLACEMENT_3D('',#2057,#2058,#2059);
#2057 = CARTESIAN_POINT('',(610.,0.,1.4157E+03));
#2058 = DIRECTION('',(1.,0.,0.));
#2059 = DIRECTION('',(0.,0.,1.));
#2060 = DEFINITIONAL_REPRESENTATION('',(#2061),#2065);
#2061 = CIRCLE('',#2062,12.7);
#2062 = AXIS2_PLACEMENT_2D('',#2063,#2064);
#2063 = CARTESIAN_POINT('',(0.,0.));
#2064 = DIRECTION('',(1.,0.));
#2065 = ( GEOMETRIC_REPRESENTATION_CONTEXT(2) 
PARAMETRIC_REPRESENTATION_CONTEXT() REPRESENTATION_CONTEXT('2D SPACE',''
  ) );
#2066 = ORIENTED_EDGE('',*,*,#2015,.F.);
#2067 = ORIENTED_EDGE('',*,*,#2068,.T.);
#2068 = EDGE_CURVE('',#2016,#1105,#2069,.T.);
#2069 = SURFACE_CURVE('',#2070,(#2075,#2082),.PCURVE_S1.);
#2070 = CIRCLE('',#2071,12.7);
#2071 = AXIS2_PLACEMENT_3D('',#2072,#2073,#2074);
#2072 = CARTESIAN_POINT('',(460.,0.,1.4157E+03));
#2073 = DIRECTION('',(1.,0.,-0.));
#2074 = DIRECTION('',(0.,0.,1.));
#2075 = PCURVE('',#1499,#2076);
#2076 = DEFINITIONAL_REPRESENTATION('',(#2077),#2081);
#2077 = LINE('',#2078,#2079);
#2078 = CARTESIAN_POINT('',(0.,0.));
#2079 = VECTOR('',#2080,1.);
#2080 = DIRECTION('',(1.,0.));
#2081 = ( GEOMETRIC_REPRESENTATION_CONTEXT(2) 
PARAMETRIC_REPRESENTATION_CONTEXT() REPRESENTATION_CONTEXT('2D SPACE',''
  ) );
#2082 = PCURVE('',#2083,#2088);
#2083 = PLANE('',#2084);
#2084 = AXIS2_PLACEMENT_3D('',#2085,#2086,#2087);
#2085 = CARTESIAN_POINT('',(460.,0.,1.4157E+03));
#2086 = DIRECTION('',(1.,0.,0.));
#2087 = DIRECTION('',(0.,0.,1.));
#2088 = DEFINITIONAL_REPRESENTATION('',(#2089),#2093);
#2089 = CIRCLE('',#2090,12.7);
#2090 = AXIS2_PLACEMENT_2D('',#2091,#2092);
#2091 = CARTESIAN_POINT('',(0.,0.));
#2092 = DIRECTION('',(1.,0.));
#2093 = ( GEOMETRIC_REPRESENTATION_CONTEXT(2) 
PARAMETRIC_REPRESENTATION_CONTEXT() REPRESENTATION_CONTEXT('2D SPACE',''
  ) );
#2094 = ORIENTED_EDGE('',*,*,#1305,.T.);
#2095 = ORIENTED_EDGE('',*,*,#2096,.T.);
#2096 = EDGE_CURVE('',#1270,#2016,#2097,.T.);
#2097 = SURFACE_CURVE('',#2098,(#2103,#2110),.PCURVE_S1.);
#2098 = CIRCLE('',#2099,12.7);
#2099 = AXIS2_PLACEMENT_3D('',#2100,#2101,#2102);
#2100 = CARTESIAN_POINT('',(460.,0.,1.4157E+03));
#2101 = DIRECTION('',(1.,0.,-0.));
#2102 = DIRECTION('',(0.,0.,1.));
#2103 = PCURVE('',#1499,#2104);
#2104 = DEFINITIONAL_REPRESENTATION('',(#2105),#2109);
#2105 = LINE('',#2106,#2107);
#2106 = CARTESIAN_POINT('',(0.,0.));
#2107 = VECTOR('',#2108,1.);
#2108 = DIRECTION('',(1.,0.));
#2109 = ( GEOMETRIC_REPRESENTATION_CONTEXT(2) 
PARAMETRIC_REPRESENTATION_CONTEXT() REPRESENTATION_CONTEXT('2D SPACE',''
  ) );
#2110 = PCURVE('',#2083,#2111);
#2111 = DEFINITIONAL_REPRESENTATION('',(#2112),#2116);
#2112 = CIRCLE('',#2113,12.7);
#2113 = AXIS2_PLACEMENT_2D('',#2114,#2115);
#2114 = CARTESIAN_POINT('',(0.,0.));
#2115 = DIRECTION('',(1.,0.));
#2116 = ( GEOMETRIC_REPRESENTATION_CONTEXT(2) 
PARAMETRIC_REPRESENTATION_CONTEXT() REPRESENTATION_CONTEXT('2D SPACE',''
  ) );
#2117 = ADVANCED_FACE('',(#2118),#1289,.T.);
#2118 = FACE_BOUND('',#2119,.T.);
#2119 = EDGE_LOOP('',(#2120,#2139));
#2120 = ORIENTED_EDGE('',*,*,#2121,.T.);
#2121 = EDGE_CURVE('',#1105,#1270,#2122,.T.);
#2122 = SURFACE_CURVE('',#2123,(#2127,#2133),.PCURVE_S1.);
#2123 = LINE('',#2124,#2125);
#2124 = CARTESIAN_POINT('',(460.,-3.048274077707E-05,1.415701005526E+03)
  );
#2125 = VECTOR('',#2126,1.);
#2126 = DIRECTION('',(0.,3.030130680578E-02,-0.999540809975));
#2127 = PCURVE('',#1289,#2128);
#2128 = DEFINITIONAL_REPRESENTATION('',(#2129),#2132);
#2129 = B_SPLINE_CURVE_WITH_KNOTS('',1,(#2130,#2131),.UNSPECIFIED.,.F.,
  .F.,(2,2),(-12.69899401326,12.706840379951),.PIECEWISE_BEZIER_KNOTS.);
#2130 = CARTESIAN_POINT('',(12.697988025728,-6.252776074689E-13));
#2131 = CARTESIAN_POINT('',(-12.70784636749,-6.252776074689E-13));
#2132 = ( GEOMETRIC_REPRESENTATION_CONTEXT(2) 
PARAMETRIC_REPRESENTATION_CONTEXT() REPRESENTATION_CONTEXT('2D SPACE',''
  ) );
#2133 = PCURVE('',#2083,#2134);
#2134 = DEFINITIONAL_REPRESENTATION('',(#2135),#2138);
#2135 = B_SPLINE_CURVE_WITH_KNOTS('',1,(#2136,#2137),.UNSPECIFIED.,.F.,
  .F.,(2,2),(-12.69899401326,12.706840379951),.PIECEWISE_BEZIER_KNOTS.);
#2136 = CARTESIAN_POINT('',(12.694168287494,0.384826596462));
#2137 = CARTESIAN_POINT('',(-12.7,-0.385003386144));
#2138 = ( GEOMETRIC_REPRESENTATION_CONTEXT(2) 
PARAMETRIC_REPRESENTATION_CONTEXT() REPRESENTATION_CONTEXT('2D SPACE',''
  ) );
#2139 = ORIENTED_EDGE('',*,*,#1269,.T.);
#2140 = ADVANCED_FACE('',(#2141),#1922,.F.);
#2141 = FACE_BOUND('',#2142,.F.);
#2142 = EDGE_LOOP('',(#2143,#2144));
#2143 = ORIENTED_EDGE('',*,*,#1909,.F.);
#2144 = ORIENTED_EDGE('',*,*,#1989,.T.);
#2145 = ADVANCED_FACE('',(#2146),#1975,.T.);
#2146 = FACE_BOUND('',#2147,.T.);
#2147 = EDGE_LOOP('',(#2148));
#2148 = ORIENTED_EDGE('',*,*,#1960,.T.);
#2149 = ADVANCED_FACE('',(#2150),#2083,.F.);
#2150 = FACE_BOUND('',#2151,.F.);
#2151 = EDGE_LOOP('',(#2152,#2153,#2154));
#2152 = ORIENTED_EDGE('',*,*,#2096,.T.);
#2153 = ORIENTED_EDGE('',*,*,#2068,.T.);
#2154 = ORIENTED_EDGE('',*,*,#2121,.T.);
#2155 = ADVANCED_FACE('',(#2156),#2055,.T.);
#2156 = FACE_BOUND('',#2157,.T.);
#2157 = EDGE_LOOP('',(#2158));
#2158 = ORIENTED_EDGE('',*,*,#2040,.T.);
#2159 = ( GEOMETRIC_REPRESENTATION_CONTEXT(3) 
GLOBAL_UNCERTAINTY_ASSIGNED_CONTEXT((#2163)) 
GLOBAL_UNIT_ASSIGNED_CONTEXT((#2160,#2161,#2162)) REPRESENTATION_CONTEXT
('Context #1','3D Context with UNIT and UNCERTAINTY') );
#2160 = ( LENGTH_UNIT() NAMED_UNIT(*) SI_UNIT(.MILLI.,.METRE.) );
#2161 = ( NAMED_UNIT(*) PLANE_ANGLE_UNIT() SI_UNIT($,.RADIAN.) );
#2162 = ( NAMED_UNIT(*) SI_UNIT($,.STERADIAN.) SOLID_ANGLE_UNIT() );
#2163 = UNCERTAINTY_MEASURE_WITH_UNIT(LENGTH_MEASURE(5.E-05),#2160,
  'distance_accuracy_value','confusion accuracy');
#2164 = CONTEXT_DEPENDENT_SHAPE_REPRESENTATION(#2165,#2167);
#2165 = ( REPRESENTATION_RELATIONSHIP('','',#36,#10) 
REPRESENTATION_RELATIONSHIP_WITH_TRANSFORMATION(#2166) 
SHAPE_REPRESENTATION_RELATIONSHIP() );
#2166 = ITEM_DEFINED_TRANSFORMATION('','',#11,#15);
#2167 = PRODUCT_DEFINITION_SHAPE('Placement','Placement of an item',
  #2168);
#2168 = NEXT_ASSEMBLY_USAGE_OCCURRENCE('23','=>[0:1:1:2]','',#5,#31,$);
#2169 = PRODUCT_RELATED_PRODUCT_CATEGORY('part',$,(#33));
#2170 = SHAPE_DEFINITION_REPRESENTATION(#2171,#2177);
#2171 = PRODUCT_DEFINITION_SHAPE('','',#2172);
#2172 = PRODUCT_DEFINITION('design','',#2173,#2176);
#2173 = PRODUCT_DEFINITION_FORMATION('','',#2174);
#2174 = PRODUCT('COMPOUND','COMPOUND','',(#2175));
#2175 = PRODUCT_CONTEXT('',#2,'mechanical');
#2176 = PRODUCT_DEFINITION_CONTEXT('part definition',#2,'design');
#2177 = ADVANCED_BREP_SHAPE_REPRESENTATION('',(#11,#2178),#3147);
#2178 = MANIFOLD_SOLID_BREP('',#2179);
#2179 = CLOSED_SHELL('',(#2180,#2300,#2376,#2452,#2530,#2634,#2661,#2688
    ,#2695,#2849,#3028,#3035,#3137,#3143));
#2180 = ADVANCED_FACE('',(#2181),#2195,.F.);
#2181 = FACE_BOUND('',#2182,.F.);
#2182 = EDGE_LOOP('',(#2183,#2218,#2246,#2274));
#2183 = ORIENTED_EDGE('',*,*,#2184,.T.);
#2184 = EDGE_CURVE('',#2185,#2187,#2189,.T.);
#2185 = VERTEX_POINT('',#2186);
#2186 = CARTESIAN_POINT('',(610.,0.,1.394915390309E+03));
#2187 = VERTEX_POINT('',#2188);
#2188 = CARTESIAN_POINT('',(635.,0.,1.394915390309E+03));
#2189 = SURFACE_CURVE('',#2190,(#2194,#2206),.PCURVE_S1.);
#2190 = LINE('',#2191,#2192);
#2191 = CARTESIAN_POINT('',(610.,0.,1.394915390309E+03));
#2192 = VECTOR('',#2193,1.);
#2193 = DIRECTION('',(1.,0.,2.22044604925E-16));
#2194 = PCURVE('',#2195,#2200);
#2195 = PLANE('',#2196);
#2196 = AXIS2_PLACEMENT_3D('',#2197,#2198,#2199);
#2197 = CARTESIAN_POINT('',(610.,0.,1.394915390309E+03));
#2198 = DIRECTION('',(-1.922962686384E-16,-0.5,0.866025403784));
#2199 = DIRECTION('',(-1.110223024625E-16,0.866025403784,0.5));
#2200 = DEFINITIONAL_REPRESENTATION('',(#2201),#2205);
#2201 = LINE('',#2202,#2203);
#2202 = CARTESIAN_POINT('',(0.,0.));
#2203 = VECTOR('',#2204,1.);
#2204 = DIRECTION('',(0.,-1.));
#2205 = ( GEOMETRIC_REPRESENTATION_CONTEXT(2) 
PARAMETRIC_REPRESENTATION_CONTEXT() REPRESENTATION_CONTEXT('2D SPACE',''
  ) );
#2206 = PCURVE('',#2207,#2212);
#2207 = PLANE('',#2208);
#2208 = AXIS2_PLACEMENT_3D('',#2209,#2210,#2211);
#2209 = CARTESIAN_POINT('',(610.,-18.,1.405307695155E+03));
#2210 = DIRECTION('',(-1.922962686384E-16,0.5,0.866025403784));
#2211 = DIRECTION('',(1.110223024625E-16,0.866025403784,-0.5));
#2212 = DEFINITIONAL_REPRESENTATION('',(#2213),#2217);
#2213 = LINE('',#2214,#2215);
#2214 = CARTESIAN_POINT('',(20.784609690827,0.));
#2215 = VECTOR('',#2216,1.);
#2216 = DIRECTION('',(0.,-1.));
#2217 = ( GEOMETRIC_REPRESENTATION_CONTEXT(2) 
PARAMETRIC_REPRESENTATION_CONTEXT() REPRESENTATION_CONTEXT('2D SPACE',''
  ) );
#2218 = ORIENTED_EDGE('',*,*,#2219,.T.);
#2219 = EDGE_CURVE('',#2187,#2220,#2222,.T.);
#2220 = VERTEX_POINT('',#2221);
#2221 = CARTESIAN_POINT('',(635.,18.,1.405307695155E+03));
#2222 = SURFACE_CURVE('',#2223,(#2227,#2234),.PCURVE_S1.);
#2223 = LINE('',#2224,#2225);
#2224 = CARTESIAN_POINT('',(635.,0.,1.394915390309E+03));
#2225 = VECTOR('',#2226,1.);
#2226 = DIRECTION('',(-1.110223024625E-16,0.866025403784,0.5));
#2227 = PCURVE('',#2195,#2228);
#2228 = DEFINITIONAL_REPRESENTATION('',(#2229),#2233);
#2229 = LINE('',#2230,#2231);
#2230 = CARTESIAN_POINT('',(0.,-25.));
#2231 = VECTOR('',#2232,1.);
#2232 = DIRECTION('',(1.,0.));
#2233 = ( GEOMETRIC_REPRESENTATION_CONTEXT(2) 
PARAMETRIC_REPRESENTATION_CONTEXT() REPRESENTATION_CONTEXT('2D SPACE',''
  ) );
#2234 = PCURVE('',#2235,#2240);
#2235 = PLANE('',#2236);
#2236 = AXIS2_PLACEMENT_3D('',#2237,#2238,#2239);
#2237 = CARTESIAN_POINT('',(635.,-1.139533443783E-15,1.4157E+03));
#2238 = DIRECTION('',(1.,0.,2.22044604925E-16));
#2239 = DIRECTION('',(2.22044604925E-16,0.,-1.));
#2240 = DEFINITIONAL_REPRESENTATION('',(#2241),#2245);
#2241 = LINE('',#2242,#2243);
#2242 = CARTESIAN_POINT('',(20.784609690827,1.139533443783E-15));
#2243 = VECTOR('',#2244,1.);
#2244 = DIRECTION('',(-0.5,0.866025403784));
#2245 = ( GEOMETRIC_REPRESENTATION_CONTEXT(2) 
PARAMETRIC_REPRESENTATION_CONTEXT() REPRESENTATION_CONTEXT('2D SPACE',''
  ) );
#2246 = ORIENTED_EDGE('',*,*,#2247,.F.);
#2247 = EDGE_CURVE('',#2248,#2220,#2250,.T.);
#2248 = VERTEX_POINT('',#2249);
#2249 = CARTESIAN_POINT('',(610.,18.,1.405307695155E+03));
#2250 = SURFACE_CURVE('',#2251,(#2255,#2262),.PCURVE_S1.);
#2251 = LINE('',#2252,#2253);
#2252 = CARTESIAN_POINT('',(610.,18.,1.405307695155E+03));
#2253 = VECTOR('',#2254,1.);
#2254 = DIRECTION('',(1.,0.,2.22044604925E-16));
#2255 = PCURVE('',#2195,#2256);
#2256 = DEFINITIONAL_REPRESENTATION('',(#2257),#2261);
#2257 = LINE('',#2258,#2259);
#2258 = CARTESIAN_POINT('',(20.784609690827,0.));
#2259 = VECTOR('',#2260,1.);
#2260 = DIRECTION('',(0.,-1.));
#2261 = ( GEOMETRIC_REPRESENTATION_CONTEXT(2) 
PARAMETRIC_REPRESENTATION_CONTEXT() REPRESENTATION_CONTEXT('2D SPACE',''
  ) );
#2262 = PCURVE('',#2263,#2268);
#2263 = PLANE('',#2264);
#2264 = AXIS2_PLACEMENT_3D('',#2265,#2266,#2267);
#2265 = CARTESIAN_POINT('',(610.,18.,1.405307695155E+03));
#2266 = DIRECTION('',(0.,-1.,0.));
#2267 = DIRECTION('',(-2.22044604925E-16,0.,1.));
#2268 = DEFINITIONAL_REPRESENTATION('',(#2269),#2273);
#2269 = LINE('',#2270,#2271);
#2270 = CARTESIAN_POINT('',(0.,-0.));
#2271 = VECTOR('',#2272,1.);
#2272 = DIRECTION('',(0.,-1.));
#2273 = ( GEOMETRIC_REPRESENTATION_CONTEXT(2) 
PARAMETRIC_REPRESENTATION_CONTEXT() REPRESENTATION_CONTEXT('2D SPACE',''
  ) );
#2274 = ORIENTED_EDGE('',*,*,#2275,.F.);
#2275 = EDGE_CURVE('',#2185,#2248,#2276,.T.);
#2276 = SURFACE_CURVE('',#2277,(#2281,#2288),.PCURVE_S1.);
#2277 = LINE('',#2278,#2279);
#2278 = CARTESIAN_POINT('',(610.,0.,1.394915390309E+03));
#2279 = VECTOR('',#2280,1.);
#2280 = DIRECTION('',(-1.110223024625E-16,0.866025403784,0.5));
#2281 = PCURVE('',#2195,#2282);
#2282 = DEFINITIONAL_REPRESENTATION('',(#2283),#2287);
#2283 = LINE('',#2284,#2285);
#2284 = CARTESIAN_POINT('',(0.,0.));
#2285 = VECTOR('',#2286,1.);
#2286 = DIRECTION('',(1.,0.));
#2287 = ( GEOMETRIC_REPRESENTATION_CONTEXT(2) 
PARAMETRIC_REPRESENTATION_CONTEXT() REPRESENTATION_CONTEXT('2D SPACE',''
  ) );
#2288 = PCURVE('',#2289,#2294);
#2289 = PLANE('',#2290);
#2290 = AXIS2_PLACEMENT_3D('',#2291,#2292,#2293);
#2291 = CARTESIAN_POINT('',(610.,-1.139533443783E-15,1.4157E+03));
#2292 = DIRECTION('',(1.,0.,2.22044604925E-16));
#2293 = DIRECTION('',(2.22044604925E-16,0.,-1.));
#2294 = DEFINITIONAL_REPRESENTATION('',(#2295),#2299);
#2295 = LINE('',#2296,#2297);
#2296 = CARTESIAN_POINT('',(20.784609690827,1.139533443783E-15));
#2297 = VECTOR('',#2298,1.);
#2298 = DIRECTION('',(-0.5,0.866025403784));
#2299 = ( GEOMETRIC_REPRESENTATION_CONTEXT(2) 
PARAMETRIC_REPRESENTATION_CONTEXT() REPRESENTATION_CONTEXT('2D SPACE',''
  ) );
#2300 = ADVANCED_FACE('',(#2301),#2207,.F.);
#2301 = FACE_BOUND('',#2302,.F.);
#2302 = EDGE_LOOP('',(#2303,#2333,#2354,#2355));
#2303 = ORIENTED_EDGE('',*,*,#2304,.T.);
#2304 = EDGE_CURVE('',#2305,#2307,#2309,.T.);
#2305 = VERTEX_POINT('',#2306);
#2306 = CARTESIAN_POINT('',(610.,-18.,1.405307695155E+03));
#2307 = VERTEX_POINT('',#2308);
#2308 = CARTESIAN_POINT('',(635.,-18.,1.405307695155E+03));
#2309 = SURFACE_CURVE('',#2310,(#2314,#2321),.PCURVE_S1.);
#2310 = LINE('',#2311,#2312);
#2311 = CARTESIAN_POINT('',(610.,-18.,1.405307695155E+03));
#2312 = VECTOR('',#2313,1.);
#2313 = DIRECTION('',(1.,0.,2.22044604925E-16));
#2314 = PCURVE('',#2207,#2315);
#2315 = DEFINITIONAL_REPRESENTATION('',(#2316),#2320);
#2316 = LINE('',#2317,#2318);
#2317 = CARTESIAN_POINT('',(0.,0.));
#2318 = VECTOR('',#2319,1.);
#2319 = DIRECTION('',(0.,-1.));
#2320 = ( GEOMETRIC_REPRESENTATION_CONTEXT(2) 
PARAMETRIC_REPRESENTATION_CONTEXT() REPRESENTATION_CONTEXT('2D SPACE',''
  ) );
#2321 = PCURVE('',#2322,#2327);
#2322 = PLANE('',#2323);
#2323 = AXIS2_PLACEMENT_3D('',#2324,#2325,#2326);
#2324 = CARTESIAN_POINT('',(610.,-18.,1.426092304845E+03));
#2325 = DIRECTION('',(3.795408799854E-32,1.,-1.709300165674E-16));
#2326 = DIRECTION('',(2.22044604925E-16,-1.709300165674E-16,-1.));
#2327 = DEFINITIONAL_REPRESENTATION('',(#2328),#2332);
#2328 = LINE('',#2329,#2330);
#2329 = CARTESIAN_POINT('',(20.784609690827,0.));
#2330 = VECTOR('',#2331,1.);
#2331 = DIRECTION('',(0.,-1.));
#2332 = ( GEOMETRIC_REPRESENTATION_CONTEXT(2) 
PARAMETRIC_REPRESENTATION_CONTEXT() REPRESENTATION_CONTEXT('2D SPACE',''
  ) );
#2333 = ORIENTED_EDGE('',*,*,#2334,.T.);
#2334 = EDGE_CURVE('',#2307,#2187,#2335,.T.);
#2335 = SURFACE_CURVE('',#2336,(#2340,#2347),.PCURVE_S1.);
#2336 = LINE('',#2337,#2338);
#2337 = CARTESIAN_POINT('',(635.,-18.,1.405307695155E+03));
#2338 = VECTOR('',#2339,1.);
#2339 = DIRECTION('',(1.110223024625E-16,0.866025403784,-0.5));
#2340 = PCURVE('',#2207,#2341);
#2341 = DEFINITIONAL_REPRESENTATION('',(#2342),#2346);
#2342 = LINE('',#2343,#2344);
#2343 = CARTESIAN_POINT('',(0.,-25.));
#2344 = VECTOR('',#2345,1.);
#2345 = DIRECTION('',(1.,0.));
#2346 = ( GEOMETRIC_REPRESENTATION_CONTEXT(2) 
PARAMETRIC_REPRESENTATION_CONTEXT() REPRESENTATION_CONTEXT('2D SPACE',''
  ) );
#2347 = PCURVE('',#2235,#2348);
#2348 = DEFINITIONAL_REPRESENTATION('',(#2349),#2353);
#2349 = LINE('',#2350,#2351);
#2350 = CARTESIAN_POINT('',(10.392304845413,-18.));
#2351 = VECTOR('',#2352,1.);
#2352 = DIRECTION('',(0.5,0.866025403784));
#2353 = ( GEOMETRIC_REPRESENTATION_CONTEXT(2) 
PARAMETRIC_REPRESENTATION_CONTEXT() REPRESENTATION_CONTEXT('2D SPACE',''
  ) );
#2354 = ORIENTED_EDGE('',*,*,#2184,.F.);
#2355 = ORIENTED_EDGE('',*,*,#2356,.F.);
#2356 = EDGE_CURVE('',#2305,#2185,#2357,.T.);
#2357 = SURFACE_CURVE('',#2358,(#2362,#2369),.PCURVE_S1.);
#2358 = LINE('',#2359,#2360);
#2359 = CARTESIAN_POINT('',(610.,-18.,1.405307695155E+03));
#2360 = VECTOR('',#2361,1.);
#2361 = DIRECTION('',(1.110223024625E-16,0.866025403784,-0.5));
#2362 = PCURVE('',#2207,#2363);
#2363 = DEFINITIONAL_REPRESENTATION('',(#2364),#2368);
#2364 = LINE('',#2365,#2366);
#2365 = CARTESIAN_POINT('',(0.,0.));
#2366 = VECTOR('',#2367,1.);
#2367 = DIRECTION('',(1.,0.));
#2368 = ( GEOMETRIC_REPRESENTATION_CONTEXT(2) 
PARAMETRIC_REPRESENTATION_CONTEXT() REPRESENTATION_CONTEXT('2D SPACE',''
  ) );
#2369 = PCURVE('',#2289,#2370);
#2370 = DEFINITIONAL_REPRESENTATION('',(#2371),#2375);
#2371 = LINE('',#2372,#2373);
#2372 = CARTESIAN_POINT('',(10.392304845413,-18.));
#2373 = VECTOR('',#2374,1.);
#2374 = DIRECTION('',(0.5,0.866025403784));
#2375 = ( GEOMETRIC_REPRESENTATION_CONTEXT(2) 
PARAMETRIC_REPRESENTATION_CONTEXT() REPRESENTATION_CONTEXT('2D SPACE',''
  ) );
#2376 = ADVANCED_FACE('',(#2377),#2263,.F.);
#2377 = FACE_BOUND('',#2378,.F.);
#2378 = EDGE_LOOP('',(#2379,#2380,#2403,#2431));
#2379 = ORIENTED_EDGE('',*,*,#2247,.T.);
#2380 = ORIENTED_EDGE('',*,*,#2381,.T.);
#2381 = EDGE_CURVE('',#2220,#2382,#2384,.T.);
#2382 = VERTEX_POINT('',#2383);
#2383 = CARTESIAN_POINT('',(635.,18.,1.426092304845E+03));
#2384 = SURFACE_CURVE('',#2385,(#2389,#2396),.PCURVE_S1.);
#2385 = LINE('',#2386,#2387);
#2386 = CARTESIAN_POINT('',(635.,18.,1.405307695155E+03));
#2387 = VECTOR('',#2388,1.);
#2388 = DIRECTION('',(-2.22044604925E-16,0.,1.));
#2389 = PCURVE('',#2263,#2390);
#2390 = DEFINITIONAL_REPRESENTATION('',(#2391),#2395);
#2391 = LINE('',#2392,#2393);
#2392 = CARTESIAN_POINT('',(0.,-25.));
#2393 = VECTOR('',#2394,1.);
#2394 = DIRECTION('',(1.,0.));
#2395 = ( GEOMETRIC_REPRESENTATION_CONTEXT(2) 
PARAMETRIC_REPRESENTATION_CONTEXT() REPRESENTATION_CONTEXT('2D SPACE',''
  ) );
#2396 = PCURVE('',#2235,#2397);
#2397 = DEFINITIONAL_REPRESENTATION('',(#2398),#2402);
#2398 = LINE('',#2399,#2400);
#2399 = CARTESIAN_POINT('',(10.392304845413,18.));
#2400 = VECTOR('',#2401,1.);
#2401 = DIRECTION('',(-1.,0.));
#2402 = ( GEOMETRIC_REPRESENTATION_CONTEXT(2) 
PARAMETRIC_REPRESENTATION_CONTEXT() REPRESENTATION_CONTEXT('2D SPACE',''
  ) );
#2403 = ORIENTED_EDGE('',*,*,#2404,.F.);
#2404 = EDGE_CURVE('',#2405,#2382,#2407,.T.);
#2405 = VERTEX_POINT('',#2406);
#2406 = CARTESIAN_POINT('',(610.,18.,1.426092304845E+03));
#2407 = SURFACE_CURVE('',#2408,(#2412,#2419),.PCURVE_S1.);
#2408 = LINE('',#2409,#2410);
#2409 = CARTESIAN_POINT('',(610.,18.,1.426092304845E+03));
#2410 = VECTOR('',#2411,1.);
#2411 = DIRECTION('',(1.,0.,2.22044604925E-16));
#2412 = PCURVE('',#2263,#2413);
#2413 = DEFINITIONAL_REPRESENTATION('',(#2414),#2418);
#2414 = LINE('',#2415,#2416);
#2415 = CARTESIAN_POINT('',(20.784609690827,0.));
#2416 = VECTOR('',#2417,1.);
#2417 = DIRECTION('',(0.,-1.));
#2418 = ( GEOMETRIC_REPRESENTATION_CONTEXT(2) 
PARAMETRIC_REPRESENTATION_CONTEXT() REPRESENTATION_CONTEXT('2D SPACE',''
  ) );
#2419 = PCURVE('',#2420,#2425);
#2420 = PLANE('',#2421);
#2421 = AXIS2_PLACEMENT_3D('',#2422,#2423,#2424);
#2422 = CARTESIAN_POINT('',(610.,18.,1.426092304845E+03));
#2423 = DIRECTION('',(1.922962686384E-16,-0.5,-0.866025403784));
#2424 = DIRECTION('',(-1.110223024625E-16,-0.866025403784,0.5));
#2425 = DEFINITIONAL_REPRESENTATION('',(#2426),#2430);
#2426 = LINE('',#2427,#2428);
#2427 = CARTESIAN_POINT('',(0.,0.));
#2428 = VECTOR('',#2429,1.);
#2429 = DIRECTION('',(0.,-1.));
#2430 = ( GEOMETRIC_REPRESENTATION_CONTEXT(2) 
PARAMETRIC_REPRESENTATION_CONTEXT() REPRESENTATION_CONTEXT('2D SPACE',''
  ) );
#2431 = ORIENTED_EDGE('',*,*,#2432,.F.);
#2432 = EDGE_CURVE('',#2248,#2405,#2433,.T.);
#2433 = SURFACE_CURVE('',#2434,(#2438,#2445),.PCURVE_S1.);
#2434 = LINE('',#2435,#2436);
#2435 = CARTESIAN_POINT('',(610.,18.,1.405307695155E+03));
#2436 = VECTOR('',#2437,1.);
#2437 = DIRECTION('',(-2.22044604925E-16,0.,1.));
#2438 = PCURVE('',#2263,#2439);
#2439 = DEFINITIONAL_REPRESENTATION('',(#2440),#2444);
#2440 = LINE('',#2441,#2442);
#2441 = CARTESIAN_POINT('',(0.,-0.));
#2442 = VECTOR('',#2443,1.);
#2443 = DIRECTION('',(1.,0.));
#2444 = ( GEOMETRIC_REPRESENTATION_CONTEXT(2) 
PARAMETRIC_REPRESENTATION_CONTEXT() REPRESENTATION_CONTEXT('2D SPACE',''
  ) );
#2445 = PCURVE('',#2289,#2446);
#2446 = DEFINITIONAL_REPRESENTATION('',(#2447),#2451);
#2447 = LINE('',#2448,#2449);
#2448 = CARTESIAN_POINT('',(10.392304845413,18.));
#2449 = VECTOR('',#2450,1.);
#2450 = DIRECTION('',(-1.,0.));
#2451 = ( GEOMETRIC_REPRESENTATION_CONTEXT(2) 
PARAMETRIC_REPRESENTATION_CONTEXT() REPRESENTATION_CONTEXT('2D SPACE',''
  ) );
#2452 = ADVANCED_FACE('',(#2453),#2289,.F.);
#2453 = FACE_BOUND('',#2454,.F.);
#2454 = EDGE_LOOP('',(#2455,#2456,#2457,#2480,#2508,#2529));
#2455 = ORIENTED_EDGE('',*,*,#2275,.T.);
#2456 = ORIENTED_EDGE('',*,*,#2432,.T.);
#2457 = ORIENTED_EDGE('',*,*,#2458,.T.);
#2458 = EDGE_CURVE('',#2405,#2459,#2461,.T.);
#2459 = VERTEX_POINT('',#2460);
#2460 = CARTESIAN_POINT('',(610.,2.54538057294E-15,1.436484609691E+03));
#2461 = SURFACE_CURVE('',#2462,(#2466,#2473),.PCURVE_S1.);
#2462 = LINE('',#2463,#2464);
#2463 = CARTESIAN_POINT('',(610.,18.,1.426092304845E+03));
#2464 = VECTOR('',#2465,1.);
#2465 = DIRECTION('',(-1.110223024625E-16,-0.866025403784,0.5));
#2466 = PCURVE('',#2289,#2467);
#2467 = DEFINITIONAL_REPRESENTATION('',(#2468),#2472);
#2468 = LINE('',#2469,#2470);
#2469 = CARTESIAN_POINT('',(-10.39230484541,18.));
#2470 = VECTOR('',#2471,1.);
#2471 = DIRECTION('',(-0.5,-0.866025403784));
#2472 = ( GEOMETRIC_REPRESENTATION_CONTEXT(2) 
PARAMETRIC_REPRESENTATION_CONTEXT() REPRESENTATION_CONTEXT('2D SPACE',''
  ) );
#2473 = PCURVE('',#2420,#2474);
#2474 = DEFINITIONAL_REPRESENTATION('',(#2475),#2479);
#2475 = LINE('',#2476,#2477);
#2476 = CARTESIAN_POINT('',(0.,0.));
#2477 = VECTOR('',#2478,1.);
#2478 = DIRECTION('',(1.,0.));
#2479 = ( GEOMETRIC_REPRESENTATION_CONTEXT(2) 
PARAMETRIC_REPRESENTATION_CONTEXT() REPRESENTATION_CONTEXT('2D SPACE',''
  ) );
#2480 = ORIENTED_EDGE('',*,*,#2481,.T.);
#2481 = EDGE_CURVE('',#2459,#2482,#2484,.T.);
#2482 = VERTEX_POINT('',#2483);
#2483 = CARTESIAN_POINT('',(610.,-18.,1.426092304845E+03));
#2484 = SURFACE_CURVE('',#2485,(#2489,#2496),.PCURVE_S1.);
#2485 = LINE('',#2486,#2487);
#2486 = CARTESIAN_POINT('',(610.,2.54538057294E-15,1.436484609691E+03));
#2487 = VECTOR('',#2488,1.);
#2488 = DIRECTION('',(1.110223024625E-16,-0.866025403784,-0.5));
#2489 = PCURVE('',#2289,#2490);
#2490 = DEFINITIONAL_REPRESENTATION('',(#2491),#2495);
#2491 = LINE('',#2492,#2493);
#2492 = CARTESIAN_POINT('',(-20.78460969082,3.684914016723E-15));
#2493 = VECTOR('',#2494,1.);
#2494 = DIRECTION('',(0.5,-0.866025403784));
#2495 = ( GEOMETRIC_REPRESENTATION_CONTEXT(2) 
PARAMETRIC_REPRESENTATION_CONTEXT() REPRESENTATION_CONTEXT('2D SPACE',''
  ) );
#2496 = PCURVE('',#2497,#2502);
#2497 = PLANE('',#2498);
#2498 = AXIS2_PLACEMENT_3D('',#2499,#2500,#2501);
#2499 = CARTESIAN_POINT('',(610.,2.54538057294E-15,1.436484609691E+03));
#2500 = DIRECTION('',(1.922962686384E-16,0.5,-0.866025403784));
#2501 = DIRECTION('',(1.110223024625E-16,-0.866025403784,-0.5));
#2502 = DEFINITIONAL_REPRESENTATION('',(#2503),#2507);
#2503 = LINE('',#2504,#2505);
#2504 = CARTESIAN_POINT('',(0.,0.));
#2505 = VECTOR('',#2506,1.);
#2506 = DIRECTION('',(1.,0.));
#2507 = ( GEOMETRIC_REPRESENTATION_CONTEXT(2) 
PARAMETRIC_REPRESENTATION_CONTEXT() REPRESENTATION_CONTEXT('2D SPACE',''
  ) );
#2508 = ORIENTED_EDGE('',*,*,#2509,.T.);
#2509 = EDGE_CURVE('',#2482,#2305,#2510,.T.);
#2510 = SURFACE_CURVE('',#2511,(#2515,#2522),.PCURVE_S1.);
#2511 = LINE('',#2512,#2513);
#2512 = CARTESIAN_POINT('',(610.,-18.,1.426092304845E+03));
#2513 = VECTOR('',#2514,1.);
#2514 = DIRECTION('',(2.22044604925E-16,-1.709300165674E-16,-1.));
#2515 = PCURVE('',#2289,#2516);
#2516 = DEFINITIONAL_REPRESENTATION('',(#2517),#2521);
#2517 = LINE('',#2518,#2519);
#2518 = CARTESIAN_POINT('',(-10.39230484541,-18.));
#2519 = VECTOR('',#2520,1.);
#2520 = DIRECTION('',(1.,-1.709300165674E-16));
#2521 = ( GEOMETRIC_REPRESENTATION_CONTEXT(2) 
PARAMETRIC_REPRESENTATION_CONTEXT() REPRESENTATION_CONTEXT('2D SPACE',''
  ) );
#2522 = PCURVE('',#2322,#2523);
#2523 = DEFINITIONAL_REPRESENTATION('',(#2524),#2528);
#2524 = LINE('',#2525,#2526);
#2525 = CARTESIAN_POINT('',(0.,0.));
#2526 = VECTOR('',#2527,1.);
#2527 = DIRECTION('',(1.,0.));
#2528 = ( GEOMETRIC_REPRESENTATION_CONTEXT(2) 
PARAMETRIC_REPRESENTATION_CONTEXT() REPRESENTATION_CONTEXT('2D SPACE',''
  ) );
#2529 = ORIENTED_EDGE('',*,*,#2356,.T.);
#2530 = ADVANCED_FACE('',(#2531,#2603),#2235,.T.);
#2531 = FACE_BOUND('',#2532,.T.);
#2532 = EDGE_LOOP('',(#2533,#2534,#2535,#2558,#2581,#2602));
#2533 = ORIENTED_EDGE('',*,*,#2219,.T.);
#2534 = ORIENTED_EDGE('',*,*,#2381,.T.);
#2535 = ORIENTED_EDGE('',*,*,#2536,.T.);
#2536 = EDGE_CURVE('',#2382,#2537,#2539,.T.);
#2537 = VERTEX_POINT('',#2538);
#2538 = CARTESIAN_POINT('',(635.,2.54538057294E-15,1.436484609691E+03));
#2539 = SURFACE_CURVE('',#2540,(#2544,#2551),.PCURVE_S1.);
#2540 = LINE('',#2541,#2542);
#2541 = CARTESIAN_POINT('',(635.,18.,1.426092304845E+03));
#2542 = VECTOR('',#2543,1.);
#2543 = DIRECTION('',(-1.110223024625E-16,-0.866025403784,0.5));
#2544 = PCURVE('',#2235,#2545);
#2545 = DEFINITIONAL_REPRESENTATION('',(#2546),#2550);
#2546 = LINE('',#2547,#2548);
#2547 = CARTESIAN_POINT('',(-10.39230484541,18.));
#2548 = VECTOR('',#2549,1.);
#2549 = DIRECTION('',(-0.5,-0.866025403784));
#2550 = ( GEOMETRIC_REPRESENTATION_CONTEXT(2) 
PARAMETRIC_REPRESENTATION_CONTEXT() REPRESENTATION_CONTEXT('2D SPACE',''
  ) );
#2551 = PCURVE('',#2420,#2552);
#2552 = DEFINITIONAL_REPRESENTATION('',(#2553),#2557);
#2553 = LINE('',#2554,#2555);
#2554 = CARTESIAN_POINT('',(0.,-25.));
#2555 = VECTOR('',#2556,1.);
#2556 = DIRECTION('',(1.,0.));
#2557 = ( GEOMETRIC_REPRESENTATION_CONTEXT(2) 
PARAMETRIC_REPRESENTATION_CONTEXT() REPRESENTATION_CONTEXT('2D SPACE',''
  ) );
#2558 = ORIENTED_EDGE('',*,*,#2559,.T.);
#2559 = EDGE_CURVE('',#2537,#2560,#2562,.T.);
#2560 = VERTEX_POINT('',#2561);
#2561 = CARTESIAN_POINT('',(635.,-18.,1.426092304845E+03));
#2562 = SURFACE_CURVE('',#2563,(#2567,#2574),.PCURVE_S1.);
#2563 = LINE('',#2564,#2565);
#2564 = CARTESIAN_POINT('',(635.,2.54538057294E-15,1.436484609691E+03));
#2565 = VECTOR('',#2566,1.);
#2566 = DIRECTION('',(1.110223024625E-16,-0.866025403784,-0.5));
#2567 = PCURVE('',#2235,#2568);
#2568 = DEFINITIONAL_REPRESENTATION('',(#2569),#2573);
#2569 = LINE('',#2570,#2571);
#2570 = CARTESIAN_POINT('',(-20.78460969082,3.684914016723E-15));
#2571 = VECTOR('',#2572,1.);
#2572 = DIRECTION('',(0.5,-0.866025403784));
#2573 = ( GEOMETRIC_REPRESENTATION_CONTEXT(2) 
PARAMETRIC_REPRESENTATION_CONTEXT() REPRESENTATION_CONTEXT('2D SPACE',''
  ) );
#2574 = PCURVE('',#2497,#2575);
#2575 = DEFINITIONAL_REPRESENTATION('',(#2576),#2580);
#2576 = LINE('',#2577,#2578);
#2577 = CARTESIAN_POINT('',(0.,-25.));
#2578 = VECTOR('',#2579,1.);
#2579 = DIRECTION('',(1.,0.));
#2580 = ( GEOMETRIC_REPRESENTATION_CONTEXT(2) 
PARAMETRIC_REPRESENTATION_CONTEXT() REPRESENTATION_CONTEXT('2D SPACE',''
  ) );
#2581 = ORIENTED_EDGE('',*,*,#2582,.T.);
#2582 = EDGE_CURVE('',#2560,#2307,#2583,.T.);
#2583 = SURFACE_CURVE('',#2584,(#2588,#2595),.PCURVE_S1.);
#2584 = LINE('',#2585,#2586);
#2585 = CARTESIAN_POINT('',(635.,-18.,1.426092304845E+03));
#2586 = VECTOR('',#2587,1.);
#2587 = DIRECTION('',(2.22044604925E-16,-1.709300165674E-16,-1.));
#2588 = PCURVE('',#2235,#2589);
#2589 = DEFINITIONAL_REPRESENTATION('',(#2590),#2594);
#2590 = LINE('',#2591,#2592);
#2591 = CARTESIAN_POINT('',(-10.39230484541,-18.));
#2592 = VECTOR('',#2593,1.);
#2593 = DIRECTION('',(1.,-1.709300165674E-16));
#2594 = ( GEOMETRIC_REPRESENTATION_CONTEXT(2) 
PARAMETRIC_REPRESENTATION_CONTEXT() REPRESENTATION_CONTEXT('2D SPACE',''
  ) );
#2595 = PCURVE('',#2322,#2596);
#2596 = DEFINITIONAL_REPRESENTATION('',(#2597),#2601);
#2597 = LINE('',#2598,#2599);
#2598 = CARTESIAN_POINT('',(0.,-25.));
#2599 = VECTOR('',#2600,1.);
#2600 = DIRECTION('',(1.,0.));
#2601 = ( GEOMETRIC_REPRESENTATION_CONTEXT(2) 
PARAMETRIC_REPRESENTATION_CONTEXT() REPRESENTATION_CONTEXT('2D SPACE',''
  ) );
#2602 = ORIENTED_EDGE('',*,*,#2334,.T.);
#2603 = FACE_BOUND('',#2604,.T.);
#2604 = EDGE_LOOP('',(#2605));
#2605 = ORIENTED_EDGE('',*,*,#2606,.F.);
#2606 = EDGE_CURVE('',#2607,#2607,#2609,.T.);
#2607 = VERTEX_POINT('',#2608);
#2608 = CARTESIAN_POINT('',(635.,3.110602869834E-15,1.4284E+03));
#2609 = SURFACE_CURVE('',#2610,(#2615,#2622),.PCURVE_S1.);
#2610 = CIRCLE('',#2611,12.7);
#2611 = AXIS2_PLACEMENT_3D('',#2612,#2613,#2614);
#2612 = CARTESIAN_POINT('',(635.,0.,1.4157E+03));
#2613 = DIRECTION('',(1.,0.,-0.));
#2614 = DIRECTION('',(0.,0.,1.));
#2615 = PCURVE('',#2235,#2616);
#2616 = DEFINITIONAL_REPRESENTATION('',(#2617),#2621);
#2617 = CIRCLE('',#2618,12.7);
#2618 = AXIS2_PLACEMENT_2D('',#2619,#2620);
#2619 = CARTESIAN_POINT('',(-3.003464250319E-15,1.139533443783E-15));
#2620 = DIRECTION('',(-1.,0.));
#2621 = ( GEOMETRIC_REPRESENTATION_CONTEXT(2) 
PARAMETRIC_REPRESENTATION_CONTEXT() REPRESENTATION_CONTEXT('2D SPACE',''
  ) );
#2622 = PCURVE('',#2623,#2628);
#2623 = CYLINDRICAL_SURFACE('',#2624,12.7);
#2624 = AXIS2_PLACEMENT_3D('',#2625,#2626,#2627);
#2625 = CARTESIAN_POINT('',(635.,0.,1.4157E+03));
#2626 = DIRECTION('',(1.,0.,0.));
#2627 = DIRECTION('',(0.,0.,1.));
#2628 = DEFINITIONAL_REPRESENTATION('',(#2629),#2633);
#2629 = LINE('',#2630,#2631);
#2630 = CARTESIAN_POINT('',(0.,0.));
#2631 = VECTOR('',#2632,1.);
#2632 = DIRECTION('',(1.,0.));
#2633 = ( GEOMETRIC_REPRESENTATION_CONTEXT(2) 
PARAMETRIC_REPRESENTATION_CONTEXT() REPRESENTATION_CONTEXT('2D SPACE',''
  ) );
#2634 = ADVANCED_FACE('',(#2635),#2322,.F.);
#2635 = FACE_BOUND('',#2636,.F.);
#2636 = EDGE_LOOP('',(#2637,#2658,#2659,#2660));
#2637 = ORIENTED_EDGE('',*,*,#2638,.T.);
#2638 = EDGE_CURVE('',#2482,#2560,#2639,.T.);
#2639 = SURFACE_CURVE('',#2640,(#2644,#2651),.PCURVE_S1.);
#2640 = LINE('',#2641,#2642);
#2641 = CARTESIAN_POINT('',(610.,-18.,1.426092304845E+03));
#2642 = VECTOR('',#2643,1.);
#2643 = DIRECTION('',(1.,0.,2.22044604925E-16));
#2644 = PCURVE('',#2322,#2645);
#2645 = DEFINITIONAL_REPRESENTATION('',(#2646),#2650);
#2646 = LINE('',#2647,#2648);
#2647 = CARTESIAN_POINT('',(0.,0.));
#2648 = VECTOR('',#2649,1.);
#2649 = DIRECTION('',(0.,-1.));
#2650 = ( GEOMETRIC_REPRESENTATION_CONTEXT(2) 
PARAMETRIC_REPRESENTATION_CONTEXT() REPRESENTATION_CONTEXT('2D SPACE',''
  ) );
#2651 = PCURVE('',#2497,#2652);
#2652 = DEFINITIONAL_REPRESENTATION('',(#2653),#2657);
#2653 = LINE('',#2654,#2655);
#2654 = CARTESIAN_POINT('',(20.784609690827,0.));
#2655 = VECTOR('',#2656,1.);
#2656 = DIRECTION('',(0.,-1.));
#2657 = ( GEOMETRIC_REPRESENTATION_CONTEXT(2) 
PARAMETRIC_REPRESENTATION_CONTEXT() REPRESENTATION_CONTEXT('2D SPACE',''
  ) );
#2658 = ORIENTED_EDGE('',*,*,#2582,.T.);
#2659 = ORIENTED_EDGE('',*,*,#2304,.F.);
#2660 = ORIENTED_EDGE('',*,*,#2509,.F.);
#2661 = ADVANCED_FACE('',(#2662),#2420,.F.);
#2662 = FACE_BOUND('',#2663,.F.);
#2663 = EDGE_LOOP('',(#2664,#2665,#2666,#2687));
#2664 = ORIENTED_EDGE('',*,*,#2404,.T.);
#2665 = ORIENTED_EDGE('',*,*,#2536,.T.);
#2666 = ORIENTED_EDGE('',*,*,#2667,.F.);
#2667 = EDGE_CURVE('',#2459,#2537,#2668,.T.);
#2668 = SURFACE_CURVE('',#2669,(#2673,#2680),.PCURVE_S1.);
#2669 = LINE('',#2670,#2671);
#2670 = CARTESIAN_POINT('',(610.,2.54538057294E-15,1.436484609691E+03));
#2671 = VECTOR('',#2672,1.);
#2672 = DIRECTION('',(1.,0.,2.22044604925E-16));
#2673 = PCURVE('',#2420,#2674);
#2674 = DEFINITIONAL_REPRESENTATION('',(#2675),#2679);
#2675 = LINE('',#2676,#2677);
#2676 = CARTESIAN_POINT('',(20.784609690827,0.));
#2677 = VECTOR('',#2678,1.);
#2678 = DIRECTION('',(0.,-1.));
#2679 = ( GEOMETRIC_REPRESENTATION_CONTEXT(2) 
PARAMETRIC_REPRESENTATION_CONTEXT() REPRESENTATION_CONTEXT('2D SPACE',''
  ) );
#2680 = PCURVE('',#2497,#2681);
#2681 = DEFINITIONAL_REPRESENTATION('',(#2682),#2686);
#2682 = LINE('',#2683,#2684);
#2683 = CARTESIAN_POINT('',(0.,0.));
#2684 = VECTOR('',#2685,1.);
#2685 = DIRECTION('',(0.,-1.));
#2686 = ( GEOMETRIC_REPRESENTATION_CONTEXT(2) 
PARAMETRIC_REPRESENTATION_CONTEXT() REPRESENTATION_CONTEXT('2D SPACE',''
  ) );
#2687 = ORIENTED_EDGE('',*,*,#2458,.F.);
#2688 = ADVANCED_FACE('',(#2689),#2497,.F.);
#2689 = FACE_BOUND('',#2690,.F.);
#2690 = EDGE_LOOP('',(#2691,#2692,#2693,#2694));
#2691 = ORIENTED_EDGE('',*,*,#2667,.T.);
#2692 = ORIENTED_EDGE('',*,*,#2559,.T.);
#2693 = ORIENTED_EDGE('',*,*,#2638,.F.);
#2694 = ORIENTED_EDGE('',*,*,#2481,.F.);
#2695 = ADVANCED_FACE('',(#2696),#2623,.T.);
#2696 = FACE_BOUND('',#2697,.T.);
#2697 = EDGE_LOOP('',(#2698,#2699,#2722,#2763,#2791,#2814,#2848));
#2698 = ORIENTED_EDGE('',*,*,#2606,.T.);
#2699 = ORIENTED_EDGE('',*,*,#2700,.T.);
#2700 = EDGE_CURVE('',#2607,#2701,#2703,.T.);
#2701 = VERTEX_POINT('',#2702);
#2702 = CARTESIAN_POINT('',(647.29999999999,3.110602869834E-15,
    1.4284E+03));
#2703 = SEAM_CURVE('',#2704,(#2708,#2715),.PCURVE_S1.);
#2704 = LINE('',#2705,#2706);
#2705 = CARTESIAN_POINT('',(635.,3.110602869834E-15,1.4284E+03));
#2706 = VECTOR('',#2707,1.);
#2707 = DIRECTION('',(1.,0.,0.));
#2708 = PCURVE('',#2623,#2709);
#2709 = DEFINITIONAL_REPRESENTATION('',(#2710),#2714);
#2710 = LINE('',#2711,#2712);
#2711 = CARTESIAN_POINT('',(0.,-0.));
#2712 = VECTOR('',#2713,1.);
#2713 = DIRECTION('',(0.,1.));
#2714 = ( GEOMETRIC_REPRESENTATION_CONTEXT(2) 
PARAMETRIC_REPRESENTATION_CONTEXT() REPRESENTATION_CONTEXT('2D SPACE',''
  ) );
#2715 = PCURVE('',#2623,#2716);
#2716 = DEFINITIONAL_REPRESENTATION('',(#2717),#2721);
#2717 = LINE('',#2718,#2719);
#2718 = CARTESIAN_POINT('',(6.28318530718,-0.));
#2719 = VECTOR('',#2720,1.);
#2720 = DIRECTION('',(0.,1.));
#2721 = ( GEOMETRIC_REPRESENTATION_CONTEXT(2) 
PARAMETRIC_REPRESENTATION_CONTEXT() REPRESENTATION_CONTEXT('2D SPACE',''
  ) );
#2722 = ORIENTED_EDGE('',*,*,#2723,.F.);
#2723 = EDGE_CURVE('',#2724,#2701,#2726,.T.);
#2724 = VERTEX_POINT('',#2725);
#2725 = CARTESIAN_POINT('',(660.,12.7,1.4157E+03));
#2726 = SURFACE_CURVE('',#2727,(#2732,#2745),.PCURVE_S1.);
#2727 = ELLIPSE('',#2728,17.960512242138,12.7);
#2728 = AXIS2_PLACEMENT_3D('',#2729,#2730,#2731);
#2729 = CARTESIAN_POINT('',(660.,0.,1.4157E+03));
#2730 = DIRECTION('',(0.707106781187,0.,0.707106781187));
#2731 = DIRECTION('',(0.707106781187,0.,-0.707106781187));
#2732 = PCURVE('',#2623,#2733);
#2733 = DEFINITIONAL_REPRESENTATION('',(#2734),#2744);
#2734 = B_SPLINE_CURVE_WITH_KNOTS('',8,(#2735,#2736,#2737,#2738,#2739,
    #2740,#2741,#2742,#2743),.UNSPECIFIED.,.F.,.F.,(9,9),(1.570796232307
    ,3.14159265359),.PIECEWISE_BEZIER_KNOTS.);
#2735 = CARTESIAN_POINT('',(4.712388885896,25.0000012));
#2736 = CARTESIAN_POINT('',(4.908738438557,22.506361881213));
#2737 = CARTESIAN_POINT('',(5.105087991225,20.01272191751));
#2738 = CARTESIAN_POINT('',(5.301437543854,17.665582200359));
#2739 = CARTESIAN_POINT('',(5.497787096585,15.611414260624));
#2740 = CARTESIAN_POINT('',(5.694136649174,13.978711013362));
#2741 = CARTESIAN_POINT('',(5.890486201864,12.859571922374));
#2742 = CARTESIAN_POINT('',(6.086835754519,12.3));
#2743 = CARTESIAN_POINT('',(6.28318530718,12.3));
#2744 = ( GEOMETRIC_REPRESENTATION_CONTEXT(2) 
PARAMETRIC_REPRESENTATION_CONTEXT() REPRESENTATION_CONTEXT('2D SPACE',''
  ) );
#2745 = PCURVE('',#2746,#2751);
#2746 = CYLINDRICAL_SURFACE('',#2747,12.7);
#2747 = AXIS2_PLACEMENT_3D('',#2748,#2749,#2750);
#2748 = CARTESIAN_POINT('',(660.,0.,1.4157E+03));
#2749 = DIRECTION('',(0.,0.,1.));
#2750 = DIRECTION('',(1.,0.,0.));
#2751 = DEFINITIONAL_REPRESENTATION('',(#2752),#2762);
#2752 = B_SPLINE_CURVE_WITH_KNOTS('',8,(#2753,#2754,#2755,#2756,#2757,
    #2758,#2759,#2760,#2761),.UNSPECIFIED.,.F.,.F.,(9,9),(1.570796232307
    ,3.14159265359),.PIECEWISE_BEZIER_KNOTS.);
#2753 = CARTESIAN_POINT('',(1.570796232307,-1.200000042445E-06));
#2754 = CARTESIAN_POINT('',(1.767145784967,2.493638118787));
#2755 = CARTESIAN_POINT('',(1.963495337624,4.987278082509));
#2756 = CARTESIAN_POINT('',(2.159844890299,7.334417799571));
#2757 = CARTESIAN_POINT('',(2.356194442931,9.388585739427));
#2758 = CARTESIAN_POINT('',(2.552543995613,11.021288986572));
#2759 = CARTESIAN_POINT('',(2.748893548265,12.140428077644));
#2760 = CARTESIAN_POINT('',(2.945243100929,12.7));
#2761 = CARTESIAN_POINT('',(3.14159265359,12.7));
#2762 = ( GEOMETRIC_REPRESENTATION_CONTEXT(2) 
PARAMETRIC_REPRESENTATION_CONTEXT() REPRESENTATION_CONTEXT('2D SPACE',''
  ) );
#2763 = ORIENTED_EDGE('',*,*,#2764,.F.);
#2764 = EDGE_CURVE('',#2765,#2724,#2767,.T.);
#2765 = VERTEX_POINT('',#2766);
#2766 = CARTESIAN_POINT('',(660.,-1.904694923981E-31,1.403E+03));
#2767 = SURFACE_CURVE('',#2768,(#2773,#2780),.PCURVE_S1.);
#2768 = CIRCLE('',#2769,12.7);
#2769 = AXIS2_PLACEMENT_3D('',#2770,#2771,#2772);
#2770 = CARTESIAN_POINT('',(660.,0.,1.4157E+03));
#2771 = DIRECTION('',(1.,0.,-0.));
#2772 = DIRECTION('',(0.,0.,1.));
#2773 = PCURVE('',#2623,#2774);
#2774 = DEFINITIONAL_REPRESENTATION('',(#2775),#2779);
#2775 = LINE('',#2776,#2777);
#2776 = CARTESIAN_POINT('',(0.,25.));
#2777 = VECTOR('',#2778,1.);
#2778 = DIRECTION('',(1.,0.));
#2779 = ( GEOMETRIC_REPRESENTATION_CONTEXT(2) 
PARAMETRIC_REPRESENTATION_CONTEXT() REPRESENTATION_CONTEXT('2D SPACE',''
  ) );
#2780 = PCURVE('',#2781,#2786);
#2781 = SPHERICAL_SURFACE('',#2782,12.7);
#2782 = AXIS2_PLACEMENT_3D('',#2783,#2784,#2785);
#2783 = CARTESIAN_POINT('',(660.,0.,1.4157E+03));
#2784 = DIRECTION('',(0.,0.,1.));
#2785 = DIRECTION('',(1.,0.,-0.));
#2786 = DEFINITIONAL_REPRESENTATION('',(#2787),#2790);
#2787 = B_SPLINE_CURVE_WITH_KNOTS('',1,(#2788,#2789),.UNSPECIFIED.,.F.,
  .F.,(2,2),(3.14159265359,6.28318530718),.PIECEWISE_BEZIER_KNOTS.);
#2788 = CARTESIAN_POINT('',(7.853981633974,-1.570796326795));
#2789 = CARTESIAN_POINT('',(7.853981633974,1.570796326795));
#2790 = ( GEOMETRIC_REPRESENTATION_CONTEXT(2) 
PARAMETRIC_REPRESENTATION_CONTEXT() REPRESENTATION_CONTEXT('2D SPACE',''
  ) );
#2791 = ORIENTED_EDGE('',*,*,#2792,.F.);
#2792 = EDGE_CURVE('',#2793,#2765,#2795,.T.);
#2793 = VERTEX_POINT('',#2794);
#2794 = CARTESIAN_POINT('',(660.,-12.7,1.4157E+03));
#2795 = SURFACE_CURVE('',#2796,(#2801,#2808),.PCURVE_S1.);
#2796 = CIRCLE('',#2797,12.7);
#2797 = AXIS2_PLACEMENT_3D('',#2798,#2799,#2800);
#2798 = CARTESIAN_POINT('',(660.,0.,1.4157E+03));
#2799 = DIRECTION('',(1.,0.,-0.));
#2800 = DIRECTION('',(0.,0.,1.));
#2801 = PCURVE('',#2623,#2802);
#2802 = DEFINITIONAL_REPRESENTATION('',(#2803),#2807);
#2803 = LINE('',#2804,#2805);
#2804 = CARTESIAN_POINT('',(0.,25.));
#2805 = VECTOR('',#2806,1.);
#2806 = DIRECTION('',(1.,0.));
#2807 = ( GEOMETRIC_REPRESENTATION_CONTEXT(2) 
PARAMETRIC_REPRESENTATION_CONTEXT() REPRESENTATION_CONTEXT('2D SPACE',''
  ) );
#2808 = PCURVE('',#2781,#2809);
#2809 = DEFINITIONAL_REPRESENTATION('',(#2810),#2813);
#2810 = B_SPLINE_CURVE_WITH_KNOTS('',1,(#2811,#2812),.UNSPECIFIED.,.F.,
  .F.,(2,2),(0.,3.14159265359),.PIECEWISE_BEZIER_KNOTS.);
#2811 = CARTESIAN_POINT('',(4.712388980385,1.570796326795));
#2812 = CARTESIAN_POINT('',(4.712388980385,-1.570796326795));
#2813 = ( GEOMETRIC_REPRESENTATION_CONTEXT(2) 
PARAMETRIC_REPRESENTATION_CONTEXT() REPRESENTATION_CONTEXT('2D SPACE',''
  ) );
#2814 = ORIENTED_EDGE('',*,*,#2815,.F.);
#2815 = EDGE_CURVE('',#2701,#2793,#2816,.T.);
#2816 = SURFACE_CURVE('',#2817,(#2822,#2835),.PCURVE_S1.);
#2817 = ELLIPSE('',#2818,17.960512242138,12.7);
#2818 = AXIS2_PLACEMENT_3D('',#2819,#2820,#2821);
#2819 = CARTESIAN_POINT('',(660.,0.,1.4157E+03));
#2820 = DIRECTION('',(0.707106781187,0.,0.707106781187));
#2821 = DIRECTION('',(0.707106781187,0.,-0.707106781187));
#2822 = PCURVE('',#2623,#2823);
#2823 = DEFINITIONAL_REPRESENTATION('',(#2824),#2834);
#2824 = B_SPLINE_CURVE_WITH_KNOTS('',8,(#2825,#2826,#2827,#2828,#2829,
    #2830,#2831,#2832,#2833),.UNSPECIFIED.,.F.,.F.,(9,9),(3.14159265359,
    4.712389074873),.PIECEWISE_BEZIER_KNOTS.);
#2825 = CARTESIAN_POINT('',(-8.881784197001E-16,12.3));
#2826 = CARTESIAN_POINT('',(0.19634955266,12.3));
#2827 = CARTESIAN_POINT('',(0.392699105321,12.85957192231));
#2828 = CARTESIAN_POINT('',(0.589048657981,13.978711013508));
#2829 = CARTESIAN_POINT('',(0.78539821064,15.61141426042));
#2830 = CARTESIAN_POINT('',(0.981747763301,17.665582200512));
#2831 = CARTESIAN_POINT('',(1.178097315962,20.01272191745));
#2832 = CARTESIAN_POINT('',(1.374446868623,22.506361881213));
#2833 = CARTESIAN_POINT('',(1.570796421283,25.0000012));
#2834 = ( GEOMETRIC_REPRESENTATION_CONTEXT(2) 
PARAMETRIC_REPRESENTATION_CONTEXT() REPRESENTATION_CONTEXT('2D SPACE',''
  ) );
#2835 = PCURVE('',#2746,#2836);
#2836 = DEFINITIONAL_REPRESENTATION('',(#2837),#2847);
#2837 = B_SPLINE_CURVE_WITH_KNOTS('',8,(#2838,#2839,#2840,#2841,#2842,
    #2843,#2844,#2845,#2846),.UNSPECIFIED.,.F.,.F.,(9,9),(3.14159265359,
    4.712389074873),.PIECEWISE_BEZIER_KNOTS.);
#2838 = CARTESIAN_POINT('',(3.14159265359,12.7));
#2839 = CARTESIAN_POINT('',(3.33794220625,12.7));
#2840 = CARTESIAN_POINT('',(3.53429175891,12.140428077659));
#2841 = CARTESIAN_POINT('',(3.730641311568,11.021288986532));
#2842 = CARTESIAN_POINT('',(3.926990864231,9.388585739471));
#2843 = CARTESIAN_POINT('',(4.123340416889,7.33441779955));
#2844 = CARTESIAN_POINT('',(4.319689969549,4.987278082519));
#2845 = CARTESIAN_POINT('',(4.516039522212,2.493638118787));
#2846 = CARTESIAN_POINT('',(4.712389074873,-1.199999815071E-06));
#2847 = ( GEOMETRIC_REPRESENTATION_CONTEXT(2) 
PARAMETRIC_REPRESENTATION_CONTEXT() REPRESENTATION_CONTEXT('2D SPACE',''
  ) );
#2848 = ORIENTED_EDGE('',*,*,#2700,.F.);
#2849 = ADVANCED_FACE('',(#2850),#2746,.T.);
#2850 = FACE_BOUND('',#2851,.T.);
#2851 = EDGE_LOOP('',(#2852,#2876,#2899,#2940,#2969,#3003,#3004,#3026,
    #3027));
#2852 = ORIENTED_EDGE('',*,*,#2853,.T.);
#2853 = EDGE_CURVE('',#2793,#2854,#2856,.T.);
#2854 = VERTEX_POINT('',#2855);
#2855 = CARTESIAN_POINT('',(672.7,-3.110602869834E-15,1.4157E+03));
#2856 = SURFACE_CURVE('',#2857,(#2862,#2869),.PCURVE_S1.);
#2857 = CIRCLE('',#2858,12.7);
#2858 = AXIS2_PLACEMENT_3D('',#2859,#2860,#2861);
#2859 = CARTESIAN_POINT('',(660.,0.,1.4157E+03));
#2860 = DIRECTION('',(0.,0.,1.));
#2861 = DIRECTION('',(1.,0.,0.));
#2862 = PCURVE('',#2746,#2863);
#2863 = DEFINITIONAL_REPRESENTATION('',(#2864),#2868);
#2864 = LINE('',#2865,#2866);
#2865 = CARTESIAN_POINT('',(0.,0.));
#2866 = VECTOR('',#2867,1.);
#2867 = DIRECTION('',(1.,0.));
#2868 = ( GEOMETRIC_REPRESENTATION_CONTEXT(2) 
PARAMETRIC_REPRESENTATION_CONTEXT() REPRESENTATION_CONTEXT('2D SPACE',''
  ) );
#2869 = PCURVE('',#2781,#2870);
#2870 = DEFINITIONAL_REPRESENTATION('',(#2871),#2875);
#2871 = LINE('',#2872,#2873);
#2872 = CARTESIAN_POINT('',(0.,-1.790343901128E-14));
#2873 = VECTOR('',#2874,1.);
#2874 = DIRECTION('',(1.,0.));
#2875 = ( GEOMETRIC_REPRESENTATION_CONTEXT(2) 
PARAMETRIC_REPRESENTATION_CONTEXT() REPRESENTATION_CONTEXT('2D SPACE',''
  ) );
#2876 = ORIENTED_EDGE('',*,*,#2877,.T.);
#2877 = EDGE_CURVE('',#2854,#2878,#2880,.T.);
#2878 = VERTEX_POINT('',#2879);
#2879 = CARTESIAN_POINT('',(672.7,-3.110602869834E-15,1.5373E+03));
#2880 = SEAM_CURVE('',#2881,(#2885,#2892),.PCURVE_S1.);
#2881 = LINE('',#2882,#2883);
#2882 = CARTESIAN_POINT('',(672.7,-3.110602869834E-15,1.4157E+03));
#2883 = VECTOR('',#2884,1.);
#2884 = DIRECTION('',(0.,0.,1.));
#2885 = PCURVE('',#2746,#2886);
#2886 = DEFINITIONAL_REPRESENTATION('',(#2887),#2891);
#2887 = LINE('',#2888,#2889);
#2888 = CARTESIAN_POINT('',(0.,-0.));
#2889 = VECTOR('',#2890,1.);
#2890 = DIRECTION('',(0.,1.));
#2891 = ( GEOMETRIC_REPRESENTATION_CONTEXT(2) 
PARAMETRIC_REPRESENTATION_CONTEXT() REPRESENTATION_CONTEXT('2D SPACE',''
  ) );
#2892 = PCURVE('',#2746,#2893);
#2893 = DEFINITIONAL_REPRESENTATION('',(#2894),#2898);
#2894 = LINE('',#2895,#2896);
#2895 = CARTESIAN_POINT('',(6.28318530718,-0.));
#2896 = VECTOR('',#2897,1.);
#2897 = DIRECTION('',(0.,1.));
#2898 = ( GEOMETRIC_REPRESENTATION_CONTEXT(2) 
PARAMETRIC_REPRESENTATION_CONTEXT() REPRESENTATION_CONTEXT('2D SPACE',''
  ) );
#2899 = ORIENTED_EDGE('',*,*,#2900,.F.);
#2900 = EDGE_CURVE('',#2901,#2878,#2903,.T.);
#2901 = VERTEX_POINT('',#2902);
#2902 = CARTESIAN_POINT('',(660.,-12.7,1.55E+03));
#2903 = SURFACE_CURVE('',#2904,(#2909,#2922),.PCURVE_S1.);
#2904 = ELLIPSE('',#2905,17.960512242138,12.7);
#2905 = AXIS2_PLACEMENT_3D('',#2906,#2907,#2908);
#2906 = CARTESIAN_POINT('',(660.,0.,1.55E+03));
#2907 = DIRECTION('',(0.707106781187,0.,0.707106781187));
#2908 = DIRECTION('',(-0.707106781187,0.,0.707106781187));
#2909 = PCURVE('',#2746,#2910);
#2910 = DEFINITIONAL_REPRESENTATION('',(#2911),#2921);
#2911 = B_SPLINE_CURVE_WITH_KNOTS('',8,(#2912,#2913,#2914,#2915,#2916,
    #2917,#2918,#2919,#2920),.UNSPECIFIED.,.F.,.F.,(9,9),(1.570796137762
    ,3.14159265359),.PIECEWISE_BEZIER_KNOTS.);
#2912 = CARTESIAN_POINT('',(4.712388791352,134.30000240071));
#2913 = CARTESIAN_POINT('',(4.908738355831,131.80636293183));
#2914 = CARTESIAN_POINT('',(5.105087920297,129.31272276495));
#2915 = CARTESIAN_POINT('',(5.301437484803,126.96558281866));
#2916 = CARTESIAN_POINT('',(5.497787049222,124.91141465329));
#2917 = CARTESIAN_POINT('',(5.694136613762,123.27871121565));
#2918 = CARTESIAN_POINT('',(5.890486178217,122.15957198959));
#2919 = CARTESIAN_POINT('',(6.086835742701,121.6));
#2920 = CARTESIAN_POINT('',(6.28318530718,121.6));
#2921 = ( GEOMETRIC_REPRESENTATION_CONTEXT(2) 
PARAMETRIC_REPRESENTATION_CONTEXT() REPRESENTATION_CONTEXT('2D SPACE',''
  ) );
#2922 = PCURVE('',#2923,#2928);
#2923 = CYLINDRICAL_SURFACE('',#2924,12.7);
#2924 = AXIS2_PLACEMENT_3D('',#2925,#2926,#2927);
#2925 = CARTESIAN_POINT('',(660.,0.,1.55E+03));
#2926 = DIRECTION('',(1.,0.,0.));
#2927 = DIRECTION('',(0.,0.,1.));
#2928 = DEFINITIONAL_REPRESENTATION('',(#2929),#2939);
#2929 = B_SPLINE_CURVE_WITH_KNOTS('',8,(#2930,#2931,#2932,#2933,#2934,
    #2935,#2936,#2937,#2938),.UNSPECIFIED.,.F.,.F.,(9,9),(1.570796137762
    ,3.14159265359),.PIECEWISE_BEZIER_KNOTS.);
#2930 = CARTESIAN_POINT('',(1.570796137762,-2.400713015049E-06));
#2931 = CARTESIAN_POINT('',(1.767145702241,2.493637068163));
#2932 = CARTESIAN_POINT('',(1.963495266722,4.987277234876));
#2933 = CARTESIAN_POINT('',(2.159844831185,7.334417181362));
#2934 = CARTESIAN_POINT('',(2.356194395685,9.388585346343));
#2935 = CARTESIAN_POINT('',(2.552543960139,11.021288784454));
#2936 = CARTESIAN_POINT('',(2.748893524636,12.140428010285));
#2937 = CARTESIAN_POINT('',(2.945243089111,12.7));
#2938 = CARTESIAN_POINT('',(3.14159265359,12.7));
#2939 = ( GEOMETRIC_REPRESENTATION_CONTEXT(2) 
PARAMETRIC_REPRESENTATION_CONTEXT() REPRESENTATION_CONTEXT('2D SPACE',''
  ) );
#2940 = ORIENTED_EDGE('',*,*,#2941,.F.);
#2941 = EDGE_CURVE('',#2942,#2901,#2944,.T.);
#2942 = VERTEX_POINT('',#2943);
#2943 = CARTESIAN_POINT('',(660.,12.7,1.55E+03));
#2944 = SURFACE_CURVE('',#2945,(#2950,#2957),.PCURVE_S1.);
#2945 = CIRCLE('',#2946,12.7);
#2946 = AXIS2_PLACEMENT_3D('',#2947,#2948,#2949);
#2947 = CARTESIAN_POINT('',(660.,0.,1.55E+03));
#2948 = DIRECTION('',(0.,0.,1.));
#2949 = DIRECTION('',(1.,0.,0.));
#2950 = PCURVE('',#2746,#2951);
#2951 = DEFINITIONAL_REPRESENTATION('',(#2952),#2956);
#2952 = LINE('',#2953,#2954);
#2953 = CARTESIAN_POINT('',(0.,134.3));
#2954 = VECTOR('',#2955,1.);
#2955 = DIRECTION('',(1.,0.));
#2956 = ( GEOMETRIC_REPRESENTATION_CONTEXT(2) 
PARAMETRIC_REPRESENTATION_CONTEXT() REPRESENTATION_CONTEXT('2D SPACE',''
  ) );
#2957 = PCURVE('',#2958,#2963);
#2958 = SPHERICAL_SURFACE('',#2959,12.7);
#2959 = AXIS2_PLACEMENT_3D('',#2960,#2961,#2962);
#2960 = CARTESIAN_POINT('',(660.,0.,1.55E+03));
#2961 = DIRECTION('',(0.,0.,1.));
#2962 = DIRECTION('',(1.,0.,-0.));
#2963 = DEFINITIONAL_REPRESENTATION('',(#2964),#2968);
#2964 = LINE('',#2965,#2966);
#2965 = CARTESIAN_POINT('',(0.,-1.790343901128E-14));
#2966 = VECTOR('',#2967,1.);
#2967 = DIRECTION('',(1.,0.));
#2968 = ( GEOMETRIC_REPRESENTATION_CONTEXT(2) 
PARAMETRIC_REPRESENTATION_CONTEXT() REPRESENTATION_CONTEXT('2D SPACE',''
  ) );
#2969 = ORIENTED_EDGE('',*,*,#2970,.F.);
#2970 = EDGE_CURVE('',#2878,#2942,#2971,.T.);
#2971 = SURFACE_CURVE('',#2972,(#2977,#2990),.PCURVE_S1.);
#2972 = ELLIPSE('',#2973,17.960512242138,12.7);
#2973 = AXIS2_PLACEMENT_3D('',#2974,#2975,#2976);
#2974 = CARTESIAN_POINT('',(660.,0.,1.55E+03));
#2975 = DIRECTION('',(0.707106781187,0.,0.707106781187));
#2976 = DIRECTION('',(-0.707106781187,0.,0.707106781187));
#2977 = PCURVE('',#2746,#2978);
#2978 = DEFINITIONAL_REPRESENTATION('',(#2979),#2989);
#2979 = B_SPLINE_CURVE_WITH_KNOTS('',8,(#2980,#2981,#2982,#2983,#2984,
    #2985,#2986,#2987,#2988),.UNSPECIFIED.,.F.,.F.,(9,9),(3.14159265359,
    4.712388980328),.PIECEWISE_BEZIER_KNOTS.);
#2980 = CARTESIAN_POINT('',(-8.881784197001E-16,121.6));
#2981 = CARTESIAN_POINT('',(0.196349540842,121.6));
#2982 = CARTESIAN_POINT('',(0.392699081685,122.1595718549));
#2983 = CARTESIAN_POINT('',(0.589048622523,123.27871081128));
#2984 = CARTESIAN_POINT('',(0.785398163373,124.91141386702));
#2985 = CARTESIAN_POINT('',(0.981747704208,126.96558158239));
#2986 = CARTESIAN_POINT('',(1.178097245054,129.31272106977));
#2987 = CARTESIAN_POINT('',(1.374446785896,131.80636083058));
#2988 = CARTESIAN_POINT('',(1.570796326738,134.29999999928));
#2989 = ( GEOMETRIC_REPRESENTATION_CONTEXT(2) 
PARAMETRIC_REPRESENTATION_CONTEXT() REPRESENTATION_CONTEXT('2D SPACE',''
  ) );
#2990 = PCURVE('',#2923,#2991);
#2991 = DEFINITIONAL_REPRESENTATION('',(#2992),#3002);
#2992 = B_SPLINE_CURVE_WITH_KNOTS('',8,(#2993,#2994,#2995,#2996,#2997,
    #2998,#2999,#3000,#3001),.UNSPECIFIED.,.F.,.F.,(9,9),(3.14159265359,
    4.712388980328),.PIECEWISE_BEZIER_KNOTS.);
#2993 = CARTESIAN_POINT('',(3.14159265359,12.7));
#2994 = CARTESIAN_POINT('',(3.337942194432,12.7));
#2995 = CARTESIAN_POINT('',(3.534291735272,12.140428145021));
#2996 = CARTESIAN_POINT('',(3.730641276123,11.021289188604));
#2997 = CARTESIAN_POINT('',(3.926990816941,9.388586132576));
#2998 = CARTESIAN_POINT('',(4.123340357806,7.334418417704));
#2999 = CARTESIAN_POINT('',(4.319689898642,4.987278930152));
#3000 = CARTESIAN_POINT('',(4.516039439486,2.493639169414));
#3001 = CARTESIAN_POINT('',(4.712388980328,7.167955118348E-10));
#3002 = ( GEOMETRIC_REPRESENTATION_CONTEXT(2) 
PARAMETRIC_REPRESENTATION_CONTEXT() REPRESENTATION_CONTEXT('2D SPACE',''
  ) );
#3003 = ORIENTED_EDGE('',*,*,#2877,.F.);
#3004 = ORIENTED_EDGE('',*,*,#3005,.T.);
#3005 = EDGE_CURVE('',#2854,#2724,#3006,.T.);
#3006 = SURFACE_CURVE('',#3007,(#3012,#3019),.PCURVE_S1.);
#3007 = CIRCLE('',#3008,12.7);
#3008 = AXIS2_PLACEMENT_3D('',#3009,#3010,#3011);
#3009 = CARTESIAN_POINT('',(660.,0.,1.4157E+03));
#3010 = DIRECTION('',(0.,0.,1.));
#3011 = DIRECTION('',(1.,0.,0.));
#3012 = PCURVE('',#2746,#3013);
#3013 = DEFINITIONAL_REPRESENTATION('',(#3014),#3018);
#3014 = LINE('',#3015,#3016);
#3015 = CARTESIAN_POINT('',(0.,0.));
#3016 = VECTOR('',#3017,1.);
#3017 = DIRECTION('',(1.,0.));
#3018 = ( GEOMETRIC_REPRESENTATION_CONTEXT(2) 
PARAMETRIC_REPRESENTATION_CONTEXT() REPRESENTATION_CONTEXT('2D SPACE',''
  ) );
#3019 = PCURVE('',#2781,#3020);
#3020 = DEFINITIONAL_REPRESENTATION('',(#3021),#3025);
#3021 = LINE('',#3022,#3023);
#3022 = CARTESIAN_POINT('',(6.28318530718,-1.790343901128E-14));
#3023 = VECTOR('',#3024,1.);
#3024 = DIRECTION('',(1.,0.));
#3025 = ( GEOMETRIC_REPRESENTATION_CONTEXT(2) 
PARAMETRIC_REPRESENTATION_CONTEXT() REPRESENTATION_CONTEXT('2D SPACE',''
  ) );
#3026 = ORIENTED_EDGE('',*,*,#2723,.T.);
#3027 = ORIENTED_EDGE('',*,*,#2815,.T.);
#3028 = ADVANCED_FACE('',(#3029),#2781,.T.);
#3029 = FACE_BOUND('',#3030,.T.);
#3030 = EDGE_LOOP('',(#3031,#3032,#3033,#3034));
#3031 = ORIENTED_EDGE('',*,*,#2853,.F.);
#3032 = ORIENTED_EDGE('',*,*,#2792,.T.);
#3033 = ORIENTED_EDGE('',*,*,#2764,.T.);
#3034 = ORIENTED_EDGE('',*,*,#3005,.F.);
#3035 = ADVANCED_FACE('',(#3036),#2923,.T.);
#3036 = FACE_BOUND('',#3037,.T.);
#3037 = EDGE_LOOP('',(#3038,#3063,#3090,#3091,#3113,#3114,#3115));
#3038 = ORIENTED_EDGE('',*,*,#3039,.T.);
#3039 = EDGE_CURVE('',#3040,#3042,#3044,.T.);
#3040 = VERTEX_POINT('',#3041);
#3041 = CARTESIAN_POINT('',(660.,1.555301434917E-15,1.5627E+03));
#3042 = VERTEX_POINT('',#3043);
#3043 = CARTESIAN_POINT('',(699.85,3.110602869834E-15,1.5627E+03));
#3044 = SEAM_CURVE('',#3045,(#3049,#3056),.PCURVE_S1.);
#3045 = LINE('',#3046,#3047);
#3046 = CARTESIAN_POINT('',(660.,3.110602869834E-15,1.5627E+03));
#3047 = VECTOR('',#3048,1.);
#3048 = DIRECTION('',(1.,0.,0.));
#3049 = PCURVE('',#2923,#3050);
#3050 = DEFINITIONAL_REPRESENTATION('',(#3051),#3055);
#3051 = LINE('',#3052,#3053);
#3052 = CARTESIAN_POINT('',(6.28318530718,-0.));
#3053 = VECTOR('',#3054,1.);
#3054 = DIRECTION('',(0.,1.));
#3055 = ( GEOMETRIC_REPRESENTATION_CONTEXT(2) 
PARAMETRIC_REPRESENTATION_CONTEXT() REPRESENTATION_CONTEXT('2D SPACE',''
  ) );
#3056 = PCURVE('',#2923,#3057);
#3057 = DEFINITIONAL_REPRESENTATION('',(#3058),#3062);
#3058 = LINE('',#3059,#3060);
#3059 = CARTESIAN_POINT('',(0.,-0.));
#3060 = VECTOR('',#3061,1.);
#3061 = DIRECTION('',(0.,1.));
#3062 = ( GEOMETRIC_REPRESENTATION_CONTEXT(2) 
PARAMETRIC_REPRESENTATION_CONTEXT() REPRESENTATION_CONTEXT('2D SPACE',''
  ) );
#3063 = ORIENTED_EDGE('',*,*,#3064,.F.);
#3064 = EDGE_CURVE('',#3042,#3042,#3065,.T.);
#3065 = SURFACE_CURVE('',#3066,(#3071,#3078),.PCURVE_S1.);
#3066 = CIRCLE('',#3067,12.7);
#3067 = AXIS2_PLACEMENT_3D('',#3068,#3069,#3070);
#3068 = CARTESIAN_POINT('',(699.85,0.,1.55E+03));
#3069 = DIRECTION('',(1.,0.,-0.));
#3070 = DIRECTION('',(0.,0.,1.));
#3071 = PCURVE('',#2923,#3072);
#3072 = DEFINITIONAL_REPRESENTATION('',(#3073),#3077);
#3073 = LINE('',#3074,#3075);
#3074 = CARTESIAN_POINT('',(0.,39.85));
#3075 = VECTOR('',#3076,1.);
#3076 = DIRECTION('',(1.,0.));
#3077 = ( GEOMETRIC_REPRESENTATION_CONTEXT(2) 
PARAMETRIC_REPRESENTATION_CONTEXT() REPRESENTATION_CONTEXT('2D SPACE',''
  ) );
#3078 = PCURVE('',#3079,#3084);
#3079 = PLANE('',#3080);
#3080 = AXIS2_PLACEMENT_3D('',#3081,#3082,#3083);
#3081 = CARTESIAN_POINT('',(699.85,0.,1.55E+03));
#3082 = DIRECTION('',(1.,0.,0.));
#3083 = DIRECTION('',(0.,0.,1.));
#3084 = DEFINITIONAL_REPRESENTATION('',(#3085),#3089);
#3085 = CIRCLE('',#3086,12.7);
#3086 = AXIS2_PLACEMENT_2D('',#3087,#3088);
#3087 = CARTESIAN_POINT('',(0.,0.));
#3088 = DIRECTION('',(1.,0.));
#3089 = ( GEOMETRIC_REPRESENTATION_CONTEXT(2) 
PARAMETRIC_REPRESENTATION_CONTEXT() REPRESENTATION_CONTEXT('2D SPACE',''
  ) );
#3090 = ORIENTED_EDGE('',*,*,#3039,.F.);
#3091 = ORIENTED_EDGE('',*,*,#3092,.T.);
#3092 = EDGE_CURVE('',#3040,#2901,#3093,.T.);
#3093 = SURFACE_CURVE('',#3094,(#3099,#3106),.PCURVE_S1.);
#3094 = CIRCLE('',#3095,12.7);
#3095 = AXIS2_PLACEMENT_3D('',#3096,#3097,#3098);
#3096 = CARTESIAN_POINT('',(660.,0.,1.55E+03));
#3097 = DIRECTION('',(1.,0.,-0.));
#3098 = DIRECTION('',(0.,0.,1.));
#3099 = PCURVE('',#2923,#3100);
#3100 = DEFINITIONAL_REPRESENTATION('',(#3101),#3105);
#3101 = LINE('',#3102,#3103);
#3102 = CARTESIAN_POINT('',(0.,0.));
#3103 = VECTOR('',#3104,1.);
#3104 = DIRECTION('',(1.,0.));
#3105 = ( GEOMETRIC_REPRESENTATION_CONTEXT(2) 
PARAMETRIC_REPRESENTATION_CONTEXT() REPRESENTATION_CONTEXT('2D SPACE',''
  ) );
#3106 = PCURVE('',#2958,#3107);
#3107 = DEFINITIONAL_REPRESENTATION('',(#3108),#3112);
#3108 = LINE('',#3109,#3110);
#3109 = CARTESIAN_POINT('',(4.712388980385,1.570796326795));
#3110 = VECTOR('',#3111,1.);
#3111 = DIRECTION('',(0.,-1.));
#3112 = ( GEOMETRIC_REPRESENTATION_CONTEXT(2) 
PARAMETRIC_REPRESENTATION_CONTEXT() REPRESENTATION_CONTEXT('2D SPACE',''
  ) );
#3113 = ORIENTED_EDGE('',*,*,#2900,.T.);
#3114 = ORIENTED_EDGE('',*,*,#2970,.T.);
#3115 = ORIENTED_EDGE('',*,*,#3116,.T.);
#3116 = EDGE_CURVE('',#2942,#3040,#3117,.T.);
#3117 = SURFACE_CURVE('',#3118,(#3123,#3130),.PCURVE_S1.);
#3118 = CIRCLE('',#3119,12.7);
#3119 = AXIS2_PLACEMENT_3D('',#3120,#3121,#3122);
#3120 = CARTESIAN_POINT('',(660.,0.,1.55E+03));
#3121 = DIRECTION('',(1.,0.,-0.));
#3122 = DIRECTION('',(0.,0.,1.));
#3123 = PCURVE('',#2923,#3124);
#3124 = DEFINITIONAL_REPRESENTATION('',(#3125),#3129);
#3125 = LINE('',#3126,#3127);
#3126 = CARTESIAN_POINT('',(0.,0.));
#3127 = VECTOR('',#3128,1.);
#3128 = DIRECTION('',(1.,0.));
#3129 = ( GEOMETRIC_REPRESENTATION_CONTEXT(2) 
PARAMETRIC_REPRESENTATION_CONTEXT() REPRESENTATION_CONTEXT('2D SPACE',''
  ) );
#3130 = PCURVE('',#2958,#3131);
#3131 = DEFINITIONAL_REPRESENTATION('',(#3132),#3136);
#3132 = LINE('',#3133,#3134);
#3133 = CARTESIAN_POINT('',(1.570796326795,-4.712388980385));
#3134 = VECTOR('',#3135,1.);
#3135 = DIRECTION('',(-0.,1.));
#3136 = ( GEOMETRIC_REPRESENTATION_CONTEXT(2) 
PARAMETRIC_REPRESENTATION_CONTEXT() REPRESENTATION_CONTEXT('2D SPACE',''
  ) );
#3137 = ADVANCED_FACE('',(#3138),#2958,.T.);
#3138 = FACE_BOUND('',#3139,.T.);
#3139 = EDGE_LOOP('',(#3140,#3141,#3142));
#3140 = ORIENTED_EDGE('',*,*,#3092,.F.);
#3141 = ORIENTED_EDGE('',*,*,#3116,.F.);
#3142 = ORIENTED_EDGE('',*,*,#2941,.T.);
#3143 = ADVANCED_FACE('',(#3144),#3079,.T.);
#3144 = FACE_BOUND('',#3145,.T.);
#3145 = EDGE_LOOP('',(#3146));
#3146 = ORIENTED_EDGE('',*,*,#3064,.T.);
#3147 = ( GEOMETRIC_REPRESENTATION_CONTEXT(3) 
GLOBAL_UNCERTAINTY_ASSIGNED_CONTEXT((#3151)) 
GLOBAL_UNIT_ASSIGNED_CONTEXT((#3148,#3149,#3150)) REPRESENTATION_CONTEXT
('Context #1','3D Context with UNIT and UNCERTAINTY') );
#3148 = ( LENGTH_UNIT() NAMED_UNIT(*) SI_UNIT(.MILLI.,.METRE.) );
#3149 = ( NAMED_UNIT(*) PLANE_ANGLE_UNIT() SI_UNIT($,.RADIAN.) );
#3150 = ( NAMED_UNIT(*) SI_UNIT($,.STERADIAN.) SOLID_ANGLE_UNIT() );
#3151 = UNCERTAINTY_MEASURE_WITH_UNIT(LENGTH_MEASURE(1.E-07),#3148,
  'distance_accuracy_value','confusion accuracy');
#3152 = CONTEXT_DEPENDENT_SHAPE_REPRESENTATION(#3153,#3155);
#3153 = ( REPRESENTATION_RELATIONSHIP('','',#2177,#10) 
REPRESENTATION_RELATIONSHIP_WITH_TRANSFORMATION(#3154) 
SHAPE_REPRESENTATION_RELATIONSHIP() );
#3154 = ITEM_DEFINED_TRANSFORMATION('','',#11,#19);
#3155 = PRODUCT_DEFINITION_SHAPE('Placement','Placement of an item',
  #3156);
#3156 = NEXT_ASSEMBLY_USAGE_OCCURRENCE('24','=>[0:1:1:3]','',#5,#2172,$
  );
#3157 = PRODUCT_RELATED_PRODUCT_CATEGORY('part',$,(#2174));
ENDSEC;
END-ISO-10303-21;
