ISO-10303-21;
HEADER;
FILE_DESCRIPTION(('Open CASCADE Model'),'2;1');
FILE_NAME('Open CASCADE Shape Model','2026-10-01T17:51:21',('Author'),(
    'Open CASCADE'),'Open CASCADE STEP processor 8.0','build123d',
  'Unknown');
FILE_SCHEMA(('AUTOMOTIVE_DESIGN { 1 0 10303 214 1 1 1 1 }'));
ENDSEC;
DATA;
#1 = APPLICATION_PROTOCOL_DEFINITION('international standard',
  'automotive_design',2000,#2);
#2 = APPLICATION_CONTEXT(
  'core data for automotive mechanical design processes');
#3 = SHAPE_DEFINITION_REPRESENTATION(#4,#10);
#4 = PRODUCT_DEFINITION_SHAPE('','',#5);
#5 = PRODUCT_DEFINITION('design','',#6,#9);
#6 = PRODUCT_DEFINITION_FORMATION('','',#7);
#7 = PRODUCT('COMPOUND','COMPOUND','',(#8));
#8 = PRODUCT_CONTEXT('',#2,'mechanical');
#9 = PRODUCT_DEFINITION_CONTEXT('part definition',#2,'design');
#10 = SHAPE_REPRESENTATION('',(#11,#15,#19,#23,#27,#31,#35,#39,#43),#47
  );
#11 = AXIS2_PLACEMENT_3D('',#12,#13,#14);
#12 = CARTESIAN_POINT('',(0.,0.,0.));
#13 = DIRECTION('',(0.,0.,1.));
#14 = DIRECTION('',(1.,0.,-0.));
#15 = AXIS2_PLACEMENT_3D('',#16,#17,#18);
#16 = CARTESIAN_POINT('',(0.,0.,0.));
#17 = DIRECTION('',(0.,0.,1.));
#18 = DIRECTION('',(1.,0.,-0.));
#19 = AXIS2_PLACEMENT_3D('',#20,#21,#22);
#20 = CARTESIAN_POINT('',(0.,0.,0.));
#21 = DIRECTION('',(0.,0.,1.));
#22 = DIRECTION('',(1.,0.,-0.));
#23 = AXIS2_PLACEMENT_3D('',#24,#25,#26);
#24 = CARTESIAN_POINT('',(0.,0.,0.));
#25 = DIRECTION('',(0.,0.,1.));
#26 = DIRECTION('',(1.,0.,-0.));
#27 = AXIS2_PLACEMENT_3D('',#28,#29,#30);
#28 = CARTESIAN_POINT('',(0.,0.,0.));
#29 = DIRECTION('',(0.,0.,1.));
#30 = DIRECTION('',(1.,0.,-0.));
#31 = AXIS2_PLACEMENT_3D('',#32,#33,#34);
#32 = CARTESIAN_POINT('',(0.,0.,0.));
#33 = DIRECTION('',(0.,0.,1.));
#34 = DIRECTION('',(1.,0.,-0.));
#35 = AXIS2_PLACEMENT_3D('',#36,#37,#38);
#36 = CARTESIAN_POINT('',(0.,0.,0.));
#37 = DIRECTION('',(0.,0.,1.));
#38 = DIRECTION('',(1.,0.,-0.));
#39 = AXIS2_PLACEMENT_3D('',#40,#41,#42);
#40 = CARTESIAN_POINT('',(0.,0.,0.));
#41 = DIRECTION('',(0.,0.,1.));
#42 = DIRECTION('',(1.,0.,-0.));
#43 = AXIS2_PLACEMENT_3D('',#44,#45,#46);
#44 = CARTESIAN_POINT('',(0.,0.,0.));
#45 = DIRECTION('',(0.,0.,1.));
#46 = DIRECTION('',(1.,0.,-0.));
#47 = ( GEOMETRIC_REPRESENTATION_CONTEXT(3) 
GLOBAL_UNCERTAINTY_ASSIGNED_CONTEXT((#51)) GLOBAL_UNIT_ASSIGNED_CONTEXT(
(#48,#49,#50)) REPRESENTATION_CONTEXT('Context #1',
  '3D Context with UNIT and UNCERTAINTY') );
#48 = ( LENGTH_UNIT() NAMED_UNIT(*) SI_UNIT(.MILLI.,.METRE.) );
#49 = ( NAMED_UNIT(*) PLANE_ANGLE_UNIT() SI_UNIT($,.RADIAN.) );
#50 = ( NAMED_UNIT(*) SI_UNIT($,.STERADIAN.) SOLID_ANGLE_UNIT() );
#51 = UNCERTAINTY_MEASURE_WITH_UNIT(LENGTH_MEASURE(2.E-07),#48,
  'distance_accuracy_value','confusion accuracy');
#52 = PRODUCT_RELATED_PRODUCT_CATEGORY('part',$,(#7));
#53 = SHAPE_DEFINITION_REPRESENTATION(#54,#60);
#54 = PRODUCT_DEFINITION_SHAPE('','',#55);
#55 = PRODUCT_DEFINITION('design','',#56,#59);
#56 = PRODUCT_DEFINITION_FORMATION('','',#57);
#57 = PRODUCT('COMPOUND','COMPOUND','',(#58));
#58 = PRODUCT_CONTEXT('',#2,'mechanical');
#59 = PRODUCT_DEFINITION_CONTEXT('part definition',#2,'design');
#60 = ADVANCED_BREP_SHAPE_REPRESENTATION('',(#11,#61),#2029);
#61 = BREP_WITH_VOIDS('',#62,(#1707));
#62 = CLOSED_SHELL('',(#63,#183,#259,#432,#481,#726,#733,#760,#787,#814,
    #841,#917,#966,#1015,#1042,#1287,#1363,#1412,#1461,#1488,#1599,#1626
    ,#1653,#1680));
#63 = ADVANCED_FACE('',(#64),#78,.F.);
#64 = FACE_BOUND('',#65,.F.);
#65 = EDGE_LOOP('',(#66,#101,#129,#157));
#66 = ORIENTED_EDGE('',*,*,#67,.F.);
#67 = EDGE_CURVE('',#68,#70,#72,.T.);
#68 = VERTEX_POINT('',#69);
#69 = CARTESIAN_POINT('',(690.,-30.,1.51385E+03));
#70 = VERTEX_POINT('',#71);
#71 = CARTESIAN_POINT('',(690.,-30.,1.51985E+03));
#72 = SURFACE_CURVE('',#73,(#77,#89),.PCURVE_S1.);
#73 = LINE('',#74,#75);
#74 = CARTESIAN_POINT('',(690.,-30.,1.51385E+03));
#75 = VECTOR('',#76,1.);
#76 = DIRECTION('',(0.,0.,1.));
#77 = PCURVE('',#78,#83);
#78 = PLANE('',#79);
#79 = AXIS2_PLACEMENT_3D('',#80,#81,#82);
#80 = CARTESIAN_POINT('',(690.,-30.,1.51385E+03));
#81 = DIRECTION('',(1.,0.,-0.));
#82 = DIRECTION('',(0.,0.,1.));
#83 = DEFINITIONAL_REPRESENTATION('',(#84),#88);
#84 = LINE('',#85,#86);
#85 = CARTESIAN_POINT('',(0.,0.));
#86 = VECTOR('',#87,1.);
#87 = DIRECTION('',(1.,0.));
#88 = ( GEOMETRIC_REPRESENTATION_CONTEXT(2) 
PARAMETRIC_REPRESENTATION_CONTEXT() REPRESENTATION_CONTEXT('2D SPACE',''
  ) );
#89 = PCURVE('',#90,#95);
#90 = PLANE('',#91);
#91 = AXIS2_PLACEMENT_3D('',#92,#93,#94);
#92 = CARTESIAN_POINT('',(690.,-30.,1.51385E+03));
#93 = DIRECTION('',(-0.,1.,0.));
#94 = DIRECTION('',(0.,0.,1.));
#95 = DEFINITIONAL_REPRESENTATION('',(#96),#100);
#96 = LINE('',#97,#98);
#97 = CARTESIAN_POINT('',(0.,0.));
#98 = VECTOR('',#99,1.);
#99 = DIRECTION('',(1.,0.));
#100 = ( GEOMETRIC_REPRESENTATION_CONTEXT(2) 
PARAMETRIC_REPRESENTATION_CONTEXT() REPRESENTATION_CONTEXT('2D SPACE',''
  ) );
#101 = ORIENTED_EDGE('',*,*,#102,.T.);
#102 = EDGE_CURVE('',#68,#103,#105,.T.);
#103 = VERTEX_POINT('',#104);
#104 = CARTESIAN_POINT('',(690.,30.,1.51385E+03));
#105 = SURFACE_CURVE('',#106,(#110,#117),.PCURVE_S1.);
#106 = LINE('',#107,#108);
#107 = CARTESIAN_POINT('',(690.,-30.,1.51385E+03));
#108 = VECTOR('',#109,1.);
#109 = DIRECTION('',(-0.,1.,0.));
#110 = PCURVE('',#78,#111);
#111 = DEFINITIONAL_REPRESENTATION('',(#112),#116);
#112 = LINE('',#113,#114);
#113 = CARTESIAN_POINT('',(0.,0.));
#114 = VECTOR('',#115,1.);
#115 = DIRECTION('',(0.,-1.));
#116 = ( GEOMETRIC_REPRESENTATION_CONTEXT(2) 
PARAMETRIC_REPRESENTATION_CONTEXT() REPRESENTATION_CONTEXT('2D SPACE',''
  ) );
#117 = PCURVE('',#118,#123);
#118 = PLANE('',#119);
#119 = AXIS2_PLACEMENT_3D('',#120,#121,#122);
#120 = CARTESIAN_POINT('',(690.,-30.,1.51385E+03));
#121 = DIRECTION('',(0.,0.,1.));
#122 = DIRECTION('',(1.,0.,-0.));
#123 = DEFINITIONAL_REPRESENTATION('',(#124),#128);
#124 = LINE('',#125,#126);
#125 = CARTESIAN_POINT('',(0.,0.));
#126 = VECTOR('',#127,1.);
#127 = DIRECTION('',(0.,1.));
#128 = ( GEOMETRIC_REPRESENTATION_CONTEXT(2) 
PARAMETRIC_REPRESENTATION_CONTEXT() REPRESENTATION_CONTEXT('2D SPACE',''
  ) );
#129 = ORIENTED_EDGE('',*,*,#130,.T.);
#130 = EDGE_CURVE('',#103,#131,#133,.T.);
#131 = VERTEX_POINT('',#132);
#132 = CARTESIAN_POINT('',(690.,30.,1.51985E+03));
#133 = SURFACE_CURVE('',#134,(#138,#145),.PCURVE_S1.);
#134 = LINE('',#135,#136);
#135 = CARTESIAN_POINT('',(690.,30.,1.51385E+03));
#136 = VECTOR('',#137,1.);
#137 = DIRECTION('',(0.,0.,1.));
#138 = PCURVE('',#78,#139);
#139 = DEFINITIONAL_REPRESENTATION('',(#140),#144);
#140 = LINE('',#141,#142);
#141 = CARTESIAN_POINT('',(0.,-60.));
#142 = VECTOR('',#143,1.);
#143 = DIRECTION('',(1.,0.));
#144 = ( GEOMETRIC_REPRESENTATION_CONTEXT(2) 
PARAMETRIC_REPRESENTATION_CONTEXT() REPRESENTATION_CONTEXT('2D SPACE',''
  ) );
#145 = PCURVE('',#146,#151);
#146 = PLANE('',#147);
#147 = AXIS2_PLACEMENT_3D('',#148,#149,#150);
#148 = CARTESIAN_POINT('',(690.,30.,1.51385E+03));
#149 = DIRECTION('',(-0.,1.,0.));
#150 = DIRECTION('',(0.,0.,1.));
#151 = DEFINITIONAL_REPRESENTATION('',(#152),#156);
#152 = LINE('',#153,#154);
#153 = CARTESIAN_POINT('',(0.,0.));
#154 = VECTOR('',#155,1.);
#155 = DIRECTION('',(1.,0.));
#156 = ( GEOMETRIC_REPRESENTATION_CONTEXT(2) 
PARAMETRIC_REPRESENTATION_CONTEXT() REPRESENTATION_CONTEXT('2D SPACE',''
  ) );
#157 = ORIENTED_EDGE('',*,*,#158,.F.);
#158 = EDGE_CURVE('',#70,#131,#159,.T.);
#159 = SURFACE_CURVE('',#160,(#164,#171),.PCURVE_S1.);
#160 = LINE('',#161,#162);
#161 = CARTESIAN_POINT('',(690.,-30.,1.51985E+03));
#162 = VECTOR('',#163,1.);
#163 = DIRECTION('',(-0.,1.,0.));
#164 = PCURVE('',#78,#165);
#165 = DEFINITIONAL_REPRESENTATION('',(#166),#170);
#166 = LINE('',#167,#168);
#167 = CARTESIAN_POINT('',(6.,0.));
#168 = VECTOR('',#169,1.);
#169 = DIRECTION('',(0.,-1.));
#170 = ( GEOMETRIC_REPRESENTATION_CONTEXT(2) 
PARAMETRIC_REPRESENTATION_CONTEXT() REPRESENTATION_CONTEXT('2D SPACE',''
  ) );
#171 = PCURVE('',#172,#177);
#172 = PLANE('',#173);
#173 = AXIS2_PLACEMENT_3D('',#174,#175,#176);
#174 = CARTESIAN_POINT('',(690.,-30.,1.51985E+03));
#175 = DIRECTION('',(0.,0.,1.));
#176 = DIRECTION('',(1.,0.,-0.));
#177 = DEFINITIONAL_REPRESENTATION('',(#178),#182);
#178 = LINE('',#179,#180);
#179 = CARTESIAN_POINT('',(0.,0.));
#180 = VECTOR('',#181,1.);
#181 = DIRECTION('',(0.,1.));
#182 = ( GEOMETRIC_REPRESENTATION_CONTEXT(2) 
PARAMETRIC_REPRESENTATION_CONTEXT() REPRESENTATION_CONTEXT('2D SPACE',''
  ) );
#183 = ADVANCED_FACE('',(#184),#90,.F.);
#184 = FACE_BOUND('',#185,.F.);
#185 = EDGE_LOOP('',(#186,#209,#210,#233));
#186 = ORIENTED_EDGE('',*,*,#187,.F.);
#187 = EDGE_CURVE('',#68,#188,#190,.T.);
#188 = VERTEX_POINT('',#189);
#189 = CARTESIAN_POINT('',(770.,-30.,1.51385E+03));
#190 = SURFACE_CURVE('',#191,(#195,#202),.PCURVE_S1.);
#191 = LINE('',#192,#193);
#192 = CARTESIAN_POINT('',(690.,-30.,1.51385E+03));
#193 = VECTOR('',#194,1.);
#194 = DIRECTION('',(1.,0.,-0.));
#195 = PCURVE('',#90,#196);
#196 = DEFINITIONAL_REPRESENTATION('',(#197),#201);
#197 = LINE('',#198,#199);
#198 = CARTESIAN_POINT('',(0.,0.));
#199 = VECTOR('',#200,1.);
#200 = DIRECTION('',(0.,1.));
#201 = ( GEOMETRIC_REPRESENTATION_CONTEXT(2) 
PARAMETRIC_REPRESENTATION_CONTEXT() REPRESENTATION_CONTEXT('2D SPACE',''
  ) );
#202 = PCURVE('',#118,#203);
#203 = DEFINITIONAL_REPRESENTATION('',(#204),#208);
#204 = LINE('',#205,#206);
#205 = CARTESIAN_POINT('',(0.,0.));
#206 = VECTOR('',#207,1.);
#207 = DIRECTION('',(1.,0.));
#208 = ( GEOMETRIC_REPRESENTATION_CONTEXT(2) 
PARAMETRIC_REPRESENTATION_CONTEXT() REPRESENTATION_CONTEXT('2D SPACE',''
  ) );
#209 = ORIENTED_EDGE('',*,*,#67,.T.);
#210 = ORIENTED_EDGE('',*,*,#211,.T.);
#211 = EDGE_CURVE('',#70,#212,#214,.T.);
#212 = VERTEX_POINT('',#213);
#213 = CARTESIAN_POINT('',(770.,-30.,1.51985E+03));
#214 = SURFACE_CURVE('',#215,(#219,#226),.PCURVE_S1.);
#215 = LINE('',#216,#217);
#216 = CARTESIAN_POINT('',(690.,-30.,1.51985E+03));
#217 = VECTOR('',#218,1.);
#218 = DIRECTION('',(1.,0.,-0.));
#219 = PCURVE('',#90,#220);
#220 = DEFINITIONAL_REPRESENTATION('',(#221),#225);
#221 = LINE('',#222,#223);
#222 = CARTESIAN_POINT('',(6.,0.));
#223 = VECTOR('',#224,1.);
#224 = DIRECTION('',(0.,1.));
#225 = ( GEOMETRIC_REPRESENTATION_CONTEXT(2) 
PARAMETRIC_REPRESENTATION_CONTEXT() REPRESENTATION_CONTEXT('2D SPACE',''
  ) );
#226 = PCURVE('',#172,#227);
#227 = DEFINITIONAL_REPRESENTATION('',(#228),#232);
#228 = LINE('',#229,#230);
#229 = CARTESIAN_POINT('',(0.,0.));
#230 = VECTOR('',#231,1.);
#231 = DIRECTION('',(1.,0.));
#232 = ( GEOMETRIC_REPRESENTATION_CONTEXT(2) 
PARAMETRIC_REPRESENTATION_CONTEXT() REPRESENTATION_CONTEXT('2D SPACE',''
  ) );
#233 = ORIENTED_EDGE('',*,*,#234,.F.);
#234 = EDGE_CURVE('',#188,#212,#235,.T.);
#235 = SURFACE_CURVE('',#236,(#240,#247),.PCURVE_S1.);
#236 = LINE('',#237,#238);
#237 = CARTESIAN_POINT('',(770.,-30.,1.51385E+03));
#238 = VECTOR('',#239,1.);
#239 = DIRECTION('',(0.,0.,1.));
#240 = PCURVE('',#90,#241);
#241 = DEFINITIONAL_REPRESENTATION('',(#242),#246);
#242 = LINE('',#243,#244);
#243 = CARTESIAN_POINT('',(0.,80.));
#244 = VECTOR('',#245,1.);
#245 = DIRECTION('',(1.,0.));
#246 = ( GEOMETRIC_REPRESENTATION_CONTEXT(2) 
PARAMETRIC_REPRESENTATION_CONTEXT() REPRESENTATION_CONTEXT('2D SPACE',''
  ) );
#247 = PCURVE('',#248,#253);
#248 = PLANE('',#249);
#249 = AXIS2_PLACEMENT_3D('',#250,#251,#252);
#250 = CARTESIAN_POINT('',(770.,-30.,1.51385E+03));
#251 = DIRECTION('',(1.,0.,-0.));
#252 = DIRECTION('',(0.,0.,1.));
#253 = DEFINITIONAL_REPRESENTATION('',(#254),#258);
#254 = LINE('',#255,#256);
#255 = CARTESIAN_POINT('',(0.,0.));
#256 = VECTOR('',#257,1.);
#257 = DIRECTION('',(1.,0.));
#258 = ( GEOMETRIC_REPRESENTATION_CONTEXT(2) 
PARAMETRIC_REPRESENTATION_CONTEXT() REPRESENTATION_CONTEXT('2D SPACE',''
  ) );
#259 = ADVANCED_FACE('',(#260,#308,#339,#370,#401),#172,.T.);
#260 = FACE_BOUND('',#261,.T.);
#261 = EDGE_LOOP('',(#262,#263,#264,#287));
#262 = ORIENTED_EDGE('',*,*,#158,.F.);
#263 = ORIENTED_EDGE('',*,*,#211,.T.);
#264 = ORIENTED_EDGE('',*,*,#265,.T.);
#265 = EDGE_CURVE('',#212,#266,#268,.T.);
#266 = VERTEX_POINT('',#267);
#267 = CARTESIAN_POINT('',(770.,30.,1.51985E+03));
#268 = SURFACE_CURVE('',#269,(#273,#280),.PCURVE_S1.);
#269 = LINE('',#270,#271);
#270 = CARTESIAN_POINT('',(770.,-30.,1.51985E+03));
#271 = VECTOR('',#272,1.);
#272 = DIRECTION('',(-0.,1.,0.));
#273 = PCURVE('',#172,#274);
#274 = DEFINITIONAL_REPRESENTATION('',(#275),#279);
#275 = LINE('',#276,#277);
#276 = CARTESIAN_POINT('',(80.,0.));
#277 = VECTOR('',#278,1.);
#278 = DIRECTION('',(0.,1.));
#279 = ( GEOMETRIC_REPRESENTATION_CONTEXT(2) 
PARAMETRIC_REPRESENTATION_CONTEXT() REPRESENTATION_CONTEXT('2D SPACE',''
  ) );
#280 = PCURVE('',#248,#281);
#281 = DEFINITIONAL_REPRESENTATION('',(#282),#286);
#282 = LINE('',#283,#284);
#283 = CARTESIAN_POINT('',(6.,0.));
#284 = VECTOR('',#285,1.);
#285 = DIRECTION('',(0.,-1.));
#286 = ( GEOMETRIC_REPRESENTATION_CONTEXT(2) 
PARAMETRIC_REPRESENTATION_CONTEXT() REPRESENTATION_CONTEXT('2D SPACE',''
  ) );
#287 = ORIENTED_EDGE('',*,*,#288,.F.);
#288 = EDGE_CURVE('',#131,#266,#289,.T.);
#289 = SURFACE_CURVE('',#290,(#294,#301),.PCURVE_S1.);
#290 = LINE('',#291,#292);
#291 = CARTESIAN_POINT('',(690.,30.,1.51985E+03));
#292 = VECTOR('',#293,1.);
#293 = DIRECTION('',(1.,0.,-0.));
#294 = PCURVE('',#172,#295);
#295 = DEFINITIONAL_REPRESENTATION('',(#296),#300);
#296 = LINE('',#297,#298);
#297 = CARTESIAN_POINT('',(0.,60.));
#298 = VECTOR('',#299,1.);
#299 = DIRECTION('',(1.,0.));
#300 = ( GEOMETRIC_REPRESENTATION_CONTEXT(2) 
PARAMETRIC_REPRESENTATION_CONTEXT() REPRESENTATION_CONTEXT('2D SPACE',''
  ) );
#301 = PCURVE('',#146,#302);
#302 = DEFINITIONAL_REPRESENTATION('',(#303),#307);
#303 = LINE('',#304,#305);
#304 = CARTESIAN_POINT('',(6.,0.));
#305 = VECTOR('',#306,1.);
#306 = DIRECTION('',(0.,1.));
#307 = ( GEOMETRIC_REPRESENTATION_CONTEXT(2) 
PARAMETRIC_REPRESENTATION_CONTEXT() REPRESENTATION_CONTEXT('2D SPACE',''
  ) );
#308 = FACE_BOUND('',#309,.T.);
#309 = EDGE_LOOP('',(#310));
#310 = ORIENTED_EDGE('',*,*,#311,.F.);
#311 = EDGE_CURVE('',#312,#312,#314,.T.);
#312 = VERTEX_POINT('',#313);
#313 = CARTESIAN_POINT('',(699.85,-20.,1.51985E+03));
#314 = SURFACE_CURVE('',#315,(#320,#327),.PCURVE_S1.);
#315 = CIRCLE('',#316,3.);
#316 = AXIS2_PLACEMENT_3D('',#317,#318,#319);
#317 = CARTESIAN_POINT('',(696.85,-20.,1.51985E+03));
#318 = DIRECTION('',(0.,0.,1.));
#319 = DIRECTION('',(1.,0.,-0.));
#320 = PCURVE('',#172,#321);
#321 = DEFINITIONAL_REPRESENTATION('',(#322),#326);
#322 = CIRCLE('',#323,3.);
#323 = AXIS2_PLACEMENT_2D('',#324,#325);
#324 = CARTESIAN_POINT('',(6.85,10.));
#325 = DIRECTION('',(1.,0.));
#326 = ( GEOMETRIC_REPRESENTATION_CONTEXT(2) 
PARAMETRIC_REPRESENTATION_CONTEXT() REPRESENTATION_CONTEXT('2D SPACE',''
  ) );
#327 = PCURVE('',#328,#333);
#328 = CYLINDRICAL_SURFACE('',#329,3.);
#329 = AXIS2_PLACEMENT_3D('',#330,#331,#332);
#330 = CARTESIAN_POINT('',(696.85,-20.,1.50385E+03));
#331 = DIRECTION('',(0.,0.,1.));
#332 = DIRECTION('',(1.,0.,-0.));
#333 = DEFINITIONAL_REPRESENTATION('',(#334),#338);
#334 = LINE('',#335,#336);
#335 = CARTESIAN_POINT('',(0.,16.));
#336 = VECTOR('',#337,1.);
#337 = DIRECTION('',(1.,0.));
#338 = ( GEOMETRIC_REPRESENTATION_CONTEXT(2) 
PARAMETRIC_REPRESENTATION_CONTEXT() REPRESENTATION_CONTEXT('2D SPACE',''
  ) );
#339 = FACE_BOUND('',#340,.T.);
#340 = EDGE_LOOP('',(#341));
#341 = ORIENTED_EDGE('',*,*,#342,.F.);
#342 = EDGE_CURVE('',#343,#343,#345,.T.);
#343 = VERTEX_POINT('',#344);
#344 = CARTESIAN_POINT('',(766.15,-20.,1.51985E+03));
#345 = SURFACE_CURVE('',#346,(#351,#358),.PCURVE_S1.);
#346 = CIRCLE('',#347,3.);
#347 = AXIS2_PLACEMENT_3D('',#348,#349,#350);
#348 = CARTESIAN_POINT('',(763.15,-20.,1.51985E+03));
#349 = DIRECTION('',(0.,0.,1.));
#350 = DIRECTION('',(1.,0.,-0.));
#351 = PCURVE('',#172,#352);
#352 = DEFINITIONAL_REPRESENTATION('',(#353),#357);
#353 = CIRCLE('',#354,3.);
#354 = AXIS2_PLACEMENT_2D('',#355,#356);
#355 = CARTESIAN_POINT('',(73.15,10.));
#356 = DIRECTION('',(1.,0.));
#357 = ( GEOMETRIC_REPRESENTATION_CONTEXT(2) 
PARAMETRIC_REPRESENTATION_CONTEXT() REPRESENTATION_CONTEXT('2D SPACE',''
  ) );
#358 = PCURVE('',#359,#364);
#359 = CYLINDRICAL_SURFACE('',#360,3.);
#360 = AXIS2_PLACEMENT_3D('',#361,#362,#363);
#361 = CARTESIAN_POINT('',(763.15,-20.,1.50385E+03));
#362 = DIRECTION('',(0.,0.,1.));
#363 = DIRECTION('',(1.,0.,-0.));
#364 = DEFINITIONAL_REPRESENTATION('',(#365),#369);
#365 = LINE('',#366,#367);
#366 = CARTESIAN_POINT('',(0.,16.));
#367 = VECTOR('',#368,1.);
#368 = DIRECTION('',(1.,0.));
#369 = ( GEOMETRIC_REPRESENTATION_CONTEXT(2) 
PARAMETRIC_REPRESENTATION_CONTEXT() REPRESENTATION_CONTEXT('2D SPACE',''
  ) );
#370 = FACE_BOUND('',#371,.T.);
#371 = EDGE_LOOP('',(#372));
#372 = ORIENTED_EDGE('',*,*,#373,.F.);
#373 = EDGE_CURVE('',#374,#374,#376,.T.);
#374 = VERTEX_POINT('',#375);
#375 = CARTESIAN_POINT('',(699.85,20.,1.51985E+03));
#376 = SURFACE_CURVE('',#377,(#382,#389),.PCURVE_S1.);
#377 = CIRCLE('',#378,3.);
#378 = AXIS2_PLACEMENT_3D('',#379,#380,#381);
#379 = CARTESIAN_POINT('',(696.85,20.,1.51985E+03));
#380 = DIRECTION('',(0.,0.,1.));
#381 = DIRECTION('',(1.,0.,-0.));
#382 = PCURVE('',#172,#383);
#383 = DEFINITIONAL_REPRESENTATION('',(#384),#388);
#384 = CIRCLE('',#385,3.);
#385 = AXIS2_PLACEMENT_2D('',#386,#387);
#386 = CARTESIAN_POINT('',(6.85,50.));
#387 = DIRECTION('',(1.,0.));
#388 = ( GEOMETRIC_REPRESENTATION_CONTEXT(2) 
PARAMETRIC_REPRESENTATION_CONTEXT() REPRESENTATION_CONTEXT('2D SPACE',''
  ) );
#389 = PCURVE('',#390,#395);
#390 = CYLINDRICAL_SURFACE('',#391,3.);
#391 = AXIS2_PLACEMENT_3D('',#392,#393,#394);
#392 = CARTESIAN_POINT('',(696.85,20.,1.50385E+03));
#393 = DIRECTION('',(0.,0.,1.));
#394 = DIRECTION('',(1.,0.,-0.));
#395 = DEFINITIONAL_REPRESENTATION('',(#396),#400);
#396 = LINE('',#397,#398);
#397 = CARTESIAN_POINT('',(0.,16.));
#398 = VECTOR('',#399,1.);
#399 = DIRECTION('',(1.,0.));
#400 = ( GEOMETRIC_REPRESENTATION_CONTEXT(2) 
PARAMETRIC_REPRESENTATION_CONTEXT() REPRESENTATION_CONTEXT('2D SPACE',''
  ) );
#401 = FACE_BOUND('',#402,.T.);
#402 = EDGE_LOOP('',(#403));
#403 = ORIENTED_EDGE('',*,*,#404,.F.);
#404 = EDGE_CURVE('',#405,#405,#407,.T.);
#405 = VERTEX_POINT('',#406);
#406 = CARTESIAN_POINT('',(766.15,20.,1.51985E+03));
#407 = SURFACE_CURVE('',#408,(#413,#420),.PCURVE_S1.);
#408 = CIRCLE('',#409,3.);
#409 = AXIS2_PLACEMENT_3D('',#410,#411,#412);
#410 = CARTESIAN_POINT('',(763.15,20.,1.51985E+03));
#411 = DIRECTION('',(0.,0.,1.));
#412 = DIRECTION('',(1.,0.,-0.));
#413 = PCURVE('',#172,#414);
#414 = DEFINITIONAL_REPRESENTATION('',(#415),#419);
#415 = CIRCLE('',#416,3.);
#416 = AXIS2_PLACEMENT_2D('',#417,#418);
#417 = CARTESIAN_POINT('',(73.15,50.));
#418 = DIRECTION('',(1.,0.));
#419 = ( GEOMETRIC_REPRESENTATION_CONTEXT(2) 
PARAMETRIC_REPRESENTATION_CONTEXT() REPRESENTATION_CONTEXT('2D SPACE',''
  ) );
#420 = PCURVE('',#421,#426);
#421 = CYLINDRICAL_SURFACE('',#422,3.);
#422 = AXIS2_PLACEMENT_3D('',#423,#424,#425);
#423 = CARTESIAN_POINT('',(763.15,20.,1.50385E+03));
#424 = DIRECTION('',(0.,0.,1.));
#425 = DIRECTION('',(1.,0.,-0.));
#426 = DEFINITIONAL_REPRESENTATION('',(#427),#431);
#427 = LINE('',#428,#429);
#428 = CARTESIAN_POINT('',(0.,16.));
#429 = VECTOR('',#430,1.);
#430 = DIRECTION('',(1.,0.));
#431 = ( GEOMETRIC_REPRESENTATION_CONTEXT(2) 
PARAMETRIC_REPRESENTATION_CONTEXT() REPRESENTATION_CONTEXT('2D SPACE',''
  ) );
#432 = ADVANCED_FACE('',(#433),#146,.T.);
#433 = FACE_BOUND('',#434,.T.);
#434 = EDGE_LOOP('',(#435,#458,#459,#460));
#435 = ORIENTED_EDGE('',*,*,#436,.F.);
#436 = EDGE_CURVE('',#103,#437,#439,.T.);
#437 = VERTEX_POINT('',#438);
#438 = CARTESIAN_POINT('',(770.,30.,1.51385E+03));
#439 = SURFACE_CURVE('',#440,(#444,#451),.PCURVE_S1.);
#440 = LINE('',#441,#442);
#441 = CARTESIAN_POINT('',(690.,30.,1.51385E+03));
#442 = VECTOR('',#443,1.);
#443 = DIRECTION('',(1.,0.,-0.));
#444 = PCURVE('',#146,#445);
#445 = DEFINITIONAL_REPRESENTATION('',(#446),#450);
#446 = LINE('',#447,#448);
#447 = CARTESIAN_POINT('',(0.,0.));
#448 = VECTOR('',#449,1.);
#449 = DIRECTION('',(0.,1.));
#450 = ( GEOMETRIC_REPRESENTATION_CONTEXT(2) 
PARAMETRIC_REPRESENTATION_CONTEXT() REPRESENTATION_CONTEXT('2D SPACE',''
  ) );
#451 = PCURVE('',#118,#452);
#452 = DEFINITIONAL_REPRESENTATION('',(#453),#457);
#453 = LINE('',#454,#455);
#454 = CARTESIAN_POINT('',(0.,60.));
#455 = VECTOR('',#456,1.);
#456 = DIRECTION('',(1.,0.));
#457 = ( GEOMETRIC_REPRESENTATION_CONTEXT(2) 
PARAMETRIC_REPRESENTATION_CONTEXT() REPRESENTATION_CONTEXT('2D SPACE',''
  ) );
#458 = ORIENTED_EDGE('',*,*,#130,.T.);
#459 = ORIENTED_EDGE('',*,*,#288,.T.);
#460 = ORIENTED_EDGE('',*,*,#461,.F.);
#461 = EDGE_CURVE('',#437,#266,#462,.T.);
#462 = SURFACE_CURVE('',#463,(#467,#474),.PCURVE_S1.);
#463 = LINE('',#464,#465);
#464 = CARTESIAN_POINT('',(770.,30.,1.51385E+03));
#465 = VECTOR('',#466,1.);
#466 = DIRECTION('',(0.,0.,1.));
#467 = PCURVE('',#146,#468);
#468 = DEFINITIONAL_REPRESENTATION('',(#469),#473);
#469 = LINE('',#470,#471);
#470 = CARTESIAN_POINT('',(0.,80.));
#471 = VECTOR('',#472,1.);
#472 = DIRECTION('',(1.,0.));
#473 = ( GEOMETRIC_REPRESENTATION_CONTEXT(2) 
PARAMETRIC_REPRESENTATION_CONTEXT() REPRESENTATION_CONTEXT('2D SPACE',''
  ) );
#474 = PCURVE('',#248,#475);
#475 = DEFINITIONAL_REPRESENTATION('',(#476),#480);
#476 = LINE('',#477,#478);
#477 = CARTESIAN_POINT('',(0.,-60.));
#478 = VECTOR('',#479,1.);
#479 = DIRECTION('',(1.,0.));
#480 = ( GEOMETRIC_REPRESENTATION_CONTEXT(2) 
PARAMETRIC_REPRESENTATION_CONTEXT() REPRESENTATION_CONTEXT('2D SPACE',''
  ) );
#481 = ADVANCED_FACE('',(#482,#508,#534,#560,#586,#700),#118,.F.);
#482 = FACE_BOUND('',#483,.F.);
#483 = EDGE_LOOP('',(#484,#485,#486,#507));
#484 = ORIENTED_EDGE('',*,*,#102,.F.);
#485 = ORIENTED_EDGE('',*,*,#187,.T.);
#486 = ORIENTED_EDGE('',*,*,#487,.T.);
#487 = EDGE_CURVE('',#188,#437,#488,.T.);
#488 = SURFACE_CURVE('',#489,(#493,#500),.PCURVE_S1.);
#489 = LINE('',#490,#491);
#490 = CARTESIAN_POINT('',(770.,-30.,1.51385E+03));
#491 = VECTOR('',#492,1.);
#492 = DIRECTION('',(-0.,1.,0.));
#493 = PCURVE('',#118,#494);
#494 = DEFINITIONAL_REPRESENTATION('',(#495),#499);
#495 = LINE('',#496,#497);
#496 = CARTESIAN_POINT('',(80.,0.));
#497 = VECTOR('',#498,1.);
#498 = DIRECTION('',(0.,1.));
#499 = ( GEOMETRIC_REPRESENTATION_CONTEXT(2) 
PARAMETRIC_REPRESENTATION_CONTEXT() REPRESENTATION_CONTEXT('2D SPACE',''
  ) );
#500 = PCURVE('',#248,#501);
#501 = DEFINITIONAL_REPRESENTATION('',(#502),#506);
#502 = LINE('',#503,#504);
#503 = CARTESIAN_POINT('',(0.,0.));
#504 = VECTOR('',#505,1.);
#505 = DIRECTION('',(0.,-1.));
#506 = ( GEOMETRIC_REPRESENTATION_CONTEXT(2) 
PARAMETRIC_REPRESENTATION_CONTEXT() REPRESENTATION_CONTEXT('2D SPACE',''
  ) );
#507 = ORIENTED_EDGE('',*,*,#436,.F.);
#508 = FACE_BOUND('',#509,.F.);
#509 = EDGE_LOOP('',(#510));
#510 = ORIENTED_EDGE('',*,*,#511,.F.);
#511 = EDGE_CURVE('',#512,#512,#514,.T.);
#512 = VERTEX_POINT('',#513);
#513 = CARTESIAN_POINT('',(699.85,-20.,1.51385E+03));
#514 = SURFACE_CURVE('',#515,(#520,#527),.PCURVE_S1.);
#515 = CIRCLE('',#516,3.);
#516 = AXIS2_PLACEMENT_3D('',#517,#518,#519);
#517 = CARTESIAN_POINT('',(696.85,-20.,1.51385E+03));
#518 = DIRECTION('',(0.,0.,1.));
#519 = DIRECTION('',(1.,0.,-0.));
#520 = PCURVE('',#118,#521);
#521 = DEFINITIONAL_REPRESENTATION('',(#522),#526);
#522 = CIRCLE('',#523,3.);
#523 = AXIS2_PLACEMENT_2D('',#524,#525);
#524 = CARTESIAN_POINT('',(6.85,10.));
#525 = DIRECTION('',(1.,0.));
#526 = ( GEOMETRIC_REPRESENTATION_CONTEXT(2) 
PARAMETRIC_REPRESENTATION_CONTEXT() REPRESENTATION_CONTEXT('2D SPACE',''
  ) );
#527 = PCURVE('',#328,#528);
#528 = DEFINITIONAL_REPRESENTATION('',(#529),#533);
#529 = LINE('',#530,#531);
#530 = CARTESIAN_POINT('',(0.,10.));
#531 = VECTOR('',#532,1.);
#532 = DIRECTION('',(1.,0.));
#533 = ( GEOMETRIC_REPRESENTATION_CONTEXT(2) 
PARAMETRIC_REPRESENTATION_CONTEXT() REPRESENTATION_CONTEXT('2D SPACE',''
  ) );
#534 = FACE_BOUND('',#535,.F.);
#535 = EDGE_LOOP('',(#536));
#536 = ORIENTED_EDGE('',*,*,#537,.F.);
#537 = EDGE_CURVE('',#538,#538,#540,.T.);
#538 = VERTEX_POINT('',#539);
#539 = CARTESIAN_POINT('',(766.15,-20.,1.51385E+03));
#540 = SURFACE_CURVE('',#541,(#546,#553),.PCURVE_S1.);
#541 = CIRCLE('',#542,3.);
#542 = AXIS2_PLACEMENT_3D('',#543,#544,#545);
#543 = CARTESIAN_POINT('',(763.15,-20.,1.51385E+03));
#544 = DIRECTION('',(0.,0.,1.));
#545 = DIRECTION('',(1.,0.,-0.));
#546 = PCURVE('',#118,#547);
#547 = DEFINITIONAL_REPRESENTATION('',(#548),#552);
#548 = CIRCLE('',#549,3.);
#549 = AXIS2_PLACEMENT_2D('',#550,#551);
#550 = CARTESIAN_POINT('',(73.15,10.));
#551 = DIRECTION('',(1.,0.));
#552 = ( GEOMETRIC_REPRESENTATION_CONTEXT(2) 
PARAMETRIC_REPRESENTATION_CONTEXT() REPRESENTATION_CONTEXT('2D SPACE',''
  ) );
#553 = PCURVE('',#359,#554);
#554 = DEFINITIONAL_REPRESENTATION('',(#555),#559);
#555 = LINE('',#556,#557);
#556 = CARTESIAN_POINT('',(0.,10.));
#557 = VECTOR('',#558,1.);
#558 = DIRECTION('',(1.,0.));
#559 = ( GEOMETRIC_REPRESENTATION_CONTEXT(2) 
PARAMETRIC_REPRESENTATION_CONTEXT() REPRESENTATION_CONTEXT('2D SPACE',''
  ) );
#560 = FACE_BOUND('',#561,.F.);
#561 = EDGE_LOOP('',(#562));
#562 = ORIENTED_EDGE('',*,*,#563,.F.);
#563 = EDGE_CURVE('',#564,#564,#566,.T.);
#564 = VERTEX_POINT('',#565);
#565 = CARTESIAN_POINT('',(699.85,20.,1.51385E+03));
#566 = SURFACE_CURVE('',#567,(#572,#579),.PCURVE_S1.);
#567 = CIRCLE('',#568,3.);
#568 = AXIS2_PLACEMENT_3D('',#569,#570,#571);
#569 = CARTESIAN_POINT('',(696.85,20.,1.51385E+03));
#570 = DIRECTION('',(0.,0.,1.));
#571 = DIRECTION('',(1.,0.,-0.));
#572 = PCURVE('',#118,#573);
#573 = DEFINITIONAL_REPRESENTATION('',(#574),#578);
#574 = CIRCLE('',#575,3.);
#575 = AXIS2_PLACEMENT_2D('',#576,#577);
#576 = CARTESIAN_POINT('',(6.85,50.));
#577 = DIRECTION('',(1.,0.));
#578 = ( GEOMETRIC_REPRESENTATION_CONTEXT(2) 
PARAMETRIC_REPRESENTATION_CONTEXT() REPRESENTATION_CONTEXT('2D SPACE',''
  ) );
#579 = PCURVE('',#390,#580);
#580 = DEFINITIONAL_REPRESENTATION('',(#581),#585);
#581 = LINE('',#582,#583);
#582 = CARTESIAN_POINT('',(0.,10.));
#583 = VECTOR('',#584,1.);
#584 = DIRECTION('',(1.,0.));
#585 = ( GEOMETRIC_REPRESENTATION_CONTEXT(2) 
PARAMETRIC_REPRESENTATION_CONTEXT() REPRESENTATION_CONTEXT('2D SPACE',''
  ) );
#586 = FACE_BOUND('',#587,.F.);
#587 = EDGE_LOOP('',(#588,#618,#646,#674));
#588 = ORIENTED_EDGE('',*,*,#589,.T.);
#589 = EDGE_CURVE('',#590,#592,#594,.T.);
#590 = VERTEX_POINT('',#591);
#591 = CARTESIAN_POINT('',(705.,-25.,1.51385E+03));
#592 = VERTEX_POINT('',#593);
#593 = CARTESIAN_POINT('',(705.,25.,1.51385E+03));
#594 = SURFACE_CURVE('',#595,(#599,#606),.PCURVE_S1.);
#595 = LINE('',#596,#597);
#596 = CARTESIAN_POINT('',(705.,-25.,1.51385E+03));
#597 = VECTOR('',#598,1.);
#598 = DIRECTION('',(-0.,1.,0.));
#599 = PCURVE('',#118,#600);
#600 = DEFINITIONAL_REPRESENTATION('',(#601),#605);
#601 = LINE('',#602,#603);
#602 = CARTESIAN_POINT('',(15.,5.));
#603 = VECTOR('',#604,1.);
#604 = DIRECTION('',(0.,1.));
#605 = ( GEOMETRIC_REPRESENTATION_CONTEXT(2) 
PARAMETRIC_REPRESENTATION_CONTEXT() REPRESENTATION_CONTEXT('2D SPACE',''
  ) );
#606 = PCURVE('',#607,#612);
#607 = PLANE('',#608);
#608 = AXIS2_PLACEMENT_3D('',#609,#610,#611);
#609 = CARTESIAN_POINT('',(705.,-25.,510.));
#610 = DIRECTION('',(1.,0.,-0.));
#611 = DIRECTION('',(0.,0.,1.));
#612 = DEFINITIONAL_REPRESENTATION('',(#613),#617);
#613 = LINE('',#614,#615);
#614 = CARTESIAN_POINT('',(1.00385E+03,0.));
#615 = VECTOR('',#616,1.);
#616 = DIRECTION('',(0.,-1.));
#617 = ( GEOMETRIC_REPRESENTATION_CONTEXT(2) 
PARAMETRIC_REPRESENTATION_CONTEXT() REPRESENTATION_CONTEXT('2D SPACE',''
  ) );
#618 = ORIENTED_EDGE('',*,*,#619,.T.);
#619 = EDGE_CURVE('',#592,#620,#622,.T.);
#620 = VERTEX_POINT('',#621);
#621 = CARTESIAN_POINT('',(755.,25.,1.51385E+03));
#622 = SURFACE_CURVE('',#623,(#627,#634),.PCURVE_S1.);
#623 = LINE('',#624,#625);
#624 = CARTESIAN_POINT('',(705.,25.,1.51385E+03));
#625 = VECTOR('',#626,1.);
#626 = DIRECTION('',(1.,0.,-0.));
#627 = PCURVE('',#118,#628);
#628 = DEFINITIONAL_REPRESENTATION('',(#629),#633);
#629 = LINE('',#630,#631);
#630 = CARTESIAN_POINT('',(15.,55.));
#631 = VECTOR('',#632,1.);
#632 = DIRECTION('',(1.,0.));
#633 = ( GEOMETRIC_REPRESENTATION_CONTEXT(2) 
PARAMETRIC_REPRESENTATION_CONTEXT() REPRESENTATION_CONTEXT('2D SPACE',''
  ) );
#634 = PCURVE('',#635,#640);
#635 = PLANE('',#636);
#636 = AXIS2_PLACEMENT_3D('',#637,#638,#639);
#637 = CARTESIAN_POINT('',(705.,25.,510.));
#638 = DIRECTION('',(-0.,1.,0.));
#639 = DIRECTION('',(0.,0.,1.));
#640 = DEFINITIONAL_REPRESENTATION('',(#641),#645);
#641 = LINE('',#642,#643);
#642 = CARTESIAN_POINT('',(1.00385E+03,0.));
#643 = VECTOR('',#644,1.);
#644 = DIRECTION('',(0.,1.));
#645 = ( GEOMETRIC_REPRESENTATION_CONTEXT(2) 
PARAMETRIC_REPRESENTATION_CONTEXT() REPRESENTATION_CONTEXT('2D SPACE',''
  ) );
#646 = ORIENTED_EDGE('',*,*,#647,.F.);
#647 = EDGE_CURVE('',#648,#620,#650,.T.);
#648 = VERTEX_POINT('',#649);
#649 = CARTESIAN_POINT('',(755.,-25.,1.51385E+03));
#650 = SURFACE_CURVE('',#651,(#655,#662),.PCURVE_S1.);
#651 = LINE('',#652,#653);
#652 = CARTESIAN_POINT('',(755.,-25.,1.51385E+03));
#653 = VECTOR('',#654,1.);
#654 = DIRECTION('',(-0.,1.,0.));
#655 = PCURVE('',#118,#656);
#656 = DEFINITIONAL_REPRESENTATION('',(#657),#661);
#657 = LINE('',#658,#659);
#658 = CARTESIAN_POINT('',(65.,5.));
#659 = VECTOR('',#660,1.);
#660 = DIRECTION('',(0.,1.));
#661 = ( GEOMETRIC_REPRESENTATION_CONTEXT(2) 
PARAMETRIC_REPRESENTATION_CONTEXT() REPRESENTATION_CONTEXT('2D SPACE',''
  ) );
#662 = PCURVE('',#663,#668);
#663 = PLANE('',#664);
#664 = AXIS2_PLACEMENT_3D('',#665,#666,#667);
#665 = CARTESIAN_POINT('',(755.,-25.,510.));
#666 = DIRECTION('',(1.,0.,-0.));
#667 = DIRECTION('',(0.,0.,1.));
#668 = DEFINITIONAL_REPRESENTATION('',(#669),#673);
#669 = LINE('',#670,#671);
#670 = CARTESIAN_POINT('',(1.00385E+03,0.));
#671 = VECTOR('',#672,1.);
#672 = DIRECTION('',(0.,-1.));
#673 = ( GEOMETRIC_REPRESENTATION_CONTEXT(2) 
PARAMETRIC_REPRESENTATION_CONTEXT() REPRESENTATION_CONTEXT('2D SPACE',''
  ) );
#674 = ORIENTED_EDGE('',*,*,#675,.F.);
#675 = EDGE_CURVE('',#590,#648,#676,.T.);
#676 = SURFACE_CURVE('',#677,(#681,#688),.PCURVE_S1.);
#677 = LINE('',#678,#679);
#678 = CARTESIAN_POINT('',(705.,-25.,1.51385E+03));
#679 = VECTOR('',#680,1.);
#680 = DIRECTION('',(1.,0.,-0.));
#681 = PCURVE('',#118,#682);
#682 = DEFINITIONAL_REPRESENTATION('',(#683),#687);
#683 = LINE('',#684,#685);
#684 = CARTESIAN_POINT('',(15.,5.));
#685 = VECTOR('',#686,1.);
#686 = DIRECTION('',(1.,0.));
#687 = ( GEOMETRIC_REPRESENTATION_CONTEXT(2) 
PARAMETRIC_REPRESENTATION_CONTEXT() REPRESENTATION_CONTEXT('2D SPACE',''
  ) );
#688 = PCURVE('',#689,#694);
#689 = PLANE('',#690);
#690 = AXIS2_PLACEMENT_3D('',#691,#692,#693);
#691 = CARTESIAN_POINT('',(705.,-25.,510.));
#692 = DIRECTION('',(-0.,1.,0.));
#693 = DIRECTION('',(0.,0.,1.));
#694 = DEFINITIONAL_REPRESENTATION('',(#695),#699);
#695 = LINE('',#696,#697);
#696 = CARTESIAN_POINT('',(1.00385E+03,0.));
#697 = VECTOR('',#698,1.);
#698 = DIRECTION('',(0.,1.));
#699 = ( GEOMETRIC_REPRESENTATION_CONTEXT(2) 
PARAMETRIC_REPRESENTATION_CONTEXT() REPRESENTATION_CONTEXT('2D SPACE',''
  ) );
#700 = FACE_BOUND('',#701,.F.);
#701 = EDGE_LOOP('',(#702));
#702 = ORIENTED_EDGE('',*,*,#703,.F.);
#703 = EDGE_CURVE('',#704,#704,#706,.T.);
#704 = VERTEX_POINT('',#705);
#705 = CARTESIAN_POINT('',(766.15,20.,1.51385E+03));
#706 = SURFACE_CURVE('',#707,(#712,#719),.PCURVE_S1.);
#707 = CIRCLE('',#708,3.);
#708 = AXIS2_PLACEMENT_3D('',#709,#710,#711);
#709 = CARTESIAN_POINT('',(763.15,20.,1.51385E+03));
#710 = DIRECTION('',(0.,0.,1.));
#711 = DIRECTION('',(1.,0.,-0.));
#712 = PCURVE('',#118,#713);
#713 = DEFINITIONAL_REPRESENTATION('',(#714),#718);
#714 = CIRCLE('',#715,3.);
#715 = AXIS2_PLACEMENT_2D('',#716,#717);
#716 = CARTESIAN_POINT('',(73.15,50.));
#717 = DIRECTION('',(1.,0.));
#718 = ( GEOMETRIC_REPRESENTATION_CONTEXT(2) 
PARAMETRIC_REPRESENTATION_CONTEXT() REPRESENTATION_CONTEXT('2D SPACE',''
  ) );
#719 = PCURVE('',#421,#720);
#720 = DEFINITIONAL_REPRESENTATION('',(#721),#725);
#721 = LINE('',#722,#723);
#722 = CARTESIAN_POINT('',(0.,10.));
#723 = VECTOR('',#724,1.);
#724 = DIRECTION('',(1.,0.));
#725 = ( GEOMETRIC_REPRESENTATION_CONTEXT(2) 
PARAMETRIC_REPRESENTATION_CONTEXT() REPRESENTATION_CONTEXT('2D SPACE',''
  ) );
#726 = ADVANCED_FACE('',(#727),#248,.T.);
#727 = FACE_BOUND('',#728,.T.);
#728 = EDGE_LOOP('',(#729,#730,#731,#732));
#729 = ORIENTED_EDGE('',*,*,#234,.F.);
#730 = ORIENTED_EDGE('',*,*,#487,.T.);
#731 = ORIENTED_EDGE('',*,*,#461,.T.);
#732 = ORIENTED_EDGE('',*,*,#265,.F.);
#733 = ADVANCED_FACE('',(#734),#328,.F.);
#734 = FACE_BOUND('',#735,.F.);
#735 = EDGE_LOOP('',(#736,#737,#758,#759));
#736 = ORIENTED_EDGE('',*,*,#311,.F.);
#737 = ORIENTED_EDGE('',*,*,#738,.F.);
#738 = EDGE_CURVE('',#512,#312,#739,.T.);
#739 = SEAM_CURVE('',#740,(#744,#751),.PCURVE_S1.);
#740 = LINE('',#741,#742);
#741 = CARTESIAN_POINT('',(699.85,-20.,1.50385E+03));
#742 = VECTOR('',#743,1.);
#743 = DIRECTION('',(0.,0.,1.));
#744 = PCURVE('',#328,#745);
#745 = DEFINITIONAL_REPRESENTATION('',(#746),#750);
#746 = LINE('',#747,#748);
#747 = CARTESIAN_POINT('',(6.28318530718,-0.));
#748 = VECTOR('',#749,1.);
#749 = DIRECTION('',(0.,1.));
#750 = ( GEOMETRIC_REPRESENTATION_CONTEXT(2) 
PARAMETRIC_REPRESENTATION_CONTEXT() REPRESENTATION_CONTEXT('2D SPACE',''
  ) );
#751 = PCURVE('',#328,#752);
#752 = DEFINITIONAL_REPRESENTATION('',(#753),#757);
#753 = LINE('',#754,#755);
#754 = CARTESIAN_POINT('',(0.,-0.));
#755 = VECTOR('',#756,1.);
#756 = DIRECTION('',(0.,1.));
#757 = ( GEOMETRIC_REPRESENTATION_CONTEXT(2) 
PARAMETRIC_REPRESENTATION_CONTEXT() REPRESENTATION_CONTEXT('2D SPACE',''
  ) );
#758 = ORIENTED_EDGE('',*,*,#511,.T.);
#759 = ORIENTED_EDGE('',*,*,#738,.T.);
#760 = ADVANCED_FACE('',(#761),#359,.F.);
#761 = FACE_BOUND('',#762,.F.);
#762 = EDGE_LOOP('',(#763,#764,#785,#786));
#763 = ORIENTED_EDGE('',*,*,#342,.F.);
#764 = ORIENTED_EDGE('',*,*,#765,.F.);
#765 = EDGE_CURVE('',#538,#343,#766,.T.);
#766 = SEAM_CURVE('',#767,(#771,#778),.PCURVE_S1.);
#767 = LINE('',#768,#769);
#768 = CARTESIAN_POINT('',(766.15,-20.,1.50385E+03));
#769 = VECTOR('',#770,1.);
#770 = DIRECTION('',(0.,0.,1.));
#771 = PCURVE('',#359,#772);
#772 = DEFINITIONAL_REPRESENTATION('',(#773),#777);
#773 = LINE('',#774,#775);
#774 = CARTESIAN_POINT('',(6.28318530718,-0.));
#775 = VECTOR('',#776,1.);
#776 = DIRECTION('',(0.,1.));
#777 = ( GEOMETRIC_REPRESENTATION_CONTEXT(2) 
PARAMETRIC_REPRESENTATION_CONTEXT() REPRESENTATION_CONTEXT('2D SPACE',''
  ) );
#778 = PCURVE('',#359,#779);
#779 = DEFINITIONAL_REPRESENTATION('',(#780),#784);
#780 = LINE('',#781,#782);
#781 = CARTESIAN_POINT('',(0.,-0.));
#782 = VECTOR('',#783,1.);
#783 = DIRECTION('',(0.,1.));
#784 = ( GEOMETRIC_REPRESENTATION_CONTEXT(2) 
PARAMETRIC_REPRESENTATION_CONTEXT() REPRESENTATION_CONTEXT('2D SPACE',''
  ) );
#785 = ORIENTED_EDGE('',*,*,#537,.T.);
#786 = ORIENTED_EDGE('',*,*,#765,.T.);
#787 = ADVANCED_FACE('',(#788),#390,.F.);
#788 = FACE_BOUND('',#789,.F.);
#789 = EDGE_LOOP('',(#790,#791,#812,#813));
#790 = ORIENTED_EDGE('',*,*,#373,.F.);
#791 = ORIENTED_EDGE('',*,*,#792,.F.);
#792 = EDGE_CURVE('',#564,#374,#793,.T.);
#793 = SEAM_CURVE('',#794,(#798,#805),.PCURVE_S1.);
#794 = LINE('',#795,#796);
#795 = CARTESIAN_POINT('',(699.85,20.,1.50385E+03));
#796 = VECTOR('',#797,1.);
#797 = DIRECTION('',(0.,0.,1.));
#798 = PCURVE('',#390,#799);
#799 = DEFINITIONAL_REPRESENTATION('',(#800),#804);
#800 = LINE('',#801,#802);
#801 = CARTESIAN_POINT('',(6.28318530718,-0.));
#802 = VECTOR('',#803,1.);
#803 = DIRECTION('',(0.,1.));
#804 = ( GEOMETRIC_REPRESENTATION_CONTEXT(2) 
PARAMETRIC_REPRESENTATION_CONTEXT() REPRESENTATION_CONTEXT('2D SPACE',''
  ) );
#805 = PCURVE('',#390,#806);
#806 = DEFINITIONAL_REPRESENTATION('',(#807),#811);
#807 = LINE('',#808,#809);
#808 = CARTESIAN_POINT('',(0.,-0.));
#809 = VECTOR('',#810,1.);
#810 = DIRECTION('',(0.,1.));
#811 = ( GEOMETRIC_REPRESENTATION_CONTEXT(2) 
PARAMETRIC_REPRESENTATION_CONTEXT() REPRESENTATION_CONTEXT('2D SPACE',''
  ) );
#812 = ORIENTED_EDGE('',*,*,#563,.T.);
#813 = ORIENTED_EDGE('',*,*,#792,.T.);
#814 = ADVANCED_FACE('',(#815),#421,.F.);
#815 = FACE_BOUND('',#816,.F.);
#816 = EDGE_LOOP('',(#817,#818,#839,#840));
#817 = ORIENTED_EDGE('',*,*,#404,.F.);
#818 = ORIENTED_EDGE('',*,*,#819,.F.);
#819 = EDGE_CURVE('',#704,#405,#820,.T.);
#820 = SEAM_CURVE('',#821,(#825,#832),.PCURVE_S1.);
#821 = LINE('',#822,#823);
#822 = CARTESIAN_POINT('',(766.15,20.,1.50385E+03));
#823 = VECTOR('',#824,1.);
#824 = DIRECTION('',(0.,0.,1.));
#825 = PCURVE('',#421,#826);
#826 = DEFINITIONAL_REPRESENTATION('',(#827),#831);
#827 = LINE('',#828,#829);
#828 = CARTESIAN_POINT('',(6.28318530718,-0.));
#829 = VECTOR('',#830,1.);
#830 = DIRECTION('',(0.,1.));
#831 = ( GEOMETRIC_REPRESENTATION_CONTEXT(2) 
PARAMETRIC_REPRESENTATION_CONTEXT() REPRESENTATION_CONTEXT('2D SPACE',''
  ) );
#832 = PCURVE('',#421,#833);
#833 = DEFINITIONAL_REPRESENTATION('',(#834),#838);
#834 = LINE('',#835,#836);
#835 = CARTESIAN_POINT('',(0.,-0.));
#836 = VECTOR('',#837,1.);
#837 = DIRECTION('',(0.,1.));
#838 = ( GEOMETRIC_REPRESENTATION_CONTEXT(2) 
PARAMETRIC_REPRESENTATION_CONTEXT() REPRESENTATION_CONTEXT('2D SPACE',''
  ) );
#839 = ORIENTED_EDGE('',*,*,#703,.T.);
#840 = ORIENTED_EDGE('',*,*,#819,.T.);
#841 = ADVANCED_FACE('',(#842),#607,.F.);
#842 = FACE_BOUND('',#843,.F.);
#843 = EDGE_LOOP('',(#844,#867,#895,#916));
#844 = ORIENTED_EDGE('',*,*,#845,.F.);
#845 = EDGE_CURVE('',#846,#590,#848,.T.);
#846 = VERTEX_POINT('',#847);
#847 = CARTESIAN_POINT('',(705.,-25.,510.));
#848 = SURFACE_CURVE('',#849,(#853,#860),.PCURVE_S1.);
#849 = LINE('',#850,#851);
#850 = CARTESIAN_POINT('',(705.,-25.,510.));
#851 = VECTOR('',#852,1.);
#852 = DIRECTION('',(0.,0.,1.));
#853 = PCURVE('',#607,#854);
#854 = DEFINITIONAL_REPRESENTATION('',(#855),#859);
#855 = LINE('',#856,#857);
#856 = CARTESIAN_POINT('',(0.,0.));
#857 = VECTOR('',#858,1.);
#858 = DIRECTION('',(1.,0.));
#859 = ( GEOMETRIC_REPRESENTATION_CONTEXT(2) 
PARAMETRIC_REPRESENTATION_CONTEXT() REPRESENTATION_CONTEXT('2D SPACE',''
  ) );
#860 = PCURVE('',#689,#861);
#861 = DEFINITIONAL_REPRESENTATION('',(#862),#866);
#862 = LINE('',#863,#864);
#863 = CARTESIAN_POINT('',(0.,0.));
#864 = VECTOR('',#865,1.);
#865 = DIRECTION('',(1.,0.));
#866 = ( GEOMETRIC_REPRESENTATION_CONTEXT(2) 
PARAMETRIC_REPRESENTATION_CONTEXT() REPRESENTATION_CONTEXT('2D SPACE',''
  ) );
#867 = ORIENTED_EDGE('',*,*,#868,.T.);
#868 = EDGE_CURVE('',#846,#869,#871,.T.);
#869 = VERTEX_POINT('',#870);
#870 = CARTESIAN_POINT('',(705.,25.,510.));
#871 = SURFACE_CURVE('',#872,(#876,#883),.PCURVE_S1.);
#872 = LINE('',#873,#874);
#873 = CARTESIAN_POINT('',(705.,-25.,510.));
#874 = VECTOR('',#875,1.);
#875 = DIRECTION('',(-0.,1.,0.));
#876 = PCURVE('',#607,#877);
#877 = DEFINITIONAL_REPRESENTATION('',(#878),#882);
#878 = LINE('',#879,#880);
#879 = CARTESIAN_POINT('',(0.,0.));
#880 = VECTOR('',#881,1.);
#881 = DIRECTION('',(0.,-1.));
#882 = ( GEOMETRIC_REPRESENTATION_CONTEXT(2) 
PARAMETRIC_REPRESENTATION_CONTEXT() REPRESENTATION_CONTEXT('2D SPACE',''
  ) );
#883 = PCURVE('',#884,#889);
#884 = PLANE('',#885);
#885 = AXIS2_PLACEMENT_3D('',#886,#887,#888);
#886 = CARTESIAN_POINT('',(655.,-75.,510.));
#887 = DIRECTION('',(0.,0.,1.));
#888 = DIRECTION('',(1.,0.,-0.));
#889 = DEFINITIONAL_REPRESENTATION('',(#890),#894);
#890 = LINE('',#891,#892);
#891 = CARTESIAN_POINT('',(50.,50.));
#892 = VECTOR('',#893,1.);
#893 = DIRECTION('',(0.,1.));
#894 = ( GEOMETRIC_REPRESENTATION_CONTEXT(2) 
PARAMETRIC_REPRESENTATION_CONTEXT() REPRESENTATION_CONTEXT('2D SPACE',''
  ) );
#895 = ORIENTED_EDGE('',*,*,#896,.T.);
#896 = EDGE_CURVE('',#869,#592,#897,.T.);
#897 = SURFACE_CURVE('',#898,(#902,#909),.PCURVE_S1.);
#898 = LINE('',#899,#900);
#899 = CARTESIAN_POINT('',(705.,25.,510.));
#900 = VECTOR('',#901,1.);
#901 = DIRECTION('',(0.,0.,1.));
#902 = PCURVE('',#607,#903);
#903 = DEFINITIONAL_REPRESENTATION('',(#904),#908);
#904 = LINE('',#905,#906);
#905 = CARTESIAN_POINT('',(0.,-50.));
#906 = VECTOR('',#907,1.);
#907 = DIRECTION('',(1.,0.));
#908 = ( GEOMETRIC_REPRESENTATION_CONTEXT(2) 
PARAMETRIC_REPRESENTATION_CONTEXT() REPRESENTATION_CONTEXT('2D SPACE',''
  ) );
#909 = PCURVE('',#635,#910);
#910 = DEFINITIONAL_REPRESENTATION('',(#911),#915);
#911 = LINE('',#912,#913);
#912 = CARTESIAN_POINT('',(0.,0.));
#913 = VECTOR('',#914,1.);
#914 = DIRECTION('',(1.,0.));
#915 = ( GEOMETRIC_REPRESENTATION_CONTEXT(2) 
PARAMETRIC_REPRESENTATION_CONTEXT() REPRESENTATION_CONTEXT('2D SPACE',''
  ) );
#916 = ORIENTED_EDGE('',*,*,#589,.F.);
#917 = ADVANCED_FACE('',(#918),#635,.T.);
#918 = FACE_BOUND('',#919,.T.);
#919 = EDGE_LOOP('',(#920,#943,#944,#945));
#920 = ORIENTED_EDGE('',*,*,#921,.F.);
#921 = EDGE_CURVE('',#869,#922,#924,.T.);
#922 = VERTEX_POINT('',#923);
#923 = CARTESIAN_POINT('',(755.,25.,510.));
#924 = SURFACE_CURVE('',#925,(#929,#936),.PCURVE_S1.);
#925 = LINE('',#926,#927);
#926 = CARTESIAN_POINT('',(705.,25.,510.));
#927 = VECTOR('',#928,1.);
#928 = DIRECTION('',(1.,0.,-0.));
#929 = PCURVE('',#635,#930);
#930 = DEFINITIONAL_REPRESENTATION('',(#931),#935);
#931 = LINE('',#932,#933);
#932 = CARTESIAN_POINT('',(0.,0.));
#933 = VECTOR('',#934,1.);
#934 = DIRECTION('',(0.,1.));
#935 = ( GEOMETRIC_REPRESENTATION_CONTEXT(2) 
PARAMETRIC_REPRESENTATION_CONTEXT() REPRESENTATION_CONTEXT('2D SPACE',''
  ) );
#936 = PCURVE('',#884,#937);
#937 = DEFINITIONAL_REPRESENTATION('',(#938),#942);
#938 = LINE('',#939,#940);
#939 = CARTESIAN_POINT('',(50.,100.));
#940 = VECTOR('',#941,1.);
#941 = DIRECTION('',(1.,0.));
#942 = ( GEOMETRIC_REPRESENTATION_CONTEXT(2) 
PARAMETRIC_REPRESENTATION_CONTEXT() REPRESENTATION_CONTEXT('2D SPACE',''
  ) );
#943 = ORIENTED_EDGE('',*,*,#896,.T.);
#944 = ORIENTED_EDGE('',*,*,#619,.T.);
#945 = ORIENTED_EDGE('',*,*,#946,.F.);
#946 = EDGE_CURVE('',#922,#620,#947,.T.);
#947 = SURFACE_CURVE('',#948,(#952,#959),.PCURVE_S1.);
#948 = LINE('',#949,#950);
#949 = CARTESIAN_POINT('',(755.,25.,510.));
#950 = VECTOR('',#951,1.);
#951 = DIRECTION('',(0.,0.,1.));
#952 = PCURVE('',#635,#953);
#953 = DEFINITIONAL_REPRESENTATION('',(#954),#958);
#954 = LINE('',#955,#956);
#955 = CARTESIAN_POINT('',(0.,50.));
#956 = VECTOR('',#957,1.);
#957 = DIRECTION('',(1.,0.));
#958 = ( GEOMETRIC_REPRESENTATION_CONTEXT(2) 
PARAMETRIC_REPRESENTATION_CONTEXT() REPRESENTATION_CONTEXT('2D SPACE',''
  ) );
#959 = PCURVE('',#663,#960);
#960 = DEFINITIONAL_REPRESENTATION('',(#961),#965);
#961 = LINE('',#962,#963);
#962 = CARTESIAN_POINT('',(0.,-50.));
#963 = VECTOR('',#964,1.);
#964 = DIRECTION('',(1.,0.));
#965 = ( GEOMETRIC_REPRESENTATION_CONTEXT(2) 
PARAMETRIC_REPRESENTATION_CONTEXT() REPRESENTATION_CONTEXT('2D SPACE',''
  ) );
#966 = ADVANCED_FACE('',(#967),#689,.F.);
#967 = FACE_BOUND('',#968,.F.);
#968 = EDGE_LOOP('',(#969,#992,#993,#994));
#969 = ORIENTED_EDGE('',*,*,#970,.F.);
#970 = EDGE_CURVE('',#846,#971,#973,.T.);
#971 = VERTEX_POINT('',#972);
#972 = CARTESIAN_POINT('',(755.,-25.,510.));
#973 = SURFACE_CURVE('',#974,(#978,#985),.PCURVE_S1.);
#974 = LINE('',#975,#976);
#975 = CARTESIAN_POINT('',(705.,-25.,510.));
#976 = VECTOR('',#977,1.);
#977 = DIRECTION('',(1.,0.,-0.));
#978 = PCURVE('',#689,#979);
#979 = DEFINITIONAL_REPRESENTATION('',(#980),#984);
#980 = LINE('',#981,#982);
#981 = CARTESIAN_POINT('',(0.,0.));
#982 = VECTOR('',#983,1.);
#983 = DIRECTION('',(0.,1.));
#984 = ( GEOMETRIC_REPRESENTATION_CONTEXT(2) 
PARAMETRIC_REPRESENTATION_CONTEXT() REPRESENTATION_CONTEXT('2D SPACE',''
  ) );
#985 = PCURVE('',#884,#986);
#986 = DEFINITIONAL_REPRESENTATION('',(#987),#991);
#987 = LINE('',#988,#989);
#988 = CARTESIAN_POINT('',(50.,50.));
#989 = VECTOR('',#990,1.);
#990 = DIRECTION('',(1.,0.));
#991 = ( GEOMETRIC_REPRESENTATION_CONTEXT(2) 
PARAMETRIC_REPRESENTATION_CONTEXT() REPRESENTATION_CONTEXT('2D SPACE',''
  ) );
#992 = ORIENTED_EDGE('',*,*,#845,.T.);
#993 = ORIENTED_EDGE('',*,*,#675,.T.);
#994 = ORIENTED_EDGE('',*,*,#995,.F.);
#995 = EDGE_CURVE('',#971,#648,#996,.T.);
#996 = SURFACE_CURVE('',#997,(#1001,#1008),.PCURVE_S1.);
#997 = LINE('',#998,#999);
#998 = CARTESIAN_POINT('',(755.,-25.,510.));
#999 = VECTOR('',#1000,1.);
#1000 = DIRECTION('',(0.,0.,1.));
#1001 = PCURVE('',#689,#1002);
#1002 = DEFINITIONAL_REPRESENTATION('',(#1003),#1007);
#1003 = LINE('',#1004,#1005);
#1004 = CARTESIAN_POINT('',(0.,50.));
#1005 = VECTOR('',#1006,1.);
#1006 = DIRECTION('',(1.,0.));
#1007 = ( GEOMETRIC_REPRESENTATION_CONTEXT(2) 
PARAMETRIC_REPRESENTATION_CONTEXT() REPRESENTATION_CONTEXT('2D SPACE',''
  ) );
#1008 = PCURVE('',#663,#1009);
#1009 = DEFINITIONAL_REPRESENTATION('',(#1010),#1014);
#1010 = LINE('',#1011,#1012);
#1011 = CARTESIAN_POINT('',(0.,0.));
#1012 = VECTOR('',#1013,1.);
#1013 = DIRECTION('',(1.,0.));
#1014 = ( GEOMETRIC_REPRESENTATION_CONTEXT(2) 
PARAMETRIC_REPRESENTATION_CONTEXT() REPRESENTATION_CONTEXT('2D SPACE',''
  ) );
#1015 = ADVANCED_FACE('',(#1016),#663,.T.);
#1016 = FACE_BOUND('',#1017,.T.);
#1017 = EDGE_LOOP('',(#1018,#1019,#1040,#1041));
#1018 = ORIENTED_EDGE('',*,*,#995,.F.);
#1019 = ORIENTED_EDGE('',*,*,#1020,.T.);
#1020 = EDGE_CURVE('',#971,#922,#1021,.T.);
#1021 = SURFACE_CURVE('',#1022,(#1026,#1033),.PCURVE_S1.);
#1022 = LINE('',#1023,#1024);
#1023 = CARTESIAN_POINT('',(755.,-25.,510.));
#1024 = VECTOR('',#1025,1.);
#1025 = DIRECTION('',(-0.,1.,0.));
#1026 = PCURVE('',#663,#1027);
#1027 = DEFINITIONAL_REPRESENTATION('',(#1028),#1032);
#1028 = LINE('',#1029,#1030);
#1029 = CARTESIAN_POINT('',(0.,0.));
#1030 = VECTOR('',#1031,1.);
#1031 = DIRECTION('',(0.,-1.));
#1032 = ( GEOMETRIC_REPRESENTATION_CONTEXT(2) 
PARAMETRIC_REPRESENTATION_CONTEXT() REPRESENTATION_CONTEXT('2D SPACE',''
  ) );
#1033 = PCURVE('',#884,#1034);
#1034 = DEFINITIONAL_REPRESENTATION('',(#1035),#1039);
#1035 = LINE('',#1036,#1037);
#1036 = CARTESIAN_POINT('',(100.,50.));
#1037 = VECTOR('',#1038,1.);
#1038 = DIRECTION('',(0.,1.));
#1039 = ( GEOMETRIC_REPRESENTATION_CONTEXT(2) 
PARAMETRIC_REPRESENTATION_CONTEXT() REPRESENTATION_CONTEXT('2D SPACE',''
  ) );
#1040 = ORIENTED_EDGE('',*,*,#946,.T.);
#1041 = ORIENTED_EDGE('',*,*,#647,.F.);
#1042 = ADVANCED_FACE('',(#1043,#1157,#1163,#1194,#1225,#1256),#884,.T.
  );
#1043 = FACE_BOUND('',#1044,.T.);
#1044 = EDGE_LOOP('',(#1045,#1075,#1103,#1131));
#1045 = ORIENTED_EDGE('',*,*,#1046,.F.);
#1046 = EDGE_CURVE('',#1047,#1049,#1051,.T.);
#1047 = VERTEX_POINT('',#1048);
#1048 = CARTESIAN_POINT('',(655.,-75.,510.));
#1049 = VERTEX_POINT('',#1050);
#1050 = CARTESIAN_POINT('',(655.,75.,510.));
#1051 = SURFACE_CURVE('',#1052,(#1056,#1063),.PCURVE_S1.);
#1052 = LINE('',#1053,#1054);
#1053 = CARTESIAN_POINT('',(655.,-75.,510.));
#1054 = VECTOR('',#1055,1.);
#1055 = DIRECTION('',(-0.,1.,0.));
#1056 = PCURVE('',#884,#1057);
#1057 = DEFINITIONAL_REPRESENTATION('',(#1058),#1062);
#1058 = LINE('',#1059,#1060);
#1059 = CARTESIAN_POINT('',(0.,0.));
#1060 = VECTOR('',#1061,1.);
#1061 = DIRECTION('',(0.,1.));
#1062 = ( GEOMETRIC_REPRESENTATION_CONTEXT(2) 
PARAMETRIC_REPRESENTATION_CONTEXT() REPRESENTATION_CONTEXT('2D SPACE',''
  ) );
#1063 = PCURVE('',#1064,#1069);
#1064 = PLANE('',#1065);
#1065 = AXIS2_PLACEMENT_3D('',#1066,#1067,#1068);
#1066 = CARTESIAN_POINT('',(655.,-75.,500.));
#1067 = DIRECTION('',(1.,0.,-0.));
#1068 = DIRECTION('',(0.,0.,1.));
#1069 = DEFINITIONAL_REPRESENTATION('',(#1070),#1074);
#1070 = LINE('',#1071,#1072);
#1071 = CARTESIAN_POINT('',(10.,0.));
#1072 = VECTOR('',#1073,1.);
#1073 = DIRECTION('',(0.,-1.));
#1074 = ( GEOMETRIC_REPRESENTATION_CONTEXT(2) 
PARAMETRIC_REPRESENTATION_CONTEXT() REPRESENTATION_CONTEXT('2D SPACE',''
  ) );
#1075 = ORIENTED_EDGE('',*,*,#1076,.T.);
#1076 = EDGE_CURVE('',#1047,#1077,#1079,.T.);
#1077 = VERTEX_POINT('',#1078);
#1078 = CARTESIAN_POINT('',(805.,-75.,510.));
#1079 = SURFACE_CURVE('',#1080,(#1084,#1091),.PCURVE_S1.);
#1080 = LINE('',#1081,#1082);
#1081 = CARTESIAN_POINT('',(655.,-75.,510.));
#1082 = VECTOR('',#1083,1.);
#1083 = DIRECTION('',(1.,0.,-0.));
#1084 = PCURVE('',#884,#1085);
#1085 = DEFINITIONAL_REPRESENTATION('',(#1086),#1090);
#1086 = LINE('',#1087,#1088);
#1087 = CARTESIAN_POINT('',(0.,0.));
#1088 = VECTOR('',#1089,1.);
#1089 = DIRECTION('',(1.,0.));
#1090 = ( GEOMETRIC_REPRESENTATION_CONTEXT(2) 
PARAMETRIC_REPRESENTATION_CONTEXT() REPRESENTATION_CONTEXT('2D SPACE',''
  ) );
#1091 = PCURVE('',#1092,#1097);
#1092 = PLANE('',#1093);
#1093 = AXIS2_PLACEMENT_3D('',#1094,#1095,#1096);
#1094 = CARTESIAN_POINT('',(655.,-75.,500.));
#1095 = DIRECTION('',(-0.,1.,0.));
#1096 = DIRECTION('',(0.,0.,1.));
#1097 = DEFINITIONAL_REPRESENTATION('',(#1098),#1102);
#1098 = LINE('',#1099,#1100);
#1099 = CARTESIAN_POINT('',(10.,0.));
#1100 = VECTOR('',#1101,1.);
#1101 = DIRECTION('',(0.,1.));
#1102 = ( GEOMETRIC_REPRESENTATION_CONTEXT(2) 
PARAMETRIC_REPRESENTATION_CONTEXT() REPRESENTATION_CONTEXT('2D SPACE',''
  ) );
#1103 = ORIENTED_EDGE('',*,*,#1104,.T.);
#1104 = EDGE_CURVE('',#1077,#1105,#1107,.T.);
#1105 = VERTEX_POINT('',#1106);
#1106 = CARTESIAN_POINT('',(805.,75.,510.));
#1107 = SURFACE_CURVE('',#1108,(#1112,#1119),.PCURVE_S1.);
#1108 = LINE('',#1109,#1110);
#1109 = CARTESIAN_POINT('',(805.,-75.,510.));
#1110 = VECTOR('',#1111,1.);
#1111 = DIRECTION('',(-0.,1.,0.));
#1112 = PCURVE('',#884,#1113);
#1113 = DEFINITIONAL_REPRESENTATION('',(#1114),#1118);
#1114 = LINE('',#1115,#1116);
#1115 = CARTESIAN_POINT('',(150.,0.));
#1116 = VECTOR('',#1117,1.);
#1117 = DIRECTION('',(0.,1.));
#1118 = ( GEOMETRIC_REPRESENTATION_CONTEXT(2) 
PARAMETRIC_REPRESENTATION_CONTEXT() REPRESENTATION_CONTEXT('2D SPACE',''
  ) );
#1119 = PCURVE('',#1120,#1125);
#1120 = PLANE('',#1121);
#1121 = AXIS2_PLACEMENT_3D('',#1122,#1123,#1124);
#1122 = CARTESIAN_POINT('',(805.,-75.,500.));
#1123 = DIRECTION('',(1.,0.,-0.));
#1124 = DIRECTION('',(0.,0.,1.));
#1125 = DEFINITIONAL_REPRESENTATION('',(#1126),#1130);
#1126 = LINE('',#1127,#1128);
#1127 = CARTESIAN_POINT('',(10.,0.));
#1128 = VECTOR('',#1129,1.);
#1129 = DIRECTION('',(0.,-1.));
#1130 = ( GEOMETRIC_REPRESENTATION_CONTEXT(2) 
PARAMETRIC_REPRESENTATION_CONTEXT() REPRESENTATION_CONTEXT('2D SPACE',''
  ) );
#1131 = ORIENTED_EDGE('',*,*,#1132,.F.);
#1132 = EDGE_CURVE('',#1049,#1105,#1133,.T.);
#1133 = SURFACE_CURVE('',#1134,(#1138,#1145),.PCURVE_S1.);
#1134 = LINE('',#1135,#1136);
#1135 = CARTESIAN_POINT('',(655.,75.,510.));
#1136 = VECTOR('',#1137,1.);
#1137 = DIRECTION('',(1.,0.,-0.));
#1138 = PCURVE('',#884,#1139);
#1139 = DEFINITIONAL_REPRESENTATION('',(#1140),#1144);
#1140 = LINE('',#1141,#1142);
#1141 = CARTESIAN_POINT('',(0.,150.));
#1142 = VECTOR('',#1143,1.);
#1143 = DIRECTION('',(1.,0.));
#1144 = ( GEOMETRIC_REPRESENTATION_CONTEXT(2) 
PARAMETRIC_REPRESENTATION_CONTEXT() REPRESENTATION_CONTEXT('2D SPACE',''
  ) );
#1145 = PCURVE('',#1146,#1151);
#1146 = PLANE('',#1147);
#1147 = AXIS2_PLACEMENT_3D('',#1148,#1149,#1150);
#1148 = CARTESIAN_POINT('',(655.,75.,500.));
#1149 = DIRECTION('',(-0.,1.,0.));
#1150 = DIRECTION('',(0.,0.,1.));
#1151 = DEFINITIONAL_REPRESENTATION('',(#1152),#1156);
#1152 = LINE('',#1153,#1154);
#1153 = CARTESIAN_POINT('',(10.,0.));
#1154 = VECTOR('',#1155,1.);
#1155 = DIRECTION('',(0.,1.));
#1156 = ( GEOMETRIC_REPRESENTATION_CONTEXT(2) 
PARAMETRIC_REPRESENTATION_CONTEXT() REPRESENTATION_CONTEXT('2D SPACE',''
  ) );
#1157 = FACE_BOUND('',#1158,.T.);
#1158 = EDGE_LOOP('',(#1159,#1160,#1161,#1162));
#1159 = ORIENTED_EDGE('',*,*,#868,.T.);
#1160 = ORIENTED_EDGE('',*,*,#921,.T.);
#1161 = ORIENTED_EDGE('',*,*,#1020,.F.);
#1162 = ORIENTED_EDGE('',*,*,#970,.F.);
#1163 = FACE_BOUND('',#1164,.T.);
#1164 = EDGE_LOOP('',(#1165));
#1165 = ORIENTED_EDGE('',*,*,#1166,.F.);
#1166 = EDGE_CURVE('',#1167,#1167,#1169,.T.);
#1167 = VERTEX_POINT('',#1168);
#1168 = CARTESIAN_POINT('',(685.,-50.,510.));
#1169 = SURFACE_CURVE('',#1170,(#1175,#1182),.PCURVE_S1.);
#1170 = CIRCLE('',#1171,5.);
#1171 = AXIS2_PLACEMENT_3D('',#1172,#1173,#1174);
#1172 = CARTESIAN_POINT('',(680.,-50.,510.));
#1173 = DIRECTION('',(0.,0.,1.));
#1174 = DIRECTION('',(1.,0.,-0.));
#1175 = PCURVE('',#884,#1176);
#1176 = DEFINITIONAL_REPRESENTATION('',(#1177),#1181);
#1177 = CIRCLE('',#1178,5.);
#1178 = AXIS2_PLACEMENT_2D('',#1179,#1180);
#1179 = CARTESIAN_POINT('',(25.,25.));
#1180 = DIRECTION('',(1.,0.));
#1181 = ( GEOMETRIC_REPRESENTATION_CONTEXT(2) 
PARAMETRIC_REPRESENTATION_CONTEXT() REPRESENTATION_CONTEXT('2D SPACE',''
  ) );
#1182 = PCURVE('',#1183,#1188);
#1183 = CYLINDRICAL_SURFACE('',#1184,5.);
#1184 = AXIS2_PLACEMENT_3D('',#1185,#1186,#1187);
#1185 = CARTESIAN_POINT('',(680.,-50.,480.));
#1186 = DIRECTION('',(0.,0.,1.));
#1187 = DIRECTION('',(1.,0.,-0.));
#1188 = DEFINITIONAL_REPRESENTATION('',(#1189),#1193);
#1189 = LINE('',#1190,#1191);
#1190 = CARTESIAN_POINT('',(0.,30.));
#1191 = VECTOR('',#1192,1.);
#1192 = DIRECTION('',(1.,0.));
#1193 = ( GEOMETRIC_REPRESENTATION_CONTEXT(2) 
PARAMETRIC_REPRESENTATION_CONTEXT() REPRESENTATION_CONTEXT('2D SPACE',''
  ) );
#1194 = FACE_BOUND('',#1195,.T.);
#1195 = EDGE_LOOP('',(#1196));
#1196 = ORIENTED_EDGE('',*,*,#1197,.F.);
#1197 = EDGE_CURVE('',#1198,#1198,#1200,.T.);
#1198 = VERTEX_POINT('',#1199);
#1199 = CARTESIAN_POINT('',(785.,-50.,510.));
#1200 = SURFACE_CURVE('',#1201,(#1206,#1213),.PCURVE_S1.);
#1201 = CIRCLE('',#1202,5.);
#1202 = AXIS2_PLACEMENT_3D('',#1203,#1204,#1205);
#1203 = CARTESIAN_POINT('',(780.,-50.,510.));
#1204 = DIRECTION('',(0.,0.,1.));
#1205 = DIRECTION('',(1.,0.,-0.));
#1206 = PCURVE('',#884,#1207);
#1207 = DEFINITIONAL_REPRESENTATION('',(#1208),#1212);
#1208 = CIRCLE('',#1209,5.);
#1209 = AXIS2_PLACEMENT_2D('',#1210,#1211);
#1210 = CARTESIAN_POINT('',(125.,25.));
#1211 = DIRECTION('',(1.,0.));
#1212 = ( GEOMETRIC_REPRESENTATION_CONTEXT(2) 
PARAMETRIC_REPRESENTATION_CONTEXT() REPRESENTATION_CONTEXT('2D SPACE',''
  ) );
#1213 = PCURVE('',#1214,#1219);
#1214 = CYLINDRICAL_SURFACE('',#1215,5.);
#1215 = AXIS2_PLACEMENT_3D('',#1216,#1217,#1218);
#1216 = CARTESIAN_POINT('',(780.,-50.,480.));
#1217 = DIRECTION('',(0.,0.,1.));
#1218 = DIRECTION('',(1.,0.,-0.));
#1219 = DEFINITIONAL_REPRESENTATION('',(#1220),#1224);
#1220 = LINE('',#1221,#1222);
#1221 = CARTESIAN_POINT('',(0.,30.));
#1222 = VECTOR('',#1223,1.);
#1223 = DIRECTION('',(1.,0.));
#1224 = ( GEOMETRIC_REPRESENTATION_CONTEXT(2) 
PARAMETRIC_REPRESENTATION_CONTEXT() REPRESENTATION_CONTEXT('2D SPACE',''
  ) );
#1225 = FACE_BOUND('',#1226,.T.);
#1226 = EDGE_LOOP('',(#1227));
#1227 = ORIENTED_EDGE('',*,*,#1228,.F.);
#1228 = EDGE_CURVE('',#1229,#1229,#1231,.T.);
#1229 = VERTEX_POINT('',#1230);
#1230 = CARTESIAN_POINT('',(685.,50.,510.));
#1231 = SURFACE_CURVE('',#1232,(#1237,#1244),.PCURVE_S1.);
#1232 = CIRCLE('',#1233,5.);
#1233 = AXIS2_PLACEMENT_3D('',#1234,#1235,#1236);
#1234 = CARTESIAN_POINT('',(680.,50.,510.));
#1235 = DIRECTION('',(0.,0.,1.));
#1236 = DIRECTION('',(1.,0.,-0.));
#1237 = PCURVE('',#884,#1238);
#1238 = DEFINITIONAL_REPRESENTATION('',(#1239),#1243);
#1239 = CIRCLE('',#1240,5.);
#1240 = AXIS2_PLACEMENT_2D('',#1241,#1242);
#1241 = CARTESIAN_POINT('',(25.,125.));
#1242 = DIRECTION('',(1.,0.));
#1243 = ( GEOMETRIC_REPRESENTATION_CONTEXT(2) 
PARAMETRIC_REPRESENTATION_CONTEXT() REPRESENTATION_CONTEXT('2D SPACE',''
  ) );
#1244 = PCURVE('',#1245,#1250);
#1245 = CYLINDRICAL_SURFACE('',#1246,5.);
#1246 = AXIS2_PLACEMENT_3D('',#1247,#1248,#1249);
#1247 = CARTESIAN_POINT('',(680.,50.,480.));
#1248 = DIRECTION('',(0.,0.,1.));
#1249 = DIRECTION('',(1.,0.,-0.));
#1250 = DEFINITIONAL_REPRESENTATION('',(#1251),#1255);
#1251 = LINE('',#1252,#1253);
#1252 = CARTESIAN_POINT('',(0.,30.));
#1253 = VECTOR('',#1254,1.);
#1254 = DIRECTION('',(1.,0.));
#1255 = ( GEOMETRIC_REPRESENTATION_CONTEXT(2) 
PARAMETRIC_REPRESENTATION_CONTEXT() REPRESENTATION_CONTEXT('2D SPACE',''
  ) );
#1256 = FACE_BOUND('',#1257,.T.);
#1257 = EDGE_LOOP('',(#1258));
#1258 = ORIENTED_EDGE('',*,*,#1259,.F.);
#1259 = EDGE_CURVE('',#1260,#1260,#1262,.T.);
#1260 = VERTEX_POINT('',#1261);
#1261 = CARTESIAN_POINT('',(785.,50.,510.));
#1262 = SURFACE_CURVE('',#1263,(#1268,#1275),.PCURVE_S1.);
#1263 = CIRCLE('',#1264,5.);
#1264 = AXIS2_PLACEMENT_3D('',#1265,#1266,#1267);
#1265 = CARTESIAN_POINT('',(780.,50.,510.));
#1266 = DIRECTION('',(0.,0.,1.));
#1267 = DIRECTION('',(1.,0.,-0.));
#1268 = PCURVE('',#884,#1269);
#1269 = DEFINITIONAL_REPRESENTATION('',(#1270),#1274);
#1270 = CIRCLE('',#1271,5.);
#1271 = AXIS2_PLACEMENT_2D('',#1272,#1273);
#1272 = CARTESIAN_POINT('',(125.,125.));
#1273 = DIRECTION('',(1.,0.));
#1274 = ( GEOMETRIC_REPRESENTATION_CONTEXT(2) 
PARAMETRIC_REPRESENTATION_CONTEXT() REPRESENTATION_CONTEXT('2D SPACE',''
  ) );
#1275 = PCURVE('',#1276,#1281);
#1276 = CYLINDRICAL_SURFACE('',#1277,5.);
#1277 = AXIS2_PLACEMENT_3D('',#1278,#1279,#1280);
#1278 = CARTESIAN_POINT('',(780.,50.,480.));
#1279 = DIRECTION('',(0.,0.,1.));
#1280 = DIRECTION('',(1.,0.,-0.));
#1281 = DEFINITIONAL_REPRESENTATION('',(#1282),#1286);
#1282 = LINE('',#1283,#1284);
#1283 = CARTESIAN_POINT('',(0.,30.));
#1284 = VECTOR('',#1285,1.);
#1285 = DIRECTION('',(1.,0.));
#1286 = ( GEOMETRIC_REPRESENTATION_CONTEXT(2) 
PARAMETRIC_REPRESENTATION_CONTEXT() REPRESENTATION_CONTEXT('2D SPACE',''
  ) );
#1287 = ADVANCED_FACE('',(#1288),#1064,.F.);
#1288 = FACE_BOUND('',#1289,.F.);
#1289 = EDGE_LOOP('',(#1290,#1313,#1341,#1362));
#1290 = ORIENTED_EDGE('',*,*,#1291,.F.);
#1291 = EDGE_CURVE('',#1292,#1047,#1294,.T.);
#1292 = VERTEX_POINT('',#1293);
#1293 = CARTESIAN_POINT('',(655.,-75.,500.));
#1294 = SURFACE_CURVE('',#1295,(#1299,#1306),.PCURVE_S1.);
#1295 = LINE('',#1296,#1297);
#1296 = CARTESIAN_POINT('',(655.,-75.,500.));
#1297 = VECTOR('',#1298,1.);
#1298 = DIRECTION('',(0.,0.,1.));
#1299 = PCURVE('',#1064,#1300);
#1300 = DEFINITIONAL_REPRESENTATION('',(#1301),#1305);
#1301 = LINE('',#1302,#1303);
#1302 = CARTESIAN_POINT('',(0.,0.));
#1303 = VECTOR('',#1304,1.);
#1304 = DIRECTION('',(1.,0.));
#1305 = ( GEOMETRIC_REPRESENTATION_CONTEXT(2) 
PARAMETRIC_REPRESENTATION_CONTEXT() REPRESENTATION_CONTEXT('2D SPACE',''
  ) );
#1306 = PCURVE('',#1092,#1307);
#1307 = DEFINITIONAL_REPRESENTATION('',(#1308),#1312);
#1308 = LINE('',#1309,#1310);
#1309 = CARTESIAN_POINT('',(0.,0.));
#1310 = VECTOR('',#1311,1.);
#1311 = DIRECTION('',(1.,0.));
#1312 = ( GEOMETRIC_REPRESENTATION_CONTEXT(2) 
PARAMETRIC_REPRESENTATION_CONTEXT() REPRESENTATION_CONTEXT('2D SPACE',''
  ) );
#1313 = ORIENTED_EDGE('',*,*,#1314,.T.);
#1314 = EDGE_CURVE('',#1292,#1315,#1317,.T.);
#1315 = VERTEX_POINT('',#1316);
#1316 = CARTESIAN_POINT('',(655.,75.,500.));
#1317 = SURFACE_CURVE('',#1318,(#1322,#1329),.PCURVE_S1.);
#1318 = LINE('',#1319,#1320);
#1319 = CARTESIAN_POINT('',(655.,-75.,500.));
#1320 = VECTOR('',#1321,1.);
#1321 = DIRECTION('',(-0.,1.,0.));
#1322 = PCURVE('',#1064,#1323);
#1323 = DEFINITIONAL_REPRESENTATION('',(#1324),#1328);
#1324 = LINE('',#1325,#1326);
#1325 = CARTESIAN_POINT('',(0.,0.));
#1326 = VECTOR('',#1327,1.);
#1327 = DIRECTION('',(0.,-1.));
#1328 = ( GEOMETRIC_REPRESENTATION_CONTEXT(2) 
PARAMETRIC_REPRESENTATION_CONTEXT() REPRESENTATION_CONTEXT('2D SPACE',''
  ) );
#1329 = PCURVE('',#1330,#1335);
#1330 = PLANE('',#1331);
#1331 = AXIS2_PLACEMENT_3D('',#1332,#1333,#1334);
#1332 = CARTESIAN_POINT('',(655.,-75.,500.));
#1333 = DIRECTION('',(0.,0.,1.));
#1334 = DIRECTION('',(1.,0.,-0.));
#1335 = DEFINITIONAL_REPRESENTATION('',(#1336),#1340);
#1336 = LINE('',#1337,#1338);
#1337 = CARTESIAN_POINT('',(0.,0.));
#1338 = VECTOR('',#1339,1.);
#1339 = DIRECTION('',(0.,1.));
#1340 = ( GEOMETRIC_REPRESENTATION_CONTEXT(2) 
PARAMETRIC_REPRESENTATION_CONTEXT() REPRESENTATION_CONTEXT('2D SPACE',''
  ) );
#1341 = ORIENTED_EDGE('',*,*,#1342,.T.);
#1342 = EDGE_CURVE('',#1315,#1049,#1343,.T.);
#1343 = SURFACE_CURVE('',#1344,(#1348,#1355),.PCURVE_S1.);
#1344 = LINE('',#1345,#1346);
#1345 = CARTESIAN_POINT('',(655.,75.,500.));
#1346 = VECTOR('',#1347,1.);
#1347 = DIRECTION('',(0.,0.,1.));
#1348 = PCURVE('',#1064,#1349);
#1349 = DEFINITIONAL_REPRESENTATION('',(#1350),#1354);
#1350 = LINE('',#1351,#1352);
#1351 = CARTESIAN_POINT('',(0.,-150.));
#1352 = VECTOR('',#1353,1.);
#1353 = DIRECTION('',(1.,0.));
#1354 = ( GEOMETRIC_REPRESENTATION_CONTEXT(2) 
PARAMETRIC_REPRESENTATION_CONTEXT() REPRESENTATION_CONTEXT('2D SPACE',''
  ) );
#1355 = PCURVE('',#1146,#1356);
#1356 = DEFINITIONAL_REPRESENTATION('',(#1357),#1361);
#1357 = LINE('',#1358,#1359);
#1358 = CARTESIAN_POINT('',(0.,0.));
#1359 = VECTOR('',#1360,1.);
#1360 = DIRECTION('',(1.,0.));
#1361 = ( GEOMETRIC_REPRESENTATION_CONTEXT(2) 
PARAMETRIC_REPRESENTATION_CONTEXT() REPRESENTATION_CONTEXT('2D SPACE',''
  ) );
#1362 = ORIENTED_EDGE('',*,*,#1046,.F.);
#1363 = ADVANCED_FACE('',(#1364),#1146,.T.);
#1364 = FACE_BOUND('',#1365,.T.);
#1365 = EDGE_LOOP('',(#1366,#1389,#1390,#1391));
#1366 = ORIENTED_EDGE('',*,*,#1367,.F.);
#1367 = EDGE_CURVE('',#1315,#1368,#1370,.T.);
#1368 = VERTEX_POINT('',#1369);
#1369 = CARTESIAN_POINT('',(805.,75.,500.));
#1370 = SURFACE_CURVE('',#1371,(#1375,#1382),.PCURVE_S1.);
#1371 = LINE('',#1372,#1373);
#1372 = CARTESIAN_POINT('',(655.,75.,500.));
#1373 = VECTOR('',#1374,1.);
#1374 = DIRECTION('',(1.,0.,-0.));
#1375 = PCURVE('',#1146,#1376);
#1376 = DEFINITIONAL_REPRESENTATION('',(#1377),#1381);
#1377 = LINE('',#1378,#1379);
#1378 = CARTESIAN_POINT('',(0.,0.));
#1379 = VECTOR('',#1380,1.);
#1380 = DIRECTION('',(0.,1.));
#1381 = ( GEOMETRIC_REPRESENTATION_CONTEXT(2) 
PARAMETRIC_REPRESENTATION_CONTEXT() REPRESENTATION_CONTEXT('2D SPACE',''
  ) );
#1382 = PCURVE('',#1330,#1383);
#1383 = DEFINITIONAL_REPRESENTATION('',(#1384),#1388);
#1384 = LINE('',#1385,#1386);
#1385 = CARTESIAN_POINT('',(0.,150.));
#1386 = VECTOR('',#1387,1.);
#1387 = DIRECTION('',(1.,0.));
#1388 = ( GEOMETRIC_REPRESENTATION_CONTEXT(2) 
PARAMETRIC_REPRESENTATION_CONTEXT() REPRESENTATION_CONTEXT('2D SPACE',''
  ) );
#1389 = ORIENTED_EDGE('',*,*,#1342,.T.);
#1390 = ORIENTED_EDGE('',*,*,#1132,.T.);
#1391 = ORIENTED_EDGE('',*,*,#1392,.F.);
#1392 = EDGE_CURVE('',#1368,#1105,#1393,.T.);
#1393 = SURFACE_CURVE('',#1394,(#1398,#1405),.PCURVE_S1.);
#1394 = LINE('',#1395,#1396);
#1395 = CARTESIAN_POINT('',(805.,75.,500.));
#1396 = VECTOR('',#1397,1.);
#1397 = DIRECTION('',(0.,0.,1.));
#1398 = PCURVE('',#1146,#1399);
#1399 = DEFINITIONAL_REPRESENTATION('',(#1400),#1404);
#1400 = LINE('',#1401,#1402);
#1401 = CARTESIAN_POINT('',(0.,150.));
#1402 = VECTOR('',#1403,1.);
#1403 = DIRECTION('',(1.,0.));
#1404 = ( GEOMETRIC_REPRESENTATION_CONTEXT(2) 
PARAMETRIC_REPRESENTATION_CONTEXT() REPRESENTATION_CONTEXT('2D SPACE',''
  ) );
#1405 = PCURVE('',#1120,#1406);
#1406 = DEFINITIONAL_REPRESENTATION('',(#1407),#1411);
#1407 = LINE('',#1408,#1409);
#1408 = CARTESIAN_POINT('',(0.,-150.));
#1409 = VECTOR('',#1410,1.);
#1410 = DIRECTION('',(1.,0.));
#1411 = ( GEOMETRIC_REPRESENTATION_CONTEXT(2) 
PARAMETRIC_REPRESENTATION_CONTEXT() REPRESENTATION_CONTEXT('2D SPACE',''
  ) );
#1412 = ADVANCED_FACE('',(#1413),#1092,.F.);
#1413 = FACE_BOUND('',#1414,.F.);
#1414 = EDGE_LOOP('',(#1415,#1438,#1439,#1440));
#1415 = ORIENTED_EDGE('',*,*,#1416,.F.);
#1416 = EDGE_CURVE('',#1292,#1417,#1419,.T.);
#1417 = VERTEX_POINT('',#1418);
#1418 = CARTESIAN_POINT('',(805.,-75.,500.));
#1419 = SURFACE_CURVE('',#1420,(#1424,#1431),.PCURVE_S1.);
#1420 = LINE('',#1421,#1422);
#1421 = CARTESIAN_POINT('',(655.,-75.,500.));
#1422 = VECTOR('',#1423,1.);
#1423 = DIRECTION('',(1.,0.,-0.));
#1424 = PCURVE('',#1092,#1425);
#1425 = DEFINITIONAL_REPRESENTATION('',(#1426),#1430);
#1426 = LINE('',#1427,#1428);
#1427 = CARTESIAN_POINT('',(0.,0.));
#1428 = VECTOR('',#1429,1.);
#1429 = DIRECTION('',(0.,1.));
#1430 = ( GEOMETRIC_REPRESENTATION_CONTEXT(2) 
PARAMETRIC_REPRESENTATION_CONTEXT() REPRESENTATION_CONTEXT('2D SPACE',''
  ) );
#1431 = PCURVE('',#1330,#1432);
#1432 = DEFINITIONAL_REPRESENTATION('',(#1433),#1437);
#1433 = LINE('',#1434,#1435);
#1434 = CARTESIAN_POINT('',(0.,0.));
#1435 = VECTOR('',#1436,1.);
#1436 = DIRECTION('',(1.,0.));
#1437 = ( GEOMETRIC_REPRESENTATION_CONTEXT(2) 
PARAMETRIC_REPRESENTATION_CONTEXT() REPRESENTATION_CONTEXT('2D SPACE',''
  ) );
#1438 = ORIENTED_EDGE('',*,*,#1291,.T.);
#1439 = ORIENTED_EDGE('',*,*,#1076,.T.);
#1440 = ORIENTED_EDGE('',*,*,#1441,.F.);
#1441 = EDGE_CURVE('',#1417,#1077,#1442,.T.);
#1442 = SURFACE_CURVE('',#1443,(#1447,#1454),.PCURVE_S1.);
#1443 = LINE('',#1444,#1445);
#1444 = CARTESIAN_POINT('',(805.,-75.,500.));
#1445 = VECTOR('',#1446,1.);
#1446 = DIRECTION('',(0.,0.,1.));
#1447 = PCURVE('',#1092,#1448);
#1448 = DEFINITIONAL_REPRESENTATION('',(#1449),#1453);
#1449 = LINE('',#1450,#1451);
#1450 = CARTESIAN_POINT('',(0.,150.));
#1451 = VECTOR('',#1452,1.);
#1452 = DIRECTION('',(1.,0.));
#1453 = ( GEOMETRIC_REPRESENTATION_CONTEXT(2) 
PARAMETRIC_REPRESENTATION_CONTEXT() REPRESENTATION_CONTEXT('2D SPACE',''
  ) );
#1454 = PCURVE('',#1120,#1455);
#1455 = DEFINITIONAL_REPRESENTATION('',(#1456),#1460);
#1456 = LINE('',#1457,#1458);
#1457 = CARTESIAN_POINT('',(0.,0.));
#1458 = VECTOR('',#1459,1.);
#1459 = DIRECTION('',(1.,0.));
#1460 = ( GEOMETRIC_REPRESENTATION_CONTEXT(2) 
PARAMETRIC_REPRESENTATION_CONTEXT() REPRESENTATION_CONTEXT('2D SPACE',''
  ) );
#1461 = ADVANCED_FACE('',(#1462),#1120,.T.);
#1462 = FACE_BOUND('',#1463,.T.);
#1463 = EDGE_LOOP('',(#1464,#1465,#1486,#1487));
#1464 = ORIENTED_EDGE('',*,*,#1441,.F.);
#1465 = ORIENTED_EDGE('',*,*,#1466,.T.);
#1466 = EDGE_CURVE('',#1417,#1368,#1467,.T.);
#1467 = SURFACE_CURVE('',#1468,(#1472,#1479),.PCURVE_S1.);
#1468 = LINE('',#1469,#1470);
#1469 = CARTESIAN_POINT('',(805.,-75.,500.));
#1470 = VECTOR('',#1471,1.);
#1471 = DIRECTION('',(-0.,1.,0.));
#1472 = PCURVE('',#1120,#1473);
#1473 = DEFINITIONAL_REPRESENTATION('',(#1474),#1478);
#1474 = LINE('',#1475,#1476);
#1475 = CARTESIAN_POINT('',(0.,0.));
#1476 = VECTOR('',#1477,1.);
#1477 = DIRECTION('',(0.,-1.));
#1478 = ( GEOMETRIC_REPRESENTATION_CONTEXT(2) 
PARAMETRIC_REPRESENTATION_CONTEXT() REPRESENTATION_CONTEXT('2D SPACE',''
  ) );
#1479 = PCURVE('',#1330,#1480);
#1480 = DEFINITIONAL_REPRESENTATION('',(#1481),#1485);
#1481 = LINE('',#1482,#1483);
#1482 = CARTESIAN_POINT('',(150.,0.));
#1483 = VECTOR('',#1484,1.);
#1484 = DIRECTION('',(0.,1.));
#1485 = ( GEOMETRIC_REPRESENTATION_CONTEXT(2) 
PARAMETRIC_REPRESENTATION_CONTEXT() REPRESENTATION_CONTEXT('2D SPACE',''
  ) );
#1486 = ORIENTED_EDGE('',*,*,#1392,.T.);
#1487 = ORIENTED_EDGE('',*,*,#1104,.F.);
#1488 = ADVANCED_FACE('',(#1489,#1495,#1521,#1547,#1573),#1330,.F.);
#1489 = FACE_BOUND('',#1490,.F.);
#1490 = EDGE_LOOP('',(#1491,#1492,#1493,#1494));
#1491 = ORIENTED_EDGE('',*,*,#1314,.F.);
#1492 = ORIENTED_EDGE('',*,*,#1416,.T.);
#1493 = ORIENTED_EDGE('',*,*,#1466,.T.);
#1494 = ORIENTED_EDGE('',*,*,#1367,.F.);
#1495 = FACE_BOUND('',#1496,.F.);
#1496 = EDGE_LOOP('',(#1497));
#1497 = ORIENTED_EDGE('',*,*,#1498,.F.);
#1498 = EDGE_CURVE('',#1499,#1499,#1501,.T.);
#1499 = VERTEX_POINT('',#1500);
#1500 = CARTESIAN_POINT('',(685.,-50.,500.));
#1501 = SURFACE_CURVE('',#1502,(#1507,#1514),.PCURVE_S1.);
#1502 = CIRCLE('',#1503,5.);
#1503 = AXIS2_PLACEMENT_3D('',#1504,#1505,#1506);
#1504 = CARTESIAN_POINT('',(680.,-50.,500.));
#1505 = DIRECTION('',(0.,0.,1.));
#1506 = DIRECTION('',(1.,0.,-0.));
#1507 = PCURVE('',#1330,#1508);
#1508 = DEFINITIONAL_REPRESENTATION('',(#1509),#1513);
#1509 = CIRCLE('',#1510,5.);
#1510 = AXIS2_PLACEMENT_2D('',#1511,#1512);
#1511 = CARTESIAN_POINT('',(25.,25.));
#1512 = DIRECTION('',(1.,0.));
#1513 = ( GEOMETRIC_REPRESENTATION_CONTEXT(2) 
PARAMETRIC_REPRESENTATION_CONTEXT() REPRESENTATION_CONTEXT('2D SPACE',''
  ) );
#1514 = PCURVE('',#1183,#1515);
#1515 = DEFINITIONAL_REPRESENTATION('',(#1516),#1520);
#1516 = LINE('',#1517,#1518);
#1517 = CARTESIAN_POINT('',(0.,20.));
#1518 = VECTOR('',#1519,1.);
#1519 = DIRECTION('',(1.,0.));
#1520 = ( GEOMETRIC_REPRESENTATION_CONTEXT(2) 
PARAMETRIC_REPRESENTATION_CONTEXT() REPRESENTATION_CONTEXT('2D SPACE',''
  ) );
#1521 = FACE_BOUND('',#1522,.F.);
#1522 = EDGE_LOOP('',(#1523));
#1523 = ORIENTED_EDGE('',*,*,#1524,.F.);
#1524 = EDGE_CURVE('',#1525,#1525,#1527,.T.);
#1525 = VERTEX_POINT('',#1526);
#1526 = CARTESIAN_POINT('',(785.,-50.,500.));
#1527 = SURFACE_CURVE('',#1528,(#1533,#1540),.PCURVE_S1.);
#1528 = CIRCLE('',#1529,5.);
#1529 = AXIS2_PLACEMENT_3D('',#1530,#1531,#1532);
#1530 = CARTESIAN_POINT('',(780.,-50.,500.));
#1531 = DIRECTION('',(0.,0.,1.));
#1532 = DIRECTION('',(1.,0.,-0.));
#1533 = PCURVE('',#1330,#1534);
#1534 = DEFINITIONAL_REPRESENTATION('',(#1535),#1539);
#1535 = CIRCLE('',#1536,5.);
#1536 = AXIS2_PLACEMENT_2D('',#1537,#1538);
#1537 = CARTESIAN_POINT('',(125.,25.));
#1538 = DIRECTION('',(1.,0.));
#1539 = ( GEOMETRIC_REPRESENTATION_CONTEXT(2) 
PARAMETRIC_REPRESENTATION_CONTEXT() REPRESENTATION_CONTEXT('2D SPACE',''
  ) );
#1540 = PCURVE('',#1214,#1541);
#1541 = DEFINITIONAL_REPRESENTATION('',(#1542),#1546);
#1542 = LINE('',#1543,#1544);
#1543 = CARTESIAN_POINT('',(0.,20.));
#1544 = VECTOR('',#1545,1.);
#1545 = DIRECTION('',(1.,0.));
#1546 = ( GEOMETRIC_REPRESENTATION_CONTEXT(2) 
PARAMETRIC_REPRESENTATION_CONTEXT() REPRESENTATION_CONTEXT('2D SPACE',''
  ) );
#1547 = FACE_BOUND('',#1548,.F.);
#1548 = EDGE_LOOP('',(#1549));
#1549 = ORIENTED_EDGE('',*,*,#1550,.F.);
#1550 = EDGE_CURVE('',#1551,#1551,#1553,.T.);
#1551 = VERTEX_POINT('',#1552);
#1552 = CARTESIAN_POINT('',(685.,50.,500.));
#1553 = SURFACE_CURVE('',#1554,(#1559,#1566),.PCURVE_S1.);
#1554 = CIRCLE('',#1555,5.);
#1555 = AXIS2_PLACEMENT_3D('',#1556,#1557,#1558);
#1556 = CARTESIAN_POINT('',(680.,50.,500.));
#1557 = DIRECTION('',(0.,0.,1.));
#1558 = DIRECTION('',(1.,0.,-0.));
#1559 = PCURVE('',#1330,#1560);
#1560 = DEFINITIONAL_REPRESENTATION('',(#1561),#1565);
#1561 = CIRCLE('',#1562,5.);
#1562 = AXIS2_PLACEMENT_2D('',#1563,#1564);
#1563 = CARTESIAN_POINT('',(25.,125.));
#1564 = DIRECTION('',(1.,0.));
#1565 = ( GEOMETRIC_REPRESENTATION_CONTEXT(2) 
PARAMETRIC_REPRESENTATION_CONTEXT() REPRESENTATION_CONTEXT('2D SPACE',''
  ) );
#1566 = PCURVE('',#1245,#1567);
#1567 = DEFINITIONAL_REPRESENTATION('',(#1568),#1572);
#1568 = LINE('',#1569,#1570);
#1569 = CARTESIAN_POINT('',(0.,20.));
#1570 = VECTOR('',#1571,1.);
#1571 = DIRECTION('',(1.,0.));
#1572 = ( GEOMETRIC_REPRESENTATION_CONTEXT(2) 
PARAMETRIC_REPRESENTATION_CONTEXT() REPRESENTATION_CONTEXT('2D SPACE',''
  ) );
#1573 = FACE_BOUND('',#1574,.F.);
#1574 = EDGE_LOOP('',(#1575));
#1575 = ORIENTED_EDGE('',*,*,#1576,.F.);
#1576 = EDGE_CURVE('',#1577,#1577,#1579,.T.);
#1577 = VERTEX_POINT('',#1578);
#1578 = CARTESIAN_POINT('',(785.,50.,500.));
#1579 = SURFACE_CURVE('',#1580,(#1585,#1592),.PCURVE_S1.);
#1580 = CIRCLE('',#1581,5.);
#1581 = AXIS2_PLACEMENT_3D('',#1582,#1583,#1584);
#1582 = CARTESIAN_POINT('',(780.,50.,500.));
#1583 = DIRECTION('',(0.,0.,1.));
#1584 = DIRECTION('',(1.,0.,-0.));
#1585 = PCURVE('',#1330,#1586);
#1586 = DEFINITIONAL_REPRESENTATION('',(#1587),#1591);
#1587 = CIRCLE('',#1588,5.);
#1588 = AXIS2_PLACEMENT_2D('',#1589,#1590);
#1589 = CARTESIAN_POINT('',(125.,125.));
#1590 = DIRECTION('',(1.,0.));
#1591 = ( GEOMETRIC_REPRESENTATION_CONTEXT(2) 
PARAMETRIC_REPRESENTATION_CONTEXT() REPRESENTATION_CONTEXT('2D SPACE',''
  ) );
#1592 = PCURVE('',#1276,#1593);
#1593 = DEFINITIONAL_REPRESENTATION('',(#1594),#1598);
#1594 = LINE('',#1595,#1596);
#1595 = CARTESIAN_POINT('',(0.,20.));
#1596 = VECTOR('',#1597,1.);
#1597 = DIRECTION('',(1.,0.));
#1598 = ( GEOMETRIC_REPRESENTATION_CONTEXT(2) 
PARAMETRIC_REPRESENTATION_CONTEXT() REPRESENTATION_CONTEXT('2D SPACE',''
  ) );
#1599 = ADVANCED_FACE('',(#1600),#1183,.F.);
#1600 = FACE_BOUND('',#1601,.F.);
#1601 = EDGE_LOOP('',(#1602,#1603,#1624,#1625));
#1602 = ORIENTED_EDGE('',*,*,#1166,.F.);
#1603 = ORIENTED_EDGE('',*,*,#1604,.F.);
#1604 = EDGE_CURVE('',#1499,#1167,#1605,.T.);
#1605 = SEAM_CURVE('',#1606,(#1610,#1617),.PCURVE_S1.);
#1606 = LINE('',#1607,#1608);
#1607 = CARTESIAN_POINT('',(685.,-50.,480.));
#1608 = VECTOR('',#1609,1.);
#1609 = DIRECTION('',(0.,0.,1.));
#1610 = PCURVE('',#1183,#1611);
#1611 = DEFINITIONAL_REPRESENTATION('',(#1612),#1616);
#1612 = LINE('',#1613,#1614);
#1613 = CARTESIAN_POINT('',(6.28318530718,-0.));
#1614 = VECTOR('',#1615,1.);
#1615 = DIRECTION('',(0.,1.));
#1616 = ( GEOMETRIC_REPRESENTATION_CONTEXT(2) 
PARAMETRIC_REPRESENTATION_CONTEXT() REPRESENTATION_CONTEXT('2D SPACE',''
  ) );
#1617 = PCURVE('',#1183,#1618);
#1618 = DEFINITIONAL_REPRESENTATION('',(#1619),#1623);
#1619 = LINE('',#1620,#1621);
#1620 = CARTESIAN_POINT('',(0.,-0.));
#1621 = VECTOR('',#1622,1.);
#1622 = DIRECTION('',(0.,1.));
#1623 = ( GEOMETRIC_REPRESENTATION_CONTEXT(2) 
PARAMETRIC_REPRESENTATION_CONTEXT() REPRESENTATION_CONTEXT('2D SPACE',''
  ) );
#1624 = ORIENTED_EDGE('',*,*,#1498,.T.);
#1625 = ORIENTED_EDGE('',*,*,#1604,.T.);
#1626 = ADVANCED_FACE('',(#1627),#1214,.F.);
#1627 = FACE_BOUND('',#1628,.F.);
#1628 = EDGE_LOOP('',(#1629,#1630,#1651,#1652));
#1629 = ORIENTED_EDGE('',*,*,#1197,.F.);
#1630 = ORIENTED_EDGE('',*,*,#1631,.F.);
#1631 = EDGE_CURVE('',#1525,#1198,#1632,.T.);
#1632 = SEAM_CURVE('',#1633,(#1637,#1644),.PCURVE_S1.);
#1633 = LINE('',#1634,#1635);
#1634 = CARTESIAN_POINT('',(785.,-50.,480.));
#1635 = VECTOR('',#1636,1.);
#1636 = DIRECTION('',(0.,0.,1.));
#1637 = PCURVE('',#1214,#1638);
#1638 = DEFINITIONAL_REPRESENTATION('',(#1639),#1643);
#1639 = LINE('',#1640,#1641);
#1640 = CARTESIAN_POINT('',(6.28318530718,-0.));
#1641 = VECTOR('',#1642,1.);
#1642 = DIRECTION('',(0.,1.));
#1643 = ( GEOMETRIC_REPRESENTATION_CONTEXT(2) 
PARAMETRIC_REPRESENTATION_CONTEXT() REPRESENTATION_CONTEXT('2D SPACE',''
  ) );
#1644 = PCURVE('',#1214,#1645);
#1645 = DEFINITIONAL_REPRESENTATION('',(#1646),#1650);
#1646 = LINE('',#1647,#1648);
#1647 = CARTESIAN_POINT('',(0.,-0.));
#1648 = VECTOR('',#1649,1.);
#1649 = DIRECTION('',(0.,1.));
#1650 = ( GEOMETRIC_REPRESENTATION_CONTEXT(2) 
PARAMETRIC_REPRESENTATION_CONTEXT() REPRESENTATION_CONTEXT('2D SPACE',''
  ) );
#1651 = ORIENTED_EDGE('',*,*,#1524,.T.);
#1652 = ORIENTED_EDGE('',*,*,#1631,.T.);
#1653 = ADVANCED_FACE('',(#1654),#1245,.F.);
#1654 = FACE_BOUND('',#1655,.F.);
#1655 = EDGE_LOOP('',(#1656,#1657,#1678,#1679));
#1656 = ORIENTED_EDGE('',*,*,#1228,.F.);
#1657 = ORIENTED_EDGE('',*,*,#1658,.F.);
#1658 = EDGE_CURVE('',#1551,#1229,#1659,.T.);
#1659 = SEAM_CURVE('',#1660,(#1664,#1671),.PCURVE_S1.);
#1660 = LINE('',#1661,#1662);
#1661 = CARTESIAN_POINT('',(685.,50.,480.));
#1662 = VECTOR('',#1663,1.);
#1663 = DIRECTION('',(0.,0.,1.));
#1664 = PCURVE('',#1245,#1665);
#1665 = DEFINITIONAL_REPRESENTATION('',(#1666),#1670);
#1666 = LINE('',#1667,#1668);
#1667 = CARTESIAN_POINT('',(6.28318530718,-0.));
#1668 = VECTOR('',#1669,1.);
#1669 = DIRECTION('',(0.,1.));
#1670 = ( GEOMETRIC_REPRESENTATION_CONTEXT(2) 
PARAMETRIC_REPRESENTATION_CONTEXT() REPRESENTATION_CONTEXT('2D SPACE',''
  ) );
#1671 = PCURVE('',#1245,#1672);
#1672 = DEFINITIONAL_REPRESENTATION('',(#1673),#1677);
#1673 = LINE('',#1674,#1675);
#1674 = CARTESIAN_POINT('',(0.,-0.));
#1675 = VECTOR('',#1676,1.);
#1676 = DIRECTION('',(0.,1.));
#1677 = ( GEOMETRIC_REPRESENTATION_CONTEXT(2) 
PARAMETRIC_REPRESENTATION_CONTEXT() REPRESENTATION_CONTEXT('2D SPACE',''
  ) );
#1678 = ORIENTED_EDGE('',*,*,#1550,.T.);
#1679 = ORIENTED_EDGE('',*,*,#1658,.T.);
#1680 = ADVANCED_FACE('',(#1681),#1276,.F.);
#1681 = FACE_BOUND('',#1682,.F.);
#1682 = EDGE_LOOP('',(#1683,#1684,#1705,#1706));
#1683 = ORIENTED_EDGE('',*,*,#1259,.F.);
#1684 = ORIENTED_EDGE('',*,*,#1685,.F.);
#1685 = EDGE_CURVE('',#1577,#1260,#1686,.T.);
#1686 = SEAM_CURVE('',#1687,(#1691,#1698),.PCURVE_S1.);
#1687 = LINE('',#1688,#1689);
#1688 = CARTESIAN_POINT('',(785.,50.,480.));
#1689 = VECTOR('',#1690,1.);
#1690 = DIRECTION('',(0.,0.,1.));
#1691 = PCURVE('',#1276,#1692);
#1692 = DEFINITIONAL_REPRESENTATION('',(#1693),#1697);
#1693 = LINE('',#1694,#1695);
#1694 = CARTESIAN_POINT('',(6.28318530718,-0.));
#1695 = VECTOR('',#1696,1.);
#1696 = DIRECTION('',(0.,1.));
#1697 = ( GEOMETRIC_REPRESENTATION_CONTEXT(2) 
PARAMETRIC_REPRESENTATION_CONTEXT() REPRESENTATION_CONTEXT('2D SPACE',''
  ) );
#1698 = PCURVE('',#1276,#1699);
#1699 = DEFINITIONAL_REPRESENTATION('',(#1700),#1704);
#1700 = LINE('',#1701,#1702);
#1701 = CARTESIAN_POINT('',(0.,-0.));
#1702 = VECTOR('',#1703,1.);
#1703 = DIRECTION('',(0.,1.));
#1704 = ( GEOMETRIC_REPRESENTATION_CONTEXT(2) 
PARAMETRIC_REPRESENTATION_CONTEXT() REPRESENTATION_CONTEXT('2D SPACE',''
  ) );
#1705 = ORIENTED_EDGE('',*,*,#1576,.T.);
#1706 = ORIENTED_EDGE('',*,*,#1685,.T.);
#1707 = ORIENTED_CLOSED_SHELL('',*,#1708,.F.);
#1708 = CLOSED_SHELL('',(#1709,#1825,#1900,#1948,#1996,#2022));
#1709 = ADVANCED_FACE('',(#1710),#1724,.T.);
#1710 = FACE_BOUND('',#1711,.T.);
#1711 = EDGE_LOOP('',(#1712,#1746,#1773,#1800));
#1712 = ORIENTED_EDGE('',*,*,#1713,.F.);
#1713 = EDGE_CURVE('',#1714,#1716,#1718,.T.);
#1714 = VERTEX_POINT('',#1715);
#1715 = CARTESIAN_POINT('',(752.,-22.,1.51385E+03));
#1716 = VERTEX_POINT('',#1717);
#1717 = CARTESIAN_POINT('',(708.,-22.,1.51385E+03));
#1718 = SURFACE_CURVE('',#1719,(#1723,#1735),.PCURVE_S1.);
#1719 = LINE('',#1720,#1721);
#1720 = CARTESIAN_POINT('',(706.5,-22.,1.51385E+03));
#1721 = VECTOR('',#1722,1.);
#1722 = DIRECTION('',(-1.,-0.,0.));
#1723 = PCURVE('',#1724,#1729);
#1724 = PLANE('',#1725);
#1725 = AXIS2_PLACEMENT_3D('',#1726,#1727,#1728);
#1726 = CARTESIAN_POINT('',(690.,-30.,1.51385E+03));
#1727 = DIRECTION('',(0.,0.,1.));
#1728 = DIRECTION('',(1.,0.,-0.));
#1729 = DEFINITIONAL_REPRESENTATION('',(#1730),#1734);
#1730 = LINE('',#1731,#1732);
#1731 = CARTESIAN_POINT('',(16.5,8.));
#1732 = VECTOR('',#1733,1.);
#1733 = DIRECTION('',(-1.,0.));
#1734 = ( GEOMETRIC_REPRESENTATION_CONTEXT(2) 
PARAMETRIC_REPRESENTATION_CONTEXT() REPRESENTATION_CONTEXT('2D SPACE',''
  ) );
#1735 = PCURVE('',#1736,#1741);
#1736 = PLANE('',#1737);
#1737 = AXIS2_PLACEMENT_3D('',#1738,#1739,#1740);
#1738 = CARTESIAN_POINT('',(708.,-22.,509.));
#1739 = DIRECTION('',(-0.,1.,0.));
#1740 = DIRECTION('',(0.,0.,1.));
#1741 = DEFINITIONAL_REPRESENTATION('',(#1742),#1745);
#1742 = B_SPLINE_CURVE_WITH_KNOTS('',1,(#1743,#1744),.UNSPECIFIED.,.F.,
  .F.,(2,2),(-45.5,-1.5),.PIECEWISE_BEZIER_KNOTS.);
#1743 = CARTESIAN_POINT('',(1.00485E+03,44.));
#1744 = CARTESIAN_POINT('',(1.00485E+03,0.));
#1745 = ( GEOMETRIC_REPRESENTATION_CONTEXT(2) 
PARAMETRIC_REPRESENTATION_CONTEXT() REPRESENTATION_CONTEXT('2D SPACE',''
  ) );
#1746 = ORIENTED_EDGE('',*,*,#1747,.T.);
#1747 = EDGE_CURVE('',#1714,#1748,#1750,.T.);
#1748 = VERTEX_POINT('',#1749);
#1749 = CARTESIAN_POINT('',(752.,22.,1.51385E+03));
#1750 = SURFACE_CURVE('',#1751,(#1755,#1762),.PCURVE_S1.);
#1751 = LINE('',#1752,#1753);
#1752 = CARTESIAN_POINT('',(752.,-23.5,1.51385E+03));
#1753 = VECTOR('',#1754,1.);
#1754 = DIRECTION('',(-0.,1.,0.));
#1755 = PCURVE('',#1724,#1756);
#1756 = DEFINITIONAL_REPRESENTATION('',(#1757),#1761);
#1757 = LINE('',#1758,#1759);
#1758 = CARTESIAN_POINT('',(62.,6.5));
#1759 = VECTOR('',#1760,1.);
#1760 = DIRECTION('',(0.,1.));
#1761 = ( GEOMETRIC_REPRESENTATION_CONTEXT(2) 
PARAMETRIC_REPRESENTATION_CONTEXT() REPRESENTATION_CONTEXT('2D SPACE',''
  ) );
#1762 = PCURVE('',#1763,#1768);
#1763 = PLANE('',#1764);
#1764 = AXIS2_PLACEMENT_3D('',#1765,#1766,#1767);
#1765 = CARTESIAN_POINT('',(752.,-22.,509.));
#1766 = DIRECTION('',(1.,0.,-0.));
#1767 = DIRECTION('',(0.,0.,1.));
#1768 = DEFINITIONAL_REPRESENTATION('',(#1769),#1772);
#1769 = B_SPLINE_CURVE_WITH_KNOTS('',1,(#1770,#1771),.UNSPECIFIED.,.F.,
  .F.,(2,2),(1.5,45.5),.PIECEWISE_BEZIER_KNOTS.);
#1770 = CARTESIAN_POINT('',(1.00485E+03,0.));
#1771 = CARTESIAN_POINT('',(1.00485E+03,-44.));
#1772 = ( GEOMETRIC_REPRESENTATION_CONTEXT(2) 
PARAMETRIC_REPRESENTATION_CONTEXT() REPRESENTATION_CONTEXT('2D SPACE',''
  ) );
#1773 = ORIENTED_EDGE('',*,*,#1774,.T.);
#1774 = EDGE_CURVE('',#1748,#1775,#1777,.T.);
#1775 = VERTEX_POINT('',#1776);
#1776 = CARTESIAN_POINT('',(708.,22.,1.51385E+03));
#1777 = SURFACE_CURVE('',#1778,(#1782,#1789),.PCURVE_S1.);
#1778 = LINE('',#1779,#1780);
#1779 = CARTESIAN_POINT('',(706.5,22.,1.51385E+03));
#1780 = VECTOR('',#1781,1.);
#1781 = DIRECTION('',(-1.,-0.,0.));
#1782 = PCURVE('',#1724,#1783);
#1783 = DEFINITIONAL_REPRESENTATION('',(#1784),#1788);
#1784 = LINE('',#1785,#1786);
#1785 = CARTESIAN_POINT('',(16.5,52.));
#1786 = VECTOR('',#1787,1.);
#1787 = DIRECTION('',(-1.,0.));
#1788 = ( GEOMETRIC_REPRESENTATION_CONTEXT(2) 
PARAMETRIC_REPRESENTATION_CONTEXT() REPRESENTATION_CONTEXT('2D SPACE',''
  ) );
#1789 = PCURVE('',#1790,#1795);
#1790 = PLANE('',#1791);
#1791 = AXIS2_PLACEMENT_3D('',#1792,#1793,#1794);
#1792 = CARTESIAN_POINT('',(708.,22.,509.));
#1793 = DIRECTION('',(-0.,1.,0.));
#1794 = DIRECTION('',(0.,0.,1.));
#1795 = DEFINITIONAL_REPRESENTATION('',(#1796),#1799);
#1796 = B_SPLINE_CURVE_WITH_KNOTS('',1,(#1797,#1798),.UNSPECIFIED.,.F.,
  .F.,(2,2),(-45.5,-1.5),.PIECEWISE_BEZIER_KNOTS.);
#1797 = CARTESIAN_POINT('',(1.00485E+03,44.));
#1798 = CARTESIAN_POINT('',(1.00485E+03,0.));
#1799 = ( GEOMETRIC_REPRESENTATION_CONTEXT(2) 
PARAMETRIC_REPRESENTATION_CONTEXT() REPRESENTATION_CONTEXT('2D SPACE',''
  ) );
#1800 = ORIENTED_EDGE('',*,*,#1801,.F.);
#1801 = EDGE_CURVE('',#1716,#1775,#1802,.T.);
#1802 = SURFACE_CURVE('',#1803,(#1807,#1814),.PCURVE_S1.);
#1803 = LINE('',#1804,#1805);
#1804 = CARTESIAN_POINT('',(708.,-23.5,1.51385E+03));
#1805 = VECTOR('',#1806,1.);
#1806 = DIRECTION('',(-0.,1.,0.));
#1807 = PCURVE('',#1724,#1808);
#1808 = DEFINITIONAL_REPRESENTATION('',(#1809),#1813);
#1809 = LINE('',#1810,#1811);
#1810 = CARTESIAN_POINT('',(18.,6.5));
#1811 = VECTOR('',#1812,1.);
#1812 = DIRECTION('',(0.,1.));
#1813 = ( GEOMETRIC_REPRESENTATION_CONTEXT(2) 
PARAMETRIC_REPRESENTATION_CONTEXT() REPRESENTATION_CONTEXT('2D SPACE',''
  ) );
#1814 = PCURVE('',#1815,#1820);
#1815 = PLANE('',#1816);
#1816 = AXIS2_PLACEMENT_3D('',#1817,#1818,#1819);
#1817 = CARTESIAN_POINT('',(708.,-22.,509.));
#1818 = DIRECTION('',(1.,0.,-0.));
#1819 = DIRECTION('',(0.,0.,1.));
#1820 = DEFINITIONAL_REPRESENTATION('',(#1821),#1824);
#1821 = B_SPLINE_CURVE_WITH_KNOTS('',1,(#1822,#1823),.UNSPECIFIED.,.F.,
  .F.,(2,2),(1.5,45.5),.PIECEWISE_BEZIER_KNOTS.);
#1822 = CARTESIAN_POINT('',(1.00485E+03,0.));
#1823 = CARTESIAN_POINT('',(1.00485E+03,-44.));
#1824 = ( GEOMETRIC_REPRESENTATION_CONTEXT(2) 
PARAMETRIC_REPRESENTATION_CONTEXT() REPRESENTATION_CONTEXT('2D SPACE',''
  ) );
#1825 = ADVANCED_FACE('',(#1826),#1736,.F.);
#1826 = FACE_BOUND('',#1827,.F.);
#1827 = EDGE_LOOP('',(#1828,#1851,#1878,#1899));
#1828 = ORIENTED_EDGE('',*,*,#1829,.F.);
#1829 = EDGE_CURVE('',#1830,#1714,#1832,.T.);
#1830 = VERTEX_POINT('',#1831);
#1831 = CARTESIAN_POINT('',(752.,-22.,510.));
#1832 = SURFACE_CURVE('',#1833,(#1837,#1844),.PCURVE_S1.);
#1833 = LINE('',#1834,#1835);
#1834 = CARTESIAN_POINT('',(752.,-22.,509.));
#1835 = VECTOR('',#1836,1.);
#1836 = DIRECTION('',(0.,0.,1.));
#1837 = PCURVE('',#1736,#1838);
#1838 = DEFINITIONAL_REPRESENTATION('',(#1839),#1843);
#1839 = LINE('',#1840,#1841);
#1840 = CARTESIAN_POINT('',(0.,44.));
#1841 = VECTOR('',#1842,1.);
#1842 = DIRECTION('',(1.,0.));
#1843 = ( GEOMETRIC_REPRESENTATION_CONTEXT(2) 
PARAMETRIC_REPRESENTATION_CONTEXT() REPRESENTATION_CONTEXT('2D SPACE',''
  ) );
#1844 = PCURVE('',#1763,#1845);
#1845 = DEFINITIONAL_REPRESENTATION('',(#1846),#1850);
#1846 = LINE('',#1847,#1848);
#1847 = CARTESIAN_POINT('',(0.,0.));
#1848 = VECTOR('',#1849,1.);
#1849 = DIRECTION('',(1.,0.));
#1850 = ( GEOMETRIC_REPRESENTATION_CONTEXT(2) 
PARAMETRIC_REPRESENTATION_CONTEXT() REPRESENTATION_CONTEXT('2D SPACE',''
  ) );
#1851 = ORIENTED_EDGE('',*,*,#1852,.T.);
#1852 = EDGE_CURVE('',#1830,#1853,#1855,.T.);
#1853 = VERTEX_POINT('',#1854);
#1854 = CARTESIAN_POINT('',(708.,-22.,510.));
#1855 = SURFACE_CURVE('',#1856,(#1860,#1866),.PCURVE_S1.);
#1856 = LINE('',#1857,#1858);
#1857 = CARTESIAN_POINT('',(706.5,-22.,510.));
#1858 = VECTOR('',#1859,1.);
#1859 = DIRECTION('',(-1.,-0.,0.));
#1860 = PCURVE('',#1736,#1861);
#1861 = DEFINITIONAL_REPRESENTATION('',(#1862),#1865);
#1862 = B_SPLINE_CURVE_WITH_KNOTS('',1,(#1863,#1864),.UNSPECIFIED.,.F.,
  .F.,(2,2),(-45.5,-1.5),.PIECEWISE_BEZIER_KNOTS.);
#1863 = CARTESIAN_POINT('',(1.,44.));
#1864 = CARTESIAN_POINT('',(1.,0.));
#1865 = ( GEOMETRIC_REPRESENTATION_CONTEXT(2) 
PARAMETRIC_REPRESENTATION_CONTEXT() REPRESENTATION_CONTEXT('2D SPACE',''
  ) );
#1866 = PCURVE('',#1867,#1872);
#1867 = PLANE('',#1868);
#1868 = AXIS2_PLACEMENT_3D('',#1869,#1870,#1871);
#1869 = CARTESIAN_POINT('',(655.,-75.,510.));
#1870 = DIRECTION('',(0.,0.,1.));
#1871 = DIRECTION('',(1.,0.,-0.));
#1872 = DEFINITIONAL_REPRESENTATION('',(#1873),#1877);
#1873 = LINE('',#1874,#1875);
#1874 = CARTESIAN_POINT('',(51.5,53.));
#1875 = VECTOR('',#1876,1.);
#1876 = DIRECTION('',(-1.,0.));
#1877 = ( GEOMETRIC_REPRESENTATION_CONTEXT(2) 
PARAMETRIC_REPRESENTATION_CONTEXT() REPRESENTATION_CONTEXT('2D SPACE',''
  ) );
#1878 = ORIENTED_EDGE('',*,*,#1879,.T.);
#1879 = EDGE_CURVE('',#1853,#1716,#1880,.T.);
#1880 = SURFACE_CURVE('',#1881,(#1885,#1892),.PCURVE_S1.);
#1881 = LINE('',#1882,#1883);
#1882 = CARTESIAN_POINT('',(708.,-22.,509.));
#1883 = VECTOR('',#1884,1.);
#1884 = DIRECTION('',(0.,0.,1.));
#1885 = PCURVE('',#1736,#1886);
#1886 = DEFINITIONAL_REPRESENTATION('',(#1887),#1891);
#1887 = LINE('',#1888,#1889);
#1888 = CARTESIAN_POINT('',(0.,0.));
#1889 = VECTOR('',#1890,1.);
#1890 = DIRECTION('',(1.,0.));
#1891 = ( GEOMETRIC_REPRESENTATION_CONTEXT(2) 
PARAMETRIC_REPRESENTATION_CONTEXT() REPRESENTATION_CONTEXT('2D SPACE',''
  ) );
#1892 = PCURVE('',#1815,#1893);
#1893 = DEFINITIONAL_REPRESENTATION('',(#1894),#1898);
#1894 = LINE('',#1895,#1896);
#1895 = CARTESIAN_POINT('',(0.,0.));
#1896 = VECTOR('',#1897,1.);
#1897 = DIRECTION('',(1.,0.));
#1898 = ( GEOMETRIC_REPRESENTATION_CONTEXT(2) 
PARAMETRIC_REPRESENTATION_CONTEXT() REPRESENTATION_CONTEXT('2D SPACE',''
  ) );
#1899 = ORIENTED_EDGE('',*,*,#1713,.F.);
#1900 = ADVANCED_FACE('',(#1901),#1815,.F.);
#1901 = FACE_BOUND('',#1902,.F.);
#1902 = EDGE_LOOP('',(#1903,#1904,#1926,#1947));
#1903 = ORIENTED_EDGE('',*,*,#1879,.F.);
#1904 = ORIENTED_EDGE('',*,*,#1905,.T.);
#1905 = EDGE_CURVE('',#1853,#1906,#1908,.T.);
#1906 = VERTEX_POINT('',#1907);
#1907 = CARTESIAN_POINT('',(708.,22.,510.));
#1908 = SURFACE_CURVE('',#1909,(#1913,#1919),.PCURVE_S1.);
#1909 = LINE('',#1910,#1911);
#1910 = CARTESIAN_POINT('',(708.,-23.5,510.));
#1911 = VECTOR('',#1912,1.);
#1912 = DIRECTION('',(-0.,1.,0.));
#1913 = PCURVE('',#1815,#1914);
#1914 = DEFINITIONAL_REPRESENTATION('',(#1915),#1918);
#1915 = B_SPLINE_CURVE_WITH_KNOTS('',1,(#1916,#1917),.UNSPECIFIED.,.F.,
  .F.,(2,2),(1.5,45.5),.PIECEWISE_BEZIER_KNOTS.);
#1916 = CARTESIAN_POINT('',(1.,0.));
#1917 = CARTESIAN_POINT('',(1.,-44.));
#1918 = ( GEOMETRIC_REPRESENTATION_CONTEXT(2) 
PARAMETRIC_REPRESENTATION_CONTEXT() REPRESENTATION_CONTEXT('2D SPACE',''
  ) );
#1919 = PCURVE('',#1867,#1920);
#1920 = DEFINITIONAL_REPRESENTATION('',(#1921),#1925);
#1921 = LINE('',#1922,#1923);
#1922 = CARTESIAN_POINT('',(53.,51.5));
#1923 = VECTOR('',#1924,1.);
#1924 = DIRECTION('',(0.,1.));
#1925 = ( GEOMETRIC_REPRESENTATION_CONTEXT(2) 
PARAMETRIC_REPRESENTATION_CONTEXT() REPRESENTATION_CONTEXT('2D SPACE',''
  ) );
#1926 = ORIENTED_EDGE('',*,*,#1927,.T.);
#1927 = EDGE_CURVE('',#1906,#1775,#1928,.T.);
#1928 = SURFACE_CURVE('',#1929,(#1933,#1940),.PCURVE_S1.);
#1929 = LINE('',#1930,#1931);
#1930 = CARTESIAN_POINT('',(708.,22.,509.));
#1931 = VECTOR('',#1932,1.);
#1932 = DIRECTION('',(0.,0.,1.));
#1933 = PCURVE('',#1815,#1934);
#1934 = DEFINITIONAL_REPRESENTATION('',(#1935),#1939);
#1935 = LINE('',#1936,#1937);
#1936 = CARTESIAN_POINT('',(0.,-44.));
#1937 = VECTOR('',#1938,1.);
#1938 = DIRECTION('',(1.,0.));
#1939 = ( GEOMETRIC_REPRESENTATION_CONTEXT(2) 
PARAMETRIC_REPRESENTATION_CONTEXT() REPRESENTATION_CONTEXT('2D SPACE',''
  ) );
#1940 = PCURVE('',#1790,#1941);
#1941 = DEFINITIONAL_REPRESENTATION('',(#1942),#1946);
#1942 = LINE('',#1943,#1944);
#1943 = CARTESIAN_POINT('',(0.,0.));
#1944 = VECTOR('',#1945,1.);
#1945 = DIRECTION('',(1.,0.));
#1946 = ( GEOMETRIC_REPRESENTATION_CONTEXT(2) 
PARAMETRIC_REPRESENTATION_CONTEXT() REPRESENTATION_CONTEXT('2D SPACE',''
  ) );
#1947 = ORIENTED_EDGE('',*,*,#1801,.F.);
#1948 = ADVANCED_FACE('',(#1949),#1790,.T.);
#1949 = FACE_BOUND('',#1950,.T.);
#1950 = EDGE_LOOP('',(#1951,#1974,#1994,#1995));
#1951 = ORIENTED_EDGE('',*,*,#1952,.F.);
#1952 = EDGE_CURVE('',#1953,#1748,#1955,.T.);
#1953 = VERTEX_POINT('',#1954);
#1954 = CARTESIAN_POINT('',(752.,22.,510.));
#1955 = SURFACE_CURVE('',#1956,(#1960,#1967),.PCURVE_S1.);
#1956 = LINE('',#1957,#1958);
#1957 = CARTESIAN_POINT('',(752.,22.,509.));
#1958 = VECTOR('',#1959,1.);
#1959 = DIRECTION('',(0.,0.,1.));
#1960 = PCURVE('',#1790,#1961);
#1961 = DEFINITIONAL_REPRESENTATION('',(#1962),#1966);
#1962 = LINE('',#1963,#1964);
#1963 = CARTESIAN_POINT('',(0.,44.));
#1964 = VECTOR('',#1965,1.);
#1965 = DIRECTION('',(1.,0.));
#1966 = ( GEOMETRIC_REPRESENTATION_CONTEXT(2) 
PARAMETRIC_REPRESENTATION_CONTEXT() REPRESENTATION_CONTEXT('2D SPACE',''
  ) );
#1967 = PCURVE('',#1763,#1968);
#1968 = DEFINITIONAL_REPRESENTATION('',(#1969),#1973);
#1969 = LINE('',#1970,#1971);
#1970 = CARTESIAN_POINT('',(0.,-44.));
#1971 = VECTOR('',#1972,1.);
#1972 = DIRECTION('',(1.,0.));
#1973 = ( GEOMETRIC_REPRESENTATION_CONTEXT(2) 
PARAMETRIC_REPRESENTATION_CONTEXT() REPRESENTATION_CONTEXT('2D SPACE',''
  ) );
#1974 = ORIENTED_EDGE('',*,*,#1975,.T.);
#1975 = EDGE_CURVE('',#1953,#1906,#1976,.T.);
#1976 = SURFACE_CURVE('',#1977,(#1981,#1987),.PCURVE_S1.);
#1977 = LINE('',#1978,#1979);
#1978 = CARTESIAN_POINT('',(706.5,22.,510.));
#1979 = VECTOR('',#1980,1.);
#1980 = DIRECTION('',(-1.,-0.,0.));
#1981 = PCURVE('',#1790,#1982);
#1982 = DEFINITIONAL_REPRESENTATION('',(#1983),#1986);
#1983 = B_SPLINE_CURVE_WITH_KNOTS('',1,(#1984,#1985),.UNSPECIFIED.,.F.,
  .F.,(2,2),(-45.5,-1.5),.PIECEWISE_BEZIER_KNOTS.);
#1984 = CARTESIAN_POINT('',(1.,44.));
#1985 = CARTESIAN_POINT('',(1.,0.));
#1986 = ( GEOMETRIC_REPRESENTATION_CONTEXT(2) 
PARAMETRIC_REPRESENTATION_CONTEXT() REPRESENTATION_CONTEXT('2D SPACE',''
  ) );
#1987 = PCURVE('',#1867,#1988);
#1988 = DEFINITIONAL_REPRESENTATION('',(#1989),#1993);
#1989 = LINE('',#1990,#1991);
#1990 = CARTESIAN_POINT('',(51.5,97.));
#1991 = VECTOR('',#1992,1.);
#1992 = DIRECTION('',(-1.,0.));
#1993 = ( GEOMETRIC_REPRESENTATION_CONTEXT(2) 
PARAMETRIC_REPRESENTATION_CONTEXT() REPRESENTATION_CONTEXT('2D SPACE',''
  ) );
#1994 = ORIENTED_EDGE('',*,*,#1927,.T.);
#1995 = ORIENTED_EDGE('',*,*,#1774,.F.);
#1996 = ADVANCED_FACE('',(#1997),#1763,.T.);
#1997 = FACE_BOUND('',#1998,.T.);
#1998 = EDGE_LOOP('',(#1999,#2000,#2020,#2021));
#1999 = ORIENTED_EDGE('',*,*,#1829,.F.);
#2000 = ORIENTED_EDGE('',*,*,#2001,.T.);
#2001 = EDGE_CURVE('',#1830,#1953,#2002,.T.);
#2002 = SURFACE_CURVE('',#2003,(#2007,#2013),.PCURVE_S1.);
#2003 = LINE('',#2004,#2005);
#2004 = CARTESIAN_POINT('',(752.,-23.5,510.));
#2005 = VECTOR('',#2006,1.);
#2006 = DIRECTION('',(-0.,1.,0.));
#2007 = PCURVE('',#1763,#2008);
#2008 = DEFINITIONAL_REPRESENTATION('',(#2009),#2012);
#2009 = B_SPLINE_CURVE_WITH_KNOTS('',1,(#2010,#2011),.UNSPECIFIED.,.F.,
  .F.,(2,2),(1.5,45.5),.PIECEWISE_BEZIER_KNOTS.);
#2010 = CARTESIAN_POINT('',(1.,0.));
#2011 = CARTESIAN_POINT('',(1.,-44.));
#2012 = ( GEOMETRIC_REPRESENTATION_CONTEXT(2) 
PARAMETRIC_REPRESENTATION_CONTEXT() REPRESENTATION_CONTEXT('2D SPACE',''
  ) );
#2013 = PCURVE('',#1867,#2014);
#2014 = DEFINITIONAL_REPRESENTATION('',(#2015),#2019);
#2015 = LINE('',#2016,#2017);
#2016 = CARTESIAN_POINT('',(97.,51.5));
#2017 = VECTOR('',#2018,1.);
#2018 = DIRECTION('',(0.,1.));
#2019 = ( GEOMETRIC_REPRESENTATION_CONTEXT(2) 
PARAMETRIC_REPRESENTATION_CONTEXT() REPRESENTATION_CONTEXT('2D SPACE',''
  ) );
#2020 = ORIENTED_EDGE('',*,*,#1952,.T.);
#2021 = ORIENTED_EDGE('',*,*,#1747,.F.);
#2022 = ADVANCED_FACE('',(#2023),#1867,.F.);
#2023 = FACE_BOUND('',#2024,.F.);
#2024 = EDGE_LOOP('',(#2025,#2026,#2027,#2028));
#2025 = ORIENTED_EDGE('',*,*,#1852,.F.);
#2026 = ORIENTED_EDGE('',*,*,#2001,.T.);
#2027 = ORIENTED_EDGE('',*,*,#1975,.T.);
#2028 = ORIENTED_EDGE('',*,*,#1905,.F.);
#2029 = ( GEOMETRIC_REPRESENTATION_CONTEXT(3) 
GLOBAL_UNCERTAINTY_ASSIGNED_CONTEXT((#2033)) 
GLOBAL_UNIT_ASSIGNED_CONTEXT((#2030,#2031,#2032)) REPRESENTATION_CONTEXT
('Context #1','3D Context with UNIT and UNCERTAINTY') );
#2030 = ( LENGTH_UNIT() NAMED_UNIT(*) SI_UNIT(.MILLI.,.METRE.) );
#2031 = ( NAMED_UNIT(*) PLANE_ANGLE_UNIT() SI_UNIT($,.RADIAN.) );
#2032 = ( NAMED_UNIT(*) SI_UNIT($,.STERADIAN.) SOLID_ANGLE_UNIT() );
#2033 = UNCERTAINTY_MEASURE_WITH_UNIT(LENGTH_MEASURE(1.E-07),#2030,
  'distance_accuracy_value','confusion accuracy');
#2034 = CONTEXT_DEPENDENT_SHAPE_REPRESENTATION(#2035,#2037);
#2035 = ( REPRESENTATION_RELATIONSHIP('','',#60,#10) 
REPRESENTATION_RELATIONSHIP_WITH_TRANSFORMATION(#2036) 
SHAPE_REPRESENTATION_RELATIONSHIP() );
#2036 = ITEM_DEFINED_TRANSFORMATION('','',#11,#15);
#2037 = PRODUCT_DEFINITION_SHAPE('Placement','Placement of an item',
  #2038);
#2038 = NEXT_ASSEMBLY_USAGE_OCCURRENCE('17','=>[0:1:1:2]','',#5,#55,$);
#2039 = PRODUCT_RELATED_PRODUCT_CATEGORY('part',$,(#57));
#2040 = SHAPE_DEFINITION_REPRESENTATION(#2041,#2047);
#2041 = PRODUCT_DEFINITION_SHAPE('','',#2042);
#2042 = PRODUCT_DEFINITION('design','',#2043,#2046);
#2043 = PRODUCT_DEFINITION_FORMATION('','',#2044);
#2044 = PRODUCT('COMPOUND','COMPOUND','',(#2045));
#2045 = PRODUCT_CONTEXT('',#2,'mechanical');
#2046 = PRODUCT_DEFINITION_CONTEXT('part definition',#2,'design');
#2047 = ADVANCED_BREP_SHAPE_REPRESENTATION('',(#11,#2048),#2839);
#2048 = MANIFOLD_SOLID_BREP('',#2049);
#2049 = CLOSED_SHELL('',(#2050,#2363,#2367,#2371,#2426,#2461,#2702,#2726
    ,#2778,#2835));
#2050 = ADVANCED_FACE('',(#2051,#2138),#2065,.T.);
#2051 = FACE_BOUND('',#2052,.T.);
#2052 = EDGE_LOOP('',(#2053,#2083,#2110,#2111));
#2053 = ORIENTED_EDGE('',*,*,#2054,.T.);
#2054 = EDGE_CURVE('',#2055,#2057,#2059,.T.);
#2055 = VERTEX_POINT('',#2056);
#2056 = CARTESIAN_POINT('',(760.15,150.,1.55E+03));
#2057 = VERTEX_POINT('',#2058);
#2058 = CARTESIAN_POINT('',(760.15,-150.,1.55E+03));
#2059 = SEAM_CURVE('',#2060,(#2064,#2076),.PCURVE_S1.);
#2060 = LINE('',#2061,#2062);
#2061 = CARTESIAN_POINT('',(760.15,150.,1.55E+03));
#2062 = VECTOR('',#2063,1.);
#2063 = DIRECTION('',(0.,-1.,2.22044604925E-16));
#2064 = PCURVE('',#2065,#2070);
#2065 = CYLINDRICAL_SURFACE('',#2066,30.15);
#2066 = AXIS2_PLACEMENT_3D('',#2067,#2068,#2069);
#2067 = CARTESIAN_POINT('',(730.,150.,1.55E+03));
#2068 = DIRECTION('',(0.,-1.,2.22044604925E-16));
#2069 = DIRECTION('',(1.,0.,0.));
#2070 = DEFINITIONAL_REPRESENTATION('',(#2071),#2075);
#2071 = LINE('',#2072,#2073);
#2072 = CARTESIAN_POINT('',(6.28318530718,-0.));
#2073 = VECTOR('',#2074,1.);
#2074 = DIRECTION('',(0.,1.));
#2075 = ( GEOMETRIC_REPRESENTATION_CONTEXT(2) 
PARAMETRIC_REPRESENTATION_CONTEXT() REPRESENTATION_CONTEXT('2D SPACE',''
  ) );
#2076 = PCURVE('',#2065,#2077);
#2077 = DEFINITIONAL_REPRESENTATION('',(#2078),#2082);
#2078 = LINE('',#2079,#2080);
#2079 = CARTESIAN_POINT('',(0.,-0.));
#2080 = VECTOR('',#2081,1.);
#2081 = DIRECTION('',(0.,1.));
#2082 = ( GEOMETRIC_REPRESENTATION_CONTEXT(2) 
PARAMETRIC_REPRESENTATION_CONTEXT() REPRESENTATION_CONTEXT('2D SPACE',''
  ) );
#2083 = ORIENTED_EDGE('',*,*,#2084,.F.);
#2084 = EDGE_CURVE('',#2057,#2057,#2085,.T.);
#2085 = SURFACE_CURVE('',#2086,(#2091,#2098),.PCURVE_S1.);
#2086 = CIRCLE('',#2087,30.15);
#2087 = AXIS2_PLACEMENT_3D('',#2088,#2089,#2090);
#2088 = CARTESIAN_POINT('',(730.,-150.,1.55E+03));
#2089 = DIRECTION('',(0.,-1.,2.22044604925E-16));
#2090 = DIRECTION('',(1.,0.,0.));
#2091 = PCURVE('',#2065,#2092);
#2092 = DEFINITIONAL_REPRESENTATION('',(#2093),#2097);
#2093 = LINE('',#2094,#2095);
#2094 = CARTESIAN_POINT('',(0.,300.));
#2095 = VECTOR('',#2096,1.);
#2096 = DIRECTION('',(1.,0.));
#2097 = ( GEOMETRIC_REPRESENTATION_CONTEXT(2) 
PARAMETRIC_REPRESENTATION_CONTEXT() REPRESENTATION_CONTEXT('2D SPACE',''
  ) );
#2098 = PCURVE('',#2099,#2104);
#2099 = PLANE('',#2100);
#2100 = AXIS2_PLACEMENT_3D('',#2101,#2102,#2103);
#2101 = CARTESIAN_POINT('',(730.,-150.,1.55E+03));
#2102 = DIRECTION('',(0.,-1.,2.22044604925E-16));
#2103 = DIRECTION('',(1.,0.,0.));
#2104 = DEFINITIONAL_REPRESENTATION('',(#2105),#2109);
#2105 = CIRCLE('',#2106,30.15);
#2106 = AXIS2_PLACEMENT_2D('',#2107,#2108);
#2107 = CARTESIAN_POINT('',(0.,0.));
#2108 = DIRECTION('',(1.,0.));
#2109 = ( GEOMETRIC_REPRESENTATION_CONTEXT(2) 
PARAMETRIC_REPRESENTATION_CONTEXT() REPRESENTATION_CONTEXT('2D SPACE',''
  ) );
#2110 = ORIENTED_EDGE('',*,*,#2054,.F.);
#2111 = ORIENTED_EDGE('',*,*,#2112,.T.);
#2112 = EDGE_CURVE('',#2055,#2055,#2113,.T.);
#2113 = SURFACE_CURVE('',#2114,(#2119,#2126),.PCURVE_S1.);
#2114 = CIRCLE('',#2115,30.15);
#2115 = AXIS2_PLACEMENT_3D('',#2116,#2117,#2118);
#2116 = CARTESIAN_POINT('',(730.,150.,1.55E+03));
#2117 = DIRECTION('',(0.,-1.,2.22044604925E-16));
#2118 = DIRECTION('',(1.,0.,0.));
#2119 = PCURVE('',#2065,#2120);
#2120 = DEFINITIONAL_REPRESENTATION('',(#2121),#2125);
#2121 = LINE('',#2122,#2123);
#2122 = CARTESIAN_POINT('',(0.,0.));
#2123 = VECTOR('',#2124,1.);
#2124 = DIRECTION('',(1.,0.));
#2125 = ( GEOMETRIC_REPRESENTATION_CONTEXT(2) 
PARAMETRIC_REPRESENTATION_CONTEXT() REPRESENTATION_CONTEXT('2D SPACE',''
  ) );
#2126 = PCURVE('',#2127,#2132);
#2127 = PLANE('',#2128);
#2128 = AXIS2_PLACEMENT_3D('',#2129,#2130,#2131);
#2129 = CARTESIAN_POINT('',(730.,150.,1.55E+03));
#2130 = DIRECTION('',(0.,-1.,2.22044604925E-16));
#2131 = DIRECTION('',(1.,0.,0.));
#2132 = DEFINITIONAL_REPRESENTATION('',(#2133),#2137);
#2133 = CIRCLE('',#2134,30.15);
#2134 = AXIS2_PLACEMENT_2D('',#2135,#2136);
#2135 = CARTESIAN_POINT('',(0.,0.));
#2136 = DIRECTION('',(1.,0.));
#2137 = ( GEOMETRIC_REPRESENTATION_CONTEXT(2) 
PARAMETRIC_REPRESENTATION_CONTEXT() REPRESENTATION_CONTEXT('2D SPACE',''
  ) );
#2138 = FACE_BOUND('',#2139,.T.);
#2139 = EDGE_LOOP('',(#2140));
#2140 = ORIENTED_EDGE('',*,*,#2141,.F.);
#2141 = EDGE_CURVE('',#2142,#2142,#2144,.T.);
#2142 = VERTEX_POINT('',#2143);
#2143 = CARTESIAN_POINT('',(737.,-70.,1.579326140217E+03));
#2144 = SURFACE_CURVE('',#2145,(#2214,#2286),.PCURVE_S1.);
#2145 = B_SPLINE_CURVE_WITH_KNOTS('',7,(#2146,#2147,#2148,#2149,#2150,
    #2151,#2152,#2153,#2154,#2155,#2156,#2157,#2158,#2159,#2160,#2161,
    #2162,#2163,#2164,#2165,#2166,#2167,#2168,#2169,#2170,#2171,#2172,
    #2173,#2174,#2175,#2176,#2177,#2178,#2179,#2180,#2181,#2182,#2183,
    #2184,#2185,#2186,#2187,#2188,#2189,#2190,#2191,#2192,#2193,#2194,
    #2195,#2196,#2197,#2198,#2199,#2200,#2201,#2202,#2203,#2204,#2205,
    #2206,#2207,#2208,#2209,#2210,#2211,#2212,#2213),.UNSPECIFIED.,.T.,
  .F.,(8,6,6,6,6,6,6,6,6,6,6,8),(0.,0.105018441182,0.205630849155,
    0.279618975028,0.361682415582,0.442670240864,0.577613345648,
    0.67673382162,0.750062353515,0.823390885469,0.906754137737,1.),
  .UNSPECIFIED.);
#2146 = CARTESIAN_POINT('',(737.,-70.,1.579326140217E+03));
#2147 = CARTESIAN_POINT('',(737.,-69.43054365024,1.579326140217E+03));
#2148 = CARTESIAN_POINT('',(736.94595391336,-68.86147703777,
    1.579339041087E+03));
#2149 = CARTESIAN_POINT('',(736.83799026945,-68.29587980537,
    1.579364810222E+03));
#2150 = CARTESIAN_POINT('',(736.67538257975,-67.73699417623,
    1.579402962448E+03));
#2151 = CARTESIAN_POINT('',(736.45665952267,-67.18856497583,
    1.579452524708E+03));
#2152 = CARTESIAN_POINT('',(736.17972853018,-66.65533862865,
    1.579511895167E+03));
#2153 = CARTESIAN_POINT('',(735.51846583657,-65.65356846771,
    1.579642499912E+03));
#2154 = CARTESIAN_POINT('',(735.1377753048,-65.18120008575,
    1.579713399077E+03));
#2155 = CARTESIAN_POINT('',(734.6974274986,-64.73346168891,
    1.579789103771E+03));
#2156 = CARTESIAN_POINT('',(734.19526225686,-64.31892381007,
    1.57986648002E+03));
#2157 = CARTESIAN_POINT('',(733.62984996736,-63.9481164635,
    1.579941324916E+03));
#2158 = CARTESIAN_POINT('',(733.00117887904,-63.63398710187,
    1.580008219987E+03));
#2159 = CARTESIAN_POINT('',(731.80511237865,-63.21546533218,
    1.580100207252E+03));
#2160 = CARTESIAN_POINT('',(731.2646673581,-63.07726886094,
    1.580131742873E+03));
#2161 = CARTESIAN_POINT('',(730.70058587349,-62.98813211913,
    1.5801527305E+03));
#2162 = CARTESIAN_POINT('',(730.12429345947,-62.95377259646,
    1.580160900403E+03));
#2163 = CARTESIAN_POINT('',(729.5479514596,-62.97584970001,
    1.580155549747E+03));
#2164 = CARTESIAN_POINT('',(728.98360978924,-63.05196639013,
    1.580137737031E+03));
#2165 = CARTESIAN_POINT('',(727.84202258642,-63.31252621962,
    1.580078680077E+03));
#2166 = CARTESIAN_POINT('',(727.27529621709,-63.50669795529,
    1.580035359815E+03));
#2167 = CARTESIAN_POINT('',(726.74644273331,-63.74945229184,
    1.579982760111E+03));
#2168 = CARTESIAN_POINT('',(726.25830698103,-64.03275734513,
    1.579924132123E+03));
#2169 = CARTESIAN_POINT('',(725.81259463678,-64.34892202849,
    1.579862581405E+03));
#2170 = CARTESIAN_POINT('',(725.41001075964,-64.69049430374,
    1.579800797131E+03));
#2171 = CARTESIAN_POINT('',(724.69520969761,-65.40529536577,
    1.579681833616E+03));
#2172 = CARTESIAN_POINT('',(724.37943059423,-65.78049745947,
    1.579624196736E+03));
#2173 = CARTESIAN_POINT('',(724.10151741252,-66.1715021084,
    1.579569762186E+03));
#2174 = CARTESIAN_POINT('',(723.86004274993,-66.57497043084,
    1.579519849489E+03));
#2175 = CARTESIAN_POINT('',(723.65370992271,-66.98831386079,
    1.579475438113E+03));
#2176 = CARTESIAN_POINT('',(723.48147126092,-67.40949274434,
    1.579437247757E+03));
#2177 = CARTESIAN_POINT('',(723.11122235785,-68.54900169798,
    1.579353424406E+03));
#2178 = CARTESIAN_POINT('',(722.97271683758,-69.27766302587,
    1.579319834417E+03));
#2179 = CARTESIAN_POINT('',(722.92380552326,-70.01411412525,
    1.579307503736E+03));
#2180 = CARTESIAN_POINT('',(722.96326223487,-70.75147244531,
    1.57931729803E+03));
#2181 = CARTESIAN_POINT('',(723.0916694775,-71.48290553301,
    1.57934885517E+03));
#2182 = CARTESIAN_POINT('',(723.31139836978,-72.20084555441,
    1.579400495663E+03));
#2183 = CARTESIAN_POINT('',(723.85822589798,-73.40472403917,
    1.579518760869E+03));
#2184 = CARTESIAN_POINT('',(724.14134767793,-73.90168118126,
    1.579577770633E+03));
#2185 = CARTESIAN_POINT('',(724.47794583749,-74.3821941806,
    1.579644359554E+03));
#2186 = CARTESIAN_POINT('',(724.87054830415,-74.8412567428,
    1.579716629924E+03));
#2187 = CARTESIAN_POINT('',(725.321927696,-75.27207742144,
    1.579791929175E+03));
#2188 = CARTESIAN_POINT('',(725.83456068874,-75.66550879147,
    1.57986648899E+03));
#2189 = CARTESIAN_POINT('',(726.83519224255,-76.26335831344,
    1.579986499218E+03));
#2190 = CARTESIAN_POINT('',(727.29919621657,-76.49289245057,
    1.580034992125E+03));
#2191 = CARTESIAN_POINT('',(727.79737060114,-76.68807604102,
    1.580078145536E+03));
#2192 = CARTESIAN_POINT('',(728.32388900413,-76.84119166056,
    1.580113129583E+03));
#2193 = CARTESIAN_POINT('',(728.87175235789,-76.9464514043,
    1.580137567371E+03));
#2194 = CARTESIAN_POINT('',(729.43317335976,-77.,1.58015E+03));
#2195 = CARTESIAN_POINT('',(730.56682664068,-77.,1.58015E+03));
#2196 = CARTESIAN_POINT('',(731.12824764216,-76.94645140422,
    1.580137567371E+03));
#2197 = CARTESIAN_POINT('',(731.67611099551,-76.84119166059,
    1.580113129583E+03));
#2198 = CARTESIAN_POINT('',(732.20262939851,-76.68807604118,
    1.580078145536E+03));
#2199 = CARTESIAN_POINT('',(732.70080378346,-76.49289245063,
    1.580034992125E+03));
#2200 = CARTESIAN_POINT('',(733.16480775783,-76.26335831321,
    1.579986499217E+03));
#2201 = CARTESIAN_POINT('',(734.07400836842,-75.72013623676,
    1.579877454713E+03));
#2202 = CARTESIAN_POINT('',(734.51357941222,-75.39586231511,
    1.579815484984E+03));
#2203 = CARTESIAN_POINT('',(734.90968881726,-75.04371061318,
    1.579752441738E+03));
#2204 = CARTESIAN_POINT('',(735.26366380055,-74.66945430215,
    1.579690676696E+03));
#2205 = CARTESIAN_POINT('',(735.57707197125,-74.27762359102,
    1.579631981237E+03));
#2206 = CARTESIAN_POINT('',(735.8514616489,-73.87175541343,
    1.57957771658E+03));
#2207 = CARTESIAN_POINT('',(736.35297782206,-72.98790134825,
    1.579474315377E+03));
#2208 = CARTESIAN_POINT('',(736.5708168324,-72.50676721809,
    1.579426513946E+03));
#2209 = CARTESIAN_POINT('',(736.743346743,-72.01515946748,
    1.579386987734E+03));
#2210 = CARTESIAN_POINT('',(736.87186424363,-71.51620853333,
    1.579356725275E+03));
#2211 = CARTESIAN_POINT('',(736.95726710382,-71.01250408537,
    1.579336340452E+03));
#2212 = CARTESIAN_POINT('',(737.,-70.50635840277,1.579326140217E+03));
#2213 = CARTESIAN_POINT('',(737.,-70.,1.579326140217E+03));
#2214 = PCURVE('',#2065,#2215);
#2215 = DEFINITIONAL_REPRESENTATION('',(#2216),#2285);
#2216 = B_SPLINE_CURVE_WITH_KNOTS('',7,(#2217,#2218,#2219,#2220,#2221,
    #2222,#2223,#2224,#2225,#2226,#2227,#2228,#2229,#2230,#2231,#2232,
    #2233,#2234,#2235,#2236,#2237,#2238,#2239,#2240,#2241,#2242,#2243,
    #2244,#2245,#2246,#2247,#2248,#2249,#2250,#2251,#2252,#2253,#2254,
    #2255,#2256,#2257,#2258,#2259,#2260,#2261,#2262,#2263,#2264,#2265,
    #2266,#2267,#2268,#2269,#2270,#2271,#2272,#2273,#2274,#2275,#2276,
    #2277,#2278,#2279,#2280,#2281,#2282,#2283,#2284),.UNSPECIFIED.,.T.,
  .F.,(8,6,6,6,6,6,6,6,6,6,6,8),(0.,0.105018441182,0.205630849155,
    0.279618975028,0.361682415582,0.442670240864,0.577613345648,
    0.67673382162,0.750062353515,0.823390885469,0.906754137737,1.),
  .UNSPECIFIED.);
#2217 = CARTESIAN_POINT('',(1.336485734884,220.));
#2218 = CARTESIAN_POINT('',(1.336485734884,219.43054365024));
#2219 = CARTESIAN_POINT('',(1.338328677995,218.86147703777));
#2220 = CARTESIAN_POINT('',(1.342010122606,218.29587980537));
#2221 = CARTESIAN_POINT('',(1.347549865165,217.73699417623));
#2222 = CARTESIAN_POINT('',(1.354987788762,217.18856497583));
#2223 = CARTESIAN_POINT('',(1.364380386285,216.65533862865));
#2224 = CARTESIAN_POINT('',(1.386736507463,215.65356846771));
#2225 = CARTESIAN_POINT('',(1.399579415339,215.18120008575));
#2226 = CARTESIAN_POINT('',(1.414396481395,214.73346168891));
#2227 = CARTESIAN_POINT('',(1.431243527268,214.31892381007));
#2228 = CARTESIAN_POINT('',(1.450151702266,213.9481164635));
#2229 = CARTESIAN_POINT('',(1.471111883205,213.63398710187));
#2230 = CARTESIAN_POINT('',(1.510899563817,213.21546533218));
#2231 = CARTESIAN_POINT('',(1.528852196902,213.07726886094));
#2232 = CARTESIAN_POINT('',(1.547567500541,212.98813211913));
#2233 = CARTESIAN_POINT('',(1.566674180095,212.95377259646));
#2234 = CARTESIAN_POINT('',(1.585783120581,212.97584970001));
#2235 = CARTESIAN_POINT('',(1.604506448874,213.05196639013));
#2236 = CARTESIAN_POINT('',(1.64242066973,213.31252621962));
#2237 = CARTESIAN_POINT('',(1.661266672762,213.50669795529));
#2238 = CARTESIAN_POINT('',(1.678887145472,213.74945229184));
#2239 = CARTESIAN_POINT('',(1.695188568096,214.03275734513));
#2240 = CARTESIAN_POINT('',(1.710109265826,214.34892202849));
#2241 = CARTESIAN_POINT('',(1.723617197178,214.69049430374));
#2242 = CARTESIAN_POINT('',(1.74765145672,215.40529536577));
#2243 = CARTESIAN_POINT('',(1.758296795436,215.78049745947));
#2244 = CARTESIAN_POINT('',(1.767688586498,216.1715021084));
#2245 = CARTESIAN_POINT('',(1.775866450493,216.57497043084));
#2246 = CARTESIAN_POINT('',(1.782866493721,216.98831386079));
#2247 = CARTESIAN_POINT('',(1.788717908305,217.40949274434));
#2248 = CARTESIAN_POINT('',(1.801308920754,218.54900169798));
#2249 = CARTESIAN_POINT('',(1.806035420567,219.27766302587));
#2250 = CARTESIAN_POINT('',(1.807708709679,220.01411412525));
#2251 = CARTESIAN_POINT('',(1.806360233734,220.75147244531));
#2252 = CARTESIAN_POINT('',(1.801974312072,221.48290553301));
#2253 = CARTESIAN_POINT('',(1.794489075404,222.20084555441));
#2254 = CARTESIAN_POINT('',(1.775932846907,223.40472403917));
#2255 = CARTESIAN_POINT('',(1.766340876777,223.90168118126));
#2256 = CARTESIAN_POINT('',(1.754961395795,224.3821941806));
#2257 = CARTESIAN_POINT('',(1.741723323632,224.8412567428));
#2258 = CARTESIAN_POINT('',(1.726549721815,225.27207742144));
#2259 = CARTESIAN_POINT('',(1.709373471576,225.66550879147));
#2260 = CARTESIAN_POINT('',(1.675947184982,226.26335831344));
#2261 = CARTESIAN_POINT('',(1.660475315424,226.49289245057));
#2262 = CARTESIAN_POINT('',(1.643894543012,226.68807604102));
#2263 = CARTESIAN_POINT('',(1.626399571146,226.84119166056));
#2264 = CARTESIAN_POINT('',(1.60821747886,226.9464514043));
#2265 = CARTESIAN_POINT('',(1.589596547035,227.));
#2266 = CARTESIAN_POINT('',(1.55199610654,227.));
#2267 = CARTESIAN_POINT('',(1.533375174727,226.94645140422));
#2268 = CARTESIAN_POINT('',(1.515193082455,226.8411916606));
#2269 = CARTESIAN_POINT('',(1.497698110589,226.68807604118));
#2270 = CARTESIAN_POINT('',(1.481117338165,226.49289245063));
#2271 = CARTESIAN_POINT('',(1.465645468595,226.26335831321));
#2272 = CARTESIAN_POINT('',(1.435273449978,225.72013623676));
#2273 = CARTESIAN_POINT('',(1.420552962948,225.39586231512));
#2274 = CARTESIAN_POINT('',(1.407252595161,225.04371061318));
#2275 = CARTESIAN_POINT('',(1.395336585382,224.66945430215));
#2276 = CARTESIAN_POINT('',(1.384761807663,224.27762359102));
#2277 = CARTESIAN_POINT('',(1.375485027263,223.87175541343));
#2278 = CARTESIAN_POINT('',(1.35850112268,222.98790134825));
#2279 = CARTESIAN_POINT('',(1.351104632478,222.50676721809));
#2280 = CARTESIAN_POINT('',(1.345234238412,222.01515946748));
#2281 = CARTESIAN_POINT('',(1.340855061109,221.51620853333));
#2282 = CARTESIAN_POINT('',(1.337942899555,221.01250408537));
#2283 = CARTESIAN_POINT('',(1.336485734884,220.50635840277));
#2284 = CARTESIAN_POINT('',(1.336485734884,220.));
#2285 = ( GEOMETRIC_REPRESENTATION_CONTEXT(2) 
PARAMETRIC_REPRESENTATION_CONTEXT() REPRESENTATION_CONTEXT('2D SPACE',''
  ) );
#2286 = PCURVE('',#2287,#2292);
#2287 = CYLINDRICAL_SURFACE('',#2288,7.);
#2288 = AXIS2_PLACEMENT_3D('',#2289,#2290,#2291);
#2289 = CARTESIAN_POINT('',(730.,-70.,1.55E+03));
#2290 = DIRECTION('',(0.,0.,1.));
#2291 = DIRECTION('',(1.,0.,-0.));
#2292 = DEFINITIONAL_REPRESENTATION('',(#2293),#2362);
#2293 = B_SPLINE_CURVE_WITH_KNOTS('',7,(#2294,#2295,#2296,#2297,#2298,
    #2299,#2300,#2301,#2302,#2303,#2304,#2305,#2306,#2307,#2308,#2309,
    #2310,#2311,#2312,#2313,#2314,#2315,#2316,#2317,#2318,#2319,#2320,
    #2321,#2322,#2323,#2324,#2325,#2326,#2327,#2328,#2329,#2330,#2331,
    #2332,#2333,#2334,#2335,#2336,#2337,#2338,#2339,#2340,#2341,#2342,
    #2343,#2344,#2345,#2346,#2347,#2348,#2349,#2350,#2351,#2352,#2353,
    #2354,#2355,#2356,#2357,#2358,#2359,#2360,#2361),.UNSPECIFIED.,.F.,
  .F.,(8,6,6,6,6,6,6,6,6,6,6,8),(0.,0.105018441182,0.205630849155,
    0.279618975028,0.361682415582,0.442670240864,0.577613345648,
    0.67673382162,0.750062353515,0.823390885469,0.906754137737,1.),
  .UNSPECIFIED.);
#2294 = CARTESIAN_POINT('',(0.,29.326140216537));
#2295 = CARTESIAN_POINT('',(8.135090710809E-02,29.326140216537));
#2296 = CARTESIAN_POINT('',(0.162646654901,29.339041087379));
#2297 = CARTESIAN_POINT('',(0.244323837376,29.364810222008));
#2298 = CARTESIAN_POINT('',(0.326799709859,29.402962448492));
#2299 = CARTESIAN_POINT('',(0.410494375423,29.452524707711));
#2300 = CARTESIAN_POINT('',(0.495863082782,29.511895166651));
#2301 = CARTESIAN_POINT('',(0.667339969147,29.642499912197));
#2302 = CARTESIAN_POINT('',(0.753617970368,29.7133990775));
#2303 = CARTESIAN_POINT('',(0.842620227664,29.789103770668));
#2304 = CARTESIAN_POINT('',(0.934701406848,29.866480020212));
#2305 = CARTESIAN_POINT('',(1.030290604962,29.941324916159));
#2306 = CARTESIAN_POINT('',(1.12988255008,30.008219987171));
#2307 = CARTESIAN_POINT('',(1.310907722816,30.100207251981));
#2308 = CARTESIAN_POINT('',(1.390302096144,30.131742872702));
#2309 = CARTESIAN_POINT('',(1.471305951269,30.15273050047));
#2310 = CARTESIAN_POINT('',(1.553079419219,30.160900403138));
#2311 = CARTESIAN_POINT('',(1.634866436091,30.1555497468));
#2312 = CARTESIAN_POINT('',(1.715884981781,30.137737031434));
#2313 = CARTESIAN_POINT('',(1.8831628739,30.078680076589));
#2314 = CARTESIAN_POINT('',(1.968266733384,30.035359815055));
#2315 = CARTESIAN_POINT('',(2.050750407748,29.982760111334));
#2316 = CARTESIAN_POINT('',(2.130753568936,29.924132122642));
#2317 = CARTESIAN_POINT('',(2.208340938258,29.862581404604));
#2318 = CARTESIAN_POINT('',(2.283512352315,29.800797131443));
#2319 = CARTESIAN_POINT('',(2.427923974646,29.681833616124));
#2320 = CARTESIAN_POINT('',(2.497723783217,29.624196736128));
#2321 = CARTESIAN_POINT('',(2.565896865304,29.569762185741));
#2322 = CARTESIAN_POINT('',(2.632709367555,29.519849488858));
#2323 = CARTESIAN_POINT('',(2.698408636957,29.475438112701));
#2324 = CARTESIAN_POINT('',(2.763235867188,29.437247756931));
#2325 = CARTESIAN_POINT('',(2.934400241321,29.353424405873));
#2326 = CARTESIAN_POINT('',(3.039514334989,29.319834417392));
#2327 = CARTESIAN_POINT('',(3.143730592255,29.307503735801));
#2328 = CARTESIAN_POINT('',(3.247856320924,29.317298030362));
#2329 = CARTESIAN_POINT('',(3.352687778312,29.348855169679));
#2330 = CARTESIAN_POINT('',(3.459050566641,29.400495662805));
#2331 = CARTESIAN_POINT('',(3.647943352971,29.518760868588));
#2332 = CARTESIAN_POINT('',(3.729308355195,29.577770633371));
#2333 = CARTESIAN_POINT('',(3.812530487653,29.644359553998));
#2334 = CARTESIAN_POINT('',(3.898070817317,29.71662992409));
#2335 = CARTESIAN_POINT('',(3.986424320234,29.791929174537));
#2336 = CARTESIAN_POINT('',(4.078118670299,29.866488989852));
#2337 = CARTESIAN_POINT('',(4.244636890018,29.986499217533));
#2338 = CARTESIAN_POINT('',(4.318358568811,30.034992125244));
#2339 = CARTESIAN_POINT('',(4.394333468177,30.078145536201));
#2340 = CARTESIAN_POINT('',(4.472077193058,30.113129583256));
#2341 = CARTESIAN_POINT('',(4.551210778492,30.137567371495));
#2342 = CARTESIAN_POINT('',(4.631413746066,30.15));
#2343 = CARTESIAN_POINT('',(4.793364214768,30.15));
#2344 = CARTESIAN_POINT('',(4.873567182286,30.137567371476));
#2345 = CARTESIAN_POINT('',(4.952700767662,30.113129583264));
#2346 = CARTESIAN_POINT('',(5.030444492542,30.078145536239));
#2347 = CARTESIAN_POINT('',(5.106419391959,30.034992125251));
#2348 = CARTESIAN_POINT('',(5.180141070816,29.986499217486));
#2349 = CARTESIAN_POINT('',(5.331443981928,29.877454712675));
#2350 = CARTESIAN_POINT('',(5.409111021443,29.815484983829));
#2351 = CARTESIAN_POINT('',(5.484342502174,29.752441737998));
#2352 = CARTESIAN_POINT('',(5.557461509691,29.690676696274));
#2353 = CARTESIAN_POINT('',(5.628767353416,29.631981237341));
#2354 = CARTESIAN_POINT('',(5.69854072421,29.577716579932));
#2355 = CARTESIAN_POINT('',(5.84371595123,29.474315377014));
#2356 = CARTESIAN_POINT('',(5.918854401268,29.426513945742));
#2357 = CARTESIAN_POINT('',(5.992834270683,29.386987734141));
#2358 = CARTESIAN_POINT('',(6.065966382365,29.35672527544));
#2359 = CARTESIAN_POINT('',(6.138541649108,29.336340451555));
#2360 = CARTESIAN_POINT('',(6.210848392497,29.326140216537));
#2361 = CARTESIAN_POINT('',(6.28318530718,29.326140216537));
#2362 = ( GEOMETRIC_REPRESENTATION_CONTEXT(2) 
PARAMETRIC_REPRESENTATION_CONTEXT() REPRESENTATION_CONTEXT('2D SPACE',''
  ) );
#2363 = ADVANCED_FACE('',(#2364),#2127,.F.);
#2364 = FACE_BOUND('',#2365,.T.);
#2365 = EDGE_LOOP('',(#2366));
#2366 = ORIENTED_EDGE('',*,*,#2112,.F.);
#2367 = ADVANCED_FACE('',(#2368),#2099,.T.);
#2368 = FACE_BOUND('',#2369,.T.);
#2369 = EDGE_LOOP('',(#2370));
#2370 = ORIENTED_EDGE('',*,*,#2084,.T.);
#2371 = ADVANCED_FACE('',(#2372),#2287,.T.);
#2372 = FACE_BOUND('',#2373,.T.);
#2373 = EDGE_LOOP('',(#2374,#2397,#2424,#2425));
#2374 = ORIENTED_EDGE('',*,*,#2375,.T.);
#2375 = EDGE_CURVE('',#2142,#2376,#2378,.T.);
#2376 = VERTEX_POINT('',#2377);
#2377 = CARTESIAN_POINT('',(737.,-70.,1.63515E+03));
#2378 = SEAM_CURVE('',#2379,(#2383,#2390),.PCURVE_S1.);
#2379 = LINE('',#2380,#2381);
#2380 = CARTESIAN_POINT('',(737.,-70.,1.55E+03));
#2381 = VECTOR('',#2382,1.);
#2382 = DIRECTION('',(0.,0.,1.));
#2383 = PCURVE('',#2287,#2384);
#2384 = DEFINITIONAL_REPRESENTATION('',(#2385),#2389);
#2385 = LINE('',#2386,#2387);
#2386 = CARTESIAN_POINT('',(6.28318530718,-0.));
#2387 = VECTOR('',#2388,1.);
#2388 = DIRECTION('',(0.,1.));
#2389 = ( GEOMETRIC_REPRESENTATION_CONTEXT(2) 
PARAMETRIC_REPRESENTATION_CONTEXT() REPRESENTATION_CONTEXT('2D SPACE',''
  ) );
#2390 = PCURVE('',#2287,#2391);
#2391 = DEFINITIONAL_REPRESENTATION('',(#2392),#2396);
#2392 = LINE('',#2393,#2394);
#2393 = CARTESIAN_POINT('',(0.,-0.));
#2394 = VECTOR('',#2395,1.);
#2395 = DIRECTION('',(0.,1.));
#2396 = ( GEOMETRIC_REPRESENTATION_CONTEXT(2) 
PARAMETRIC_REPRESENTATION_CONTEXT() REPRESENTATION_CONTEXT('2D SPACE',''
  ) );
#2397 = ORIENTED_EDGE('',*,*,#2398,.F.);
#2398 = EDGE_CURVE('',#2376,#2376,#2399,.T.);
#2399 = SURFACE_CURVE('',#2400,(#2405,#2412),.PCURVE_S1.);
#2400 = CIRCLE('',#2401,7.);
#2401 = AXIS2_PLACEMENT_3D('',#2402,#2403,#2404);
#2402 = CARTESIAN_POINT('',(730.,-70.,1.63515E+03));
#2403 = DIRECTION('',(0.,0.,1.));
#2404 = DIRECTION('',(1.,0.,-0.));
#2405 = PCURVE('',#2287,#2406);
#2406 = DEFINITIONAL_REPRESENTATION('',(#2407),#2411);
#2407 = LINE('',#2408,#2409);
#2408 = CARTESIAN_POINT('',(0.,85.15));
#2409 = VECTOR('',#2410,1.);
#2410 = DIRECTION('',(1.,0.));
#2411 = ( GEOMETRIC_REPRESENTATION_CONTEXT(2) 
PARAMETRIC_REPRESENTATION_CONTEXT() REPRESENTATION_CONTEXT('2D SPACE',''
  ) );
#2412 = PCURVE('',#2413,#2418);
#2413 = PLANE('',#2414);
#2414 = AXIS2_PLACEMENT_3D('',#2415,#2416,#2417);
#2415 = CARTESIAN_POINT('',(730.,-70.,1.63515E+03));
#2416 = DIRECTION('',(0.,0.,1.));
#2417 = DIRECTION('',(1.,0.,-0.));
#2418 = DEFINITIONAL_REPRESENTATION('',(#2419),#2423);
#2419 = CIRCLE('',#2420,7.);
#2420 = AXIS2_PLACEMENT_2D('',#2421,#2422);
#2421 = CARTESIAN_POINT('',(0.,0.));
#2422 = DIRECTION('',(1.,0.));
#2423 = ( GEOMETRIC_REPRESENTATION_CONTEXT(2) 
PARAMETRIC_REPRESENTATION_CONTEXT() REPRESENTATION_CONTEXT('2D SPACE',''
  ) );
#2424 = ORIENTED_EDGE('',*,*,#2375,.F.);
#2425 = ORIENTED_EDGE('',*,*,#2141,.T.);
#2426 = ADVANCED_FACE('',(#2427,#2458),#2413,.F.);
#2427 = FACE_BOUND('',#2428,.F.);
#2428 = EDGE_LOOP('',(#2429));
#2429 = ORIENTED_EDGE('',*,*,#2430,.T.);
#2430 = EDGE_CURVE('',#2431,#2431,#2433,.T.);
#2431 = VERTEX_POINT('',#2432);
#2432 = CARTESIAN_POINT('',(738.,-70.,1.63515E+03));
#2433 = SURFACE_CURVE('',#2434,(#2439,#2446),.PCURVE_S1.);
#2434 = CIRCLE('',#2435,8.);
#2435 = AXIS2_PLACEMENT_3D('',#2436,#2437,#2438);
#2436 = CARTESIAN_POINT('',(730.,-70.,1.63515E+03));
#2437 = DIRECTION('',(0.,0.,1.));
#2438 = DIRECTION('',(1.,0.,-0.));
#2439 = PCURVE('',#2413,#2440);
#2440 = DEFINITIONAL_REPRESENTATION('',(#2441),#2445);
#2441 = CIRCLE('',#2442,8.);
#2442 = AXIS2_PLACEMENT_2D('',#2443,#2444);
#2443 = CARTESIAN_POINT('',(0.,0.));
#2444 = DIRECTION('',(1.,0.));
#2445 = ( GEOMETRIC_REPRESENTATION_CONTEXT(2) 
PARAMETRIC_REPRESENTATION_CONTEXT() REPRESENTATION_CONTEXT('2D SPACE',''
  ) );
#2446 = PCURVE('',#2447,#2452);
#2447 = CYLINDRICAL_SURFACE('',#2448,8.);
#2448 = AXIS2_PLACEMENT_3D('',#2449,#2450,#2451);
#2449 = CARTESIAN_POINT('',(730.,-70.,1.63515E+03));
#2450 = DIRECTION('',(0.,0.,1.));
#2451 = DIRECTION('',(1.,0.,-0.));
#2452 = DEFINITIONAL_REPRESENTATION('',(#2453),#2457);
#2453 = LINE('',#2454,#2455);
#2454 = CARTESIAN_POINT('',(0.,0.));
#2455 = VECTOR('',#2456,1.);
#2456 = DIRECTION('',(1.,0.));
#2457 = ( GEOMETRIC_REPRESENTATION_CONTEXT(2) 
PARAMETRIC_REPRESENTATION_CONTEXT() REPRESENTATION_CONTEXT('2D SPACE',''
  ) );
#2458 = FACE_BOUND('',#2459,.F.);
#2459 = EDGE_LOOP('',(#2460));
#2460 = ORIENTED_EDGE('',*,*,#2398,.F.);
#2461 = ADVANCED_FACE('',(#2462),#2447,.T.);
#2462 = FACE_BOUND('',#2463,.T.);
#2463 = EDGE_LOOP('',(#2464,#2487,#2516,#2542,#2657,#2678,#2700,#2701));
#2464 = ORIENTED_EDGE('',*,*,#2465,.T.);
#2465 = EDGE_CURVE('',#2431,#2466,#2468,.T.);
#2466 = VERTEX_POINT('',#2467);
#2467 = CARTESIAN_POINT('',(738.,-70.,1.65015E+03));
#2468 = SEAM_CURVE('',#2469,(#2473,#2480),.PCURVE_S1.);
#2469 = LINE('',#2470,#2471);
#2470 = CARTESIAN_POINT('',(738.,-70.,1.63515E+03));
#2471 = VECTOR('',#2472,1.);
#2472 = DIRECTION('',(0.,0.,1.));
#2473 = PCURVE('',#2447,#2474);
#2474 = DEFINITIONAL_REPRESENTATION('',(#2475),#2479);
#2475 = LINE('',#2476,#2477);
#2476 = CARTESIAN_POINT('',(6.28318530718,-0.));
#2477 = VECTOR('',#2478,1.);
#2478 = DIRECTION('',(0.,1.));
#2479 = ( GEOMETRIC_REPRESENTATION_CONTEXT(2) 
PARAMETRIC_REPRESENTATION_CONTEXT() REPRESENTATION_CONTEXT('2D SPACE',''
  ) );
#2480 = PCURVE('',#2447,#2481);
#2481 = DEFINITIONAL_REPRESENTATION('',(#2482),#2486);
#2482 = LINE('',#2483,#2484);
#2483 = CARTESIAN_POINT('',(0.,-0.));
#2484 = VECTOR('',#2485,1.);
#2485 = DIRECTION('',(0.,1.));
#2486 = ( GEOMETRIC_REPRESENTATION_CONTEXT(2) 
PARAMETRIC_REPRESENTATION_CONTEXT() REPRESENTATION_CONTEXT('2D SPACE',''
  ) );
#2487 = ORIENTED_EDGE('',*,*,#2488,.F.);
#2488 = EDGE_CURVE('',#2489,#2466,#2491,.T.);
#2489 = VERTEX_POINT('',#2490);
#2490 = CARTESIAN_POINT('',(736.24499799839,-75.,1.65015E+03));
#2491 = SURFACE_CURVE('',#2492,(#2497,#2504),.PCURVE_S1.);
#2492 = CIRCLE('',#2493,8.);
#2493 = AXIS2_PLACEMENT_3D('',#2494,#2495,#2496);
#2494 = CARTESIAN_POINT('',(730.,-70.,1.65015E+03));
#2495 = DIRECTION('',(0.,0.,1.));
#2496 = DIRECTION('',(1.,0.,-0.));
#2497 = PCURVE('',#2447,#2498);
#2498 = DEFINITIONAL_REPRESENTATION('',(#2499),#2503);
#2499 = LINE('',#2500,#2501);
#2500 = CARTESIAN_POINT('',(0.,15.));
#2501 = VECTOR('',#2502,1.);
#2502 = DIRECTION('',(1.,0.));
#2503 = ( GEOMETRIC_REPRESENTATION_CONTEXT(2) 
PARAMETRIC_REPRESENTATION_CONTEXT() REPRESENTATION_CONTEXT('2D SPACE',''
  ) );
#2504 = PCURVE('',#2505,#2510);
#2505 = PLANE('',#2506);
#2506 = AXIS2_PLACEMENT_3D('',#2507,#2508,#2509);
#2507 = CARTESIAN_POINT('',(730.,-70.,1.65015E+03));
#2508 = DIRECTION('',(0.,0.,1.));
#2509 = DIRECTION('',(1.,0.,-0.));
#2510 = DEFINITIONAL_REPRESENTATION('',(#2511),#2515);
#2511 = CIRCLE('',#2512,8.);
#2512 = AXIS2_PLACEMENT_2D('',#2513,#2514);
#2513 = CARTESIAN_POINT('',(0.,0.));
#2514 = DIRECTION('',(1.,0.));
#2515 = ( GEOMETRIC_REPRESENTATION_CONTEXT(2) 
PARAMETRIC_REPRESENTATION_CONTEXT() REPRESENTATION_CONTEXT('2D SPACE',''
  ) );
#2516 = ORIENTED_EDGE('',*,*,#2517,.F.);
#2517 = EDGE_CURVE('',#2518,#2489,#2520,.T.);
#2518 = VERTEX_POINT('',#2519);
#2519 = CARTESIAN_POINT('',(736.24499799839,-75.,1.645942563126E+03));
#2520 = SURFACE_CURVE('',#2521,(#2525,#2531),.PCURVE_S1.);
#2521 = LINE('',#2522,#2523);
#2522 = CARTESIAN_POINT('',(736.24499799839,-75.,1.63515E+03));
#2523 = VECTOR('',#2524,1.);
#2524 = DIRECTION('',(0.,0.,1.));
#2525 = PCURVE('',#2447,#2526);
#2526 = DEFINITIONAL_REPRESENTATION('',(#2527),#2530);
#2527 = B_SPLINE_CURVE_WITH_KNOTS('',1,(#2528,#2529),.UNSPECIFIED.,.F.,
  .F.,(2,2),(5.,15.0000024),.PIECEWISE_BEZIER_KNOTS.);
#2528 = CARTESIAN_POINT('',(5.608053774243,5.));
#2529 = CARTESIAN_POINT('',(5.608053774243,15.0000024));
#2530 = ( GEOMETRIC_REPRESENTATION_CONTEXT(2) 
PARAMETRIC_REPRESENTATION_CONTEXT() REPRESENTATION_CONTEXT('2D SPACE',''
  ) );
#2531 = PCURVE('',#2532,#2537);
#2532 = PLANE('',#2533);
#2533 = AXIS2_PLACEMENT_3D('',#2534,#2535,#2536);
#2534 = CARTESIAN_POINT('',(730.,-75.,1.67015E+03));
#2535 = DIRECTION('',(0.,-1.,2.22044604925E-16));
#2536 = DIRECTION('',(1.,0.,0.));
#2537 = DEFINITIONAL_REPRESENTATION('',(#2538),#2541);
#2538 = B_SPLINE_CURVE_WITH_KNOTS('',1,(#2539,#2540),.UNSPECIFIED.,.F.,
  .F.,(2,2),(5.,15.0000024),.PIECEWISE_BEZIER_KNOTS.);
#2539 = CARTESIAN_POINT('',(6.244997998398,-30.));
#2540 = CARTESIAN_POINT('',(6.244997998398,-19.9999976));
#2541 = ( GEOMETRIC_REPRESENTATION_CONTEXT(2) 
PARAMETRIC_REPRESENTATION_CONTEXT() REPRESENTATION_CONTEXT('2D SPACE',''
  ) );
#2542 = ORIENTED_EDGE('',*,*,#2543,.F.);
#2543 = EDGE_CURVE('',#2544,#2518,#2546,.T.);
#2544 = VERTEX_POINT('',#2545);
#2545 = CARTESIAN_POINT('',(723.7550020016,-75.,1.645942563126E+03));
#2546 = SURFACE_CURVE('',#2547,(#2580,#2616),.PCURVE_S1.);
#2547 = B_SPLINE_CURVE_WITH_KNOTS('',7,(#2548,#2549,#2550,#2551,#2552,
    #2553,#2554,#2555,#2556,#2557,#2558,#2559,#2560,#2561,#2562,#2563,
    #2564,#2565,#2566,#2567,#2568,#2569,#2570,#2571,#2572,#2573,#2574,
    #2575,#2576,#2577,#2578,#2579),.UNSPECIFIED.,.F.,.F.,(8,6,6,6,6,8),(
    0.,0.268894906423,0.398477843344,0.499300411246,0.646189778612,1.),
  .UNSPECIFIED.);
#2548 = CARTESIAN_POINT('',(723.75500007849,-74.99999759902,
    1.645942563622E+03));
#2549 = CARTESIAN_POINT('',(724.05382676227,-75.37323230166,
    1.64586547274E+03));
#2550 = CARTESIAN_POINT('',(724.38472566509,-75.73318499493,
    1.645784697461E+03));
#2551 = CARTESIAN_POINT('',(724.74870838906,-76.07723158708,
    1.645701691751E+03));
#2552 = CARTESIAN_POINT('',(725.14675462498,-76.40214290299,
    1.645618234757E+03));
#2553 = CARTESIAN_POINT('',(725.57970530905,-76.70401031225,
    1.645536504284E+03));
#2554 = CARTESIAN_POINT('',(726.04809017413,-76.97811812118,
    1.645459087812E+03));
#2555 = CARTESIAN_POINT('',(726.79467533462,-77.33473158552,
    1.645355121865E+03));
#2556 = CARTESIAN_POINT('',(727.04571032127,-77.44294054875,
    1.645322995066E+03));
#2557 = CARTESIAN_POINT('',(727.30452804995,-77.54252621722,
    1.645292945727E+03));
#2558 = CARTESIAN_POINT('',(727.5706107815,-77.63269323623,
    1.645265358242E+03));
#2559 = CARTESIAN_POINT('',(727.84339000137,-77.71271163529,
    1.645240596092E+03));
#2560 = CARTESIAN_POINT('',(728.12224677767,-77.78191416606,
    1.645218991612E+03));
#2561 = CARTESIAN_POINT('',(728.62768600499,-77.88464921161,
    1.645186709517E+03));
#2562 = CARTESIAN_POINT('',(728.85203660423,-77.92266973254,
    1.645174677121E+03));
#2563 = CARTESIAN_POINT('',(729.07896116109,-77.95342427974,
    1.645164890665E+03));
#2564 = CARTESIAN_POINT('',(729.3078468462,-77.97666331872,
    1.645157467876E+03));
#2565 = CARTESIAN_POINT('',(729.53807117214,-77.9922180908,
    1.645152490049E+03));
#2566 = CARTESIAN_POINT('',(729.76900240902,-78.,1.64515E+03));
#2567 = CARTESIAN_POINT('',(730.33654260853,-78.,1.64515E+03));
#2568 = CARTESIAN_POINT('',(730.67266982915,-77.98348274965,
    1.645155285496E+03));
#2569 = CARTESIAN_POINT('',(731.0065751695,-77.95052181108,
    1.645165833077E+03));
#2570 = CARTESIAN_POINT('',(731.33646571995,-77.90150719191,
    1.645181455946E+03));
#2571 = CARTESIAN_POINT('',(731.66059154354,-77.83714199335,
    1.645201807515E+03));
#2572 = CARTESIAN_POINT('',(731.97727464816,-77.75844372946,
    1.645226399963E+03));
#2573 = CARTESIAN_POINT('',(733.02600054811,-77.44588976854,
    1.645322653762E+03));
#2574 = CARTESIAN_POINT('',(733.71085153767,-77.15079113865,
    1.645411463426E+03));
#2575 = CARTESIAN_POINT('',(734.33624848095,-76.79625159592,
    1.645513978149E+03));
#2576 = CARTESIAN_POINT('',(734.90136731327,-76.39443676938,
    1.645623438379E+03));
#2577 = CARTESIAN_POINT('',(735.40679440908,-75.95559163397,
    1.645734183619E+03));
#2578 = CARTESIAN_POINT('',(735.85398903589,-75.48837042289,
    1.645841691192E+03));
#2579 = CARTESIAN_POINT('',(736.24499992063,-74.99999759956,
    1.645942563622E+03));
#2580 = PCURVE('',#2447,#2581);
#2581 = DEFINITIONAL_REPRESENTATION('',(#2582),#2615);
#2582 = B_SPLINE_CURVE_WITH_KNOTS('',7,(#2583,#2584,#2585,#2586,#2587,
    #2588,#2589,#2590,#2591,#2592,#2593,#2594,#2595,#2596,#2597,#2598,
    #2599,#2600,#2601,#2602,#2603,#2604,#2605,#2606,#2607,#2608,#2609,
    #2610,#2611,#2612,#2613,#2614),.UNSPECIFIED.,.F.,.F.,(8,6,6,6,6,8),(
    0.,0.268894906423,0.398477843344,0.499300411246,0.646189778612,1.),
  .UNSPECIFIED.);
#2583 = CARTESIAN_POINT('',(3.816723801906,10.792563622299));
#2584 = CARTESIAN_POINT('',(3.876489167372,10.715472740489));
#2585 = CARTESIAN_POINT('',(3.9374642619,10.634697460851));
#2586 = CARTESIAN_POINT('',(3.999820090344,10.551691750626));
#2587 = CARTESIAN_POINT('',(4.063731731415,10.468234756554));
#2588 = CARTESIAN_POINT('',(4.129383931738,10.386504283642));
#2589 = CARTESIAN_POINT('',(4.196982714284,10.309087812376));
#2590 = CARTESIAN_POINT('',(4.300405584459,10.205121865248));
#2591 = CARTESIAN_POINT('',(4.334550548749,10.172995065732));
#2592 = CARTESIAN_POINT('',(4.369170930806,10.142945727238));
#2593 = CARTESIAN_POINT('',(4.404236075258,10.115358242479));
#2594 = CARTESIAN_POINT('',(4.439720379472,10.090596092173));
#2595 = CARTESIAN_POINT('',(4.475602038452,10.068991611741));
#2596 = CARTESIAN_POINT('',(4.540073846983,10.036709517022));
#2597 = CARTESIAN_POINT('',(4.56850236776,10.024677120859));
#2598 = CARTESIAN_POINT('',(4.597101948418,10.0148906654));
#2599 = CARTESIAN_POINT('',(4.625830514202,10.007467875725));
#2600 = CARTESIAN_POINT('',(4.65464787507,10.002490049443));
#2601 = CARTESIAN_POINT('',(4.683514281513,10.));
#2602 = CARTESIAN_POINT('',(4.754456806452,10.));
#2603 = CARTESIAN_POINT('',(4.796472706745,10.005285496278));
#2604 = CARTESIAN_POINT('',(4.838332480948,10.01583307654));
#2605 = CARTESIAN_POINT('',(4.879932225081,10.031455945558));
#2606 = CARTESIAN_POINT('',(4.92116375666,10.051807514626));
#2607 = CARTESIAN_POINT('',(4.961909862178,10.076399963181));
#2608 = CARTESIAN_POINT('',(5.098698704452,10.172653761671));
#2609 = CARTESIAN_POINT('',(5.191274795715,10.261463425961));
#2610 = CARTESIAN_POINT('',(5.280325226306,10.363978149151));
#2611 = CARTESIAN_POINT('',(5.366234555668,10.473438378577));
#2612 = CARTESIAN_POINT('',(5.449324424905,10.584183618575));
#2613 = CARTESIAN_POINT('',(5.529851944192,10.691691191553));
#2614 = CARTESIAN_POINT('',(5.60805415869,10.792563622076));
#2615 = ( GEOMETRIC_REPRESENTATION_CONTEXT(2) 
PARAMETRIC_REPRESENTATION_CONTEXT() REPRESENTATION_CONTEXT('2D SPACE',''
  ) );
#2616 = PCURVE('',#2617,#2622);
#2617 = CYLINDRICAL_SURFACE('',#2618,25.);
#2618 = AXIS2_PLACEMENT_3D('',#2619,#2620,#2621);
#2619 = CARTESIAN_POINT('',(730.,-75.,1.67015E+03));
#2620 = DIRECTION('',(0.,-1.,2.22044604925E-16));
#2621 = DIRECTION('',(1.,0.,0.));
#2622 = DEFINITIONAL_REPRESENTATION('',(#2623),#2656);
#2623 = B_SPLINE_CURVE_WITH_KNOTS('',7,(#2624,#2625,#2626,#2627,#2628,
    #2629,#2630,#2631,#2632,#2633,#2634,#2635,#2636,#2637,#2638,#2639,
    #2640,#2641,#2642,#2643,#2644,#2645,#2646,#2647,#2648,#2649,#2650,
    #2651,#2652,#2653,#2654,#2655),.UNSPECIFIED.,.F.,.F.,(8,6,6,6,6,8),(
    0.,0.268894906423,0.398477843344,0.499300411246,0.646189778612,1.),
  .UNSPECIFIED.);
#2624 = CARTESIAN_POINT('',(4.459915282091,-2.4E-06));
#2625 = CARTESIAN_POINT('',(4.472259698869,0.373232302642));
#2626 = CARTESIAN_POINT('',(4.485883141874,0.733184992435));
#2627 = CARTESIAN_POINT('',(4.50081336921,1.077231587723));
#2628 = CARTESIAN_POINT('',(4.517076418251,1.402142904616));
#2629 = CARTESIAN_POINT('',(4.534693617347,1.70401031113));
#2630 = CARTESIAN_POINT('',(4.55367705253,1.978118121189));
#2631 = CARTESIAN_POINT('',(4.583828624828,2.334731585529));
#2632 = CARTESIAN_POINT('',(4.593951303756,2.442940548758));
#2633 = CARTESIAN_POINT('',(4.604372382141,2.542526217222));
#2634 = CARTESIAN_POINT('',(4.615071237742,2.632693236232));
#2635 = CARTESIAN_POINT('',(4.62602577741,2.712711635297));
#2636 = CARTESIAN_POINT('',(4.637212444571,2.781914166069));
#2637 = CARTESIAN_POINT('',(4.657471208448,2.884649211618));
#2638 = CARTESIAN_POINT('',(4.666457662871,2.922669732546));
#2639 = CARTESIAN_POINT('',(4.675542275134,2.953424279742));
#2640 = CARTESIAN_POINT('',(4.684701565086,2.976663318727));
#2641 = CARTESIAN_POINT('',(4.693911828239,2.992218090804));
#2642 = CARTESIAN_POINT('',(4.703149076746,3.));
#2643 = CARTESIAN_POINT('',(4.725850684726,3.));
#2644 = CARTESIAN_POINT('',(4.739295774848,2.98348274965));
#2645 = CARTESIAN_POINT('',(4.752655968324,2.950521811085));
#2646 = CARTESIAN_POINT('',(4.765863506569,2.901507191917));
#2647 = CARTESIAN_POINT('',(4.778851755936,2.837141993352));
#2648 = CARTESIAN_POINT('',(4.791555969708,2.758443729461));
#2649 = CARTESIAN_POINT('',(4.833681321826,2.445889768541));
#2650 = CARTESIAN_POINT('',(4.861285373911,2.15079113941));
#2651 = CARTESIAN_POINT('',(4.886614461325,1.796251593469));
#2652 = CARTESIAN_POINT('',(4.909625693966,1.394436772862));
#2653 = CARTESIAN_POINT('',(4.930315245846,0.955591631592));
#2654 = CARTESIAN_POINT('',(4.948710167545,0.488370423337));
#2655 = CARTESIAN_POINT('',(4.964862678643,-2.4E-06));
#2656 = ( GEOMETRIC_REPRESENTATION_CONTEXT(2) 
PARAMETRIC_REPRESENTATION_CONTEXT() REPRESENTATION_CONTEXT('2D SPACE',''
  ) );
#2657 = ORIENTED_EDGE('',*,*,#2658,.T.);
#2658 = EDGE_CURVE('',#2544,#2659,#2661,.T.);
#2659 = VERTEX_POINT('',#2660);
#2660 = CARTESIAN_POINT('',(723.7550020016,-75.,1.65015E+03));
#2661 = SURFACE_CURVE('',#2662,(#2666,#2672),.PCURVE_S1.);
#2662 = LINE('',#2663,#2664);
#2663 = CARTESIAN_POINT('',(723.7550020016,-75.,1.63515E+03));
#2664 = VECTOR('',#2665,1.);
#2665 = DIRECTION('',(0.,0.,1.));
#2666 = PCURVE('',#2447,#2667);
#2667 = DEFINITIONAL_REPRESENTATION('',(#2668),#2671);
#2668 = B_SPLINE_CURVE_WITH_KNOTS('',1,(#2669,#2670),.UNSPECIFIED.,.F.,
  .F.,(2,2),(5.,15.0000024),.PIECEWISE_BEZIER_KNOTS.);
#2669 = CARTESIAN_POINT('',(3.816724186527,5.));
#2670 = CARTESIAN_POINT('',(3.816724186527,15.0000024));
#2671 = ( GEOMETRIC_REPRESENTATION_CONTEXT(2) 
PARAMETRIC_REPRESENTATION_CONTEXT() REPRESENTATION_CONTEXT('2D SPACE',''
  ) );
#2672 = PCURVE('',#2532,#2673);
#2673 = DEFINITIONAL_REPRESENTATION('',(#2674),#2677);
#2674 = B_SPLINE_CURVE_WITH_KNOTS('',1,(#2675,#2676),.UNSPECIFIED.,.F.,
  .F.,(2,2),(5.,15.0000024),.PIECEWISE_BEZIER_KNOTS.);
#2675 = CARTESIAN_POINT('',(-6.244997998398,-30.));
#2676 = CARTESIAN_POINT('',(-6.244997998398,-19.9999976));
#2677 = ( GEOMETRIC_REPRESENTATION_CONTEXT(2) 
PARAMETRIC_REPRESENTATION_CONTEXT() REPRESENTATION_CONTEXT('2D SPACE',''
  ) );
#2678 = ORIENTED_EDGE('',*,*,#2679,.F.);
#2679 = EDGE_CURVE('',#2466,#2659,#2680,.T.);
#2680 = SURFACE_CURVE('',#2681,(#2686,#2693),.PCURVE_S1.);
#2681 = CIRCLE('',#2682,8.);
#2682 = AXIS2_PLACEMENT_3D('',#2683,#2684,#2685);
#2683 = CARTESIAN_POINT('',(730.,-70.,1.65015E+03));
#2684 = DIRECTION('',(0.,0.,1.));
#2685 = DIRECTION('',(1.,0.,-0.));
#2686 = PCURVE('',#2447,#2687);
#2687 = DEFINITIONAL_REPRESENTATION('',(#2688),#2692);
#2688 = LINE('',#2689,#2690);
#2689 = CARTESIAN_POINT('',(0.,15.));
#2690 = VECTOR('',#2691,1.);
#2691 = DIRECTION('',(1.,0.));
#2692 = ( GEOMETRIC_REPRESENTATION_CONTEXT(2) 
PARAMETRIC_REPRESENTATION_CONTEXT() REPRESENTATION_CONTEXT('2D SPACE',''
  ) );
#2693 = PCURVE('',#2505,#2694);
#2694 = DEFINITIONAL_REPRESENTATION('',(#2695),#2699);
#2695 = CIRCLE('',#2696,8.);
#2696 = AXIS2_PLACEMENT_2D('',#2697,#2698);
#2697 = CARTESIAN_POINT('',(0.,0.));
#2698 = DIRECTION('',(1.,0.));
#2699 = ( GEOMETRIC_REPRESENTATION_CONTEXT(2) 
PARAMETRIC_REPRESENTATION_CONTEXT() REPRESENTATION_CONTEXT('2D SPACE',''
  ) );
#2700 = ORIENTED_EDGE('',*,*,#2465,.F.);
#2701 = ORIENTED_EDGE('',*,*,#2430,.T.);
#2702 = ADVANCED_FACE('',(#2703),#2505,.T.);
#2703 = FACE_BOUND('',#2704,.T.);
#2704 = EDGE_LOOP('',(#2705,#2706,#2707));
#2705 = ORIENTED_EDGE('',*,*,#2488,.T.);
#2706 = ORIENTED_EDGE('',*,*,#2679,.T.);
#2707 = ORIENTED_EDGE('',*,*,#2708,.F.);
#2708 = EDGE_CURVE('',#2489,#2659,#2709,.T.);
#2709 = SURFACE_CURVE('',#2710,(#2714,#2720),.PCURVE_S1.);
#2710 = LINE('',#2711,#2712);
#2711 = CARTESIAN_POINT('',(730.,-75.,1.65015E+03));
#2712 = VECTOR('',#2713,1.);
#2713 = DIRECTION('',(-1.,0.,0.));
#2714 = PCURVE('',#2505,#2715);
#2715 = DEFINITIONAL_REPRESENTATION('',(#2716),#2719);
#2716 = B_SPLINE_CURVE_WITH_KNOTS('',1,(#2717,#2718),.UNSPECIFIED.,.F.,
  .F.,(2,2),(-8.,8.),.PIECEWISE_BEZIER_KNOTS.);
#2717 = CARTESIAN_POINT('',(8.,-5.));
#2718 = CARTESIAN_POINT('',(-8.,-5.));
#2719 = ( GEOMETRIC_REPRESENTATION_CONTEXT(2) 
PARAMETRIC_REPRESENTATION_CONTEXT() REPRESENTATION_CONTEXT('2D SPACE',''
  ) );
#2720 = PCURVE('',#2532,#2721);
#2721 = DEFINITIONAL_REPRESENTATION('',(#2722),#2725);
#2722 = B_SPLINE_CURVE_WITH_KNOTS('',1,(#2723,#2724),.UNSPECIFIED.,.F.,
  .F.,(2,2),(-8.,8.),.PIECEWISE_BEZIER_KNOTS.);
#2723 = CARTESIAN_POINT('',(8.,-20.));
#2724 = CARTESIAN_POINT('',(-8.,-20.));
#2725 = ( GEOMETRIC_REPRESENTATION_CONTEXT(2) 
PARAMETRIC_REPRESENTATION_CONTEXT() REPRESENTATION_CONTEXT('2D SPACE',''
  ) );
#2726 = ADVANCED_FACE('',(#2727),#2532,.F.);
#2727 = FACE_BOUND('',#2728,.F.);
#2728 = EDGE_LOOP('',(#2729,#2753,#2775,#2776,#2777));
#2729 = ORIENTED_EDGE('',*,*,#2730,.T.);
#2730 = EDGE_CURVE('',#2518,#2731,#2733,.T.);
#2731 = VERTEX_POINT('',#2732);
#2732 = CARTESIAN_POINT('',(755.,-75.,1.67015E+03));
#2733 = SURFACE_CURVE('',#2734,(#2739,#2746),.PCURVE_S1.);
#2734 = CIRCLE('',#2735,25.);
#2735 = AXIS2_PLACEMENT_3D('',#2736,#2737,#2738);
#2736 = CARTESIAN_POINT('',(730.,-75.,1.67015E+03));
#2737 = DIRECTION('',(0.,-1.,2.22044604925E-16));
#2738 = DIRECTION('',(1.,0.,0.));
#2739 = PCURVE('',#2532,#2740);
#2740 = DEFINITIONAL_REPRESENTATION('',(#2741),#2745);
#2741 = CIRCLE('',#2742,25.);
#2742 = AXIS2_PLACEMENT_2D('',#2743,#2744);
#2743 = CARTESIAN_POINT('',(0.,0.));
#2744 = DIRECTION('',(1.,0.));
#2745 = ( GEOMETRIC_REPRESENTATION_CONTEXT(2) 
PARAMETRIC_REPRESENTATION_CONTEXT() REPRESENTATION_CONTEXT('2D SPACE',''
  ) );
#2746 = PCURVE('',#2617,#2747);
#2747 = DEFINITIONAL_REPRESENTATION('',(#2748),#2752);
#2748 = LINE('',#2749,#2750);
#2749 = CARTESIAN_POINT('',(0.,0.));
#2750 = VECTOR('',#2751,1.);
#2751 = DIRECTION('',(1.,0.));
#2752 = ( GEOMETRIC_REPRESENTATION_CONTEXT(2) 
PARAMETRIC_REPRESENTATION_CONTEXT() REPRESENTATION_CONTEXT('2D SPACE',''
  ) );
#2753 = ORIENTED_EDGE('',*,*,#2754,.T.);
#2754 = EDGE_CURVE('',#2731,#2544,#2755,.T.);
#2755 = SURFACE_CURVE('',#2756,(#2761,#2768),.PCURVE_S1.);
#2756 = CIRCLE('',#2757,25.);
#2757 = AXIS2_PLACEMENT_3D('',#2758,#2759,#2760);
#2758 = CARTESIAN_POINT('',(730.,-75.,1.67015E+03));
#2759 = DIRECTION('',(0.,-1.,2.22044604925E-16));
#2760 = DIRECTION('',(1.,0.,0.));
#2761 = PCURVE('',#2532,#2762);
#2762 = DEFINITIONAL_REPRESENTATION('',(#2763),#2767);
#2763 = CIRCLE('',#2764,25.);
#2764 = AXIS2_PLACEMENT_2D('',#2765,#2766);
#2765 = CARTESIAN_POINT('',(0.,0.));
#2766 = DIRECTION('',(1.,0.));
#2767 = ( GEOMETRIC_REPRESENTATION_CONTEXT(2) 
PARAMETRIC_REPRESENTATION_CONTEXT() REPRESENTATION_CONTEXT('2D SPACE',''
  ) );
#2768 = PCURVE('',#2617,#2769);
#2769 = DEFINITIONAL_REPRESENTATION('',(#2770),#2774);
#2770 = LINE('',#2771,#2772);
#2771 = CARTESIAN_POINT('',(0.,0.));
#2772 = VECTOR('',#2773,1.);
#2773 = DIRECTION('',(1.,0.));
#2774 = ( GEOMETRIC_REPRESENTATION_CONTEXT(2) 
PARAMETRIC_REPRESENTATION_CONTEXT() REPRESENTATION_CONTEXT('2D SPACE',''
  ) );
#2775 = ORIENTED_EDGE('',*,*,#2658,.T.);
#2776 = ORIENTED_EDGE('',*,*,#2708,.F.);
#2777 = ORIENTED_EDGE('',*,*,#2517,.F.);
#2778 = ADVANCED_FACE('',(#2779),#2617,.T.);
#2779 = FACE_BOUND('',#2780,.T.);
#2780 = EDGE_LOOP('',(#2781,#2804,#2831,#2832,#2833,#2834));
#2781 = ORIENTED_EDGE('',*,*,#2782,.T.);
#2782 = EDGE_CURVE('',#2731,#2783,#2785,.T.);
#2783 = VERTEX_POINT('',#2784);
#2784 = CARTESIAN_POINT('',(755.,-95.,1.67015E+03));
#2785 = SEAM_CURVE('',#2786,(#2790,#2797),.PCURVE_S1.);
#2786 = LINE('',#2787,#2788);
#2787 = CARTESIAN_POINT('',(755.,-75.,1.67015E+03));
#2788 = VECTOR('',#2789,1.);
#2789 = DIRECTION('',(0.,-1.,2.22044604925E-16));
#2790 = PCURVE('',#2617,#2791);
#2791 = DEFINITIONAL_REPRESENTATION('',(#2792),#2796);
#2792 = LINE('',#2793,#2794);
#2793 = CARTESIAN_POINT('',(6.28318530718,-0.));
#2794 = VECTOR('',#2795,1.);
#2795 = DIRECTION('',(0.,1.));
#2796 = ( GEOMETRIC_REPRESENTATION_CONTEXT(2) 
PARAMETRIC_REPRESENTATION_CONTEXT() REPRESENTATION_CONTEXT('2D SPACE',''
  ) );
#2797 = PCURVE('',#2617,#2798);
#2798 = DEFINITIONAL_REPRESENTATION('',(#2799),#2803);
#2799 = LINE('',#2800,#2801);
#2800 = CARTESIAN_POINT('',(0.,-0.));
#2801 = VECTOR('',#2802,1.);
#2802 = DIRECTION('',(0.,1.));
#2803 = ( GEOMETRIC_REPRESENTATION_CONTEXT(2) 
PARAMETRIC_REPRESENTATION_CONTEXT() REPRESENTATION_CONTEXT('2D SPACE',''
  ) );
#2804 = ORIENTED_EDGE('',*,*,#2805,.F.);
#2805 = EDGE_CURVE('',#2783,#2783,#2806,.T.);
#2806 = SURFACE_CURVE('',#2807,(#2812,#2819),.PCURVE_S1.);
#2807 = CIRCLE('',#2808,25.);
#2808 = AXIS2_PLACEMENT_3D('',#2809,#2810,#2811);
#2809 = CARTESIAN_POINT('',(730.,-95.,1.67015E+03));
#2810 = DIRECTION('',(0.,-1.,2.22044604925E-16));
#2811 = DIRECTION('',(1.,0.,0.));
#2812 = PCURVE('',#2617,#2813);
#2813 = DEFINITIONAL_REPRESENTATION('',(#2814),#2818);
#2814 = LINE('',#2815,#2816);
#2815 = CARTESIAN_POINT('',(0.,20.));
#2816 = VECTOR('',#2817,1.);
#2817 = DIRECTION('',(1.,0.));
#2818 = ( GEOMETRIC_REPRESENTATION_CONTEXT(2) 
PARAMETRIC_REPRESENTATION_CONTEXT() REPRESENTATION_CONTEXT('2D SPACE',''
  ) );
#2819 = PCURVE('',#2820,#2825);
#2820 = PLANE('',#2821);
#2821 = AXIS2_PLACEMENT_3D('',#2822,#2823,#2824);
#2822 = CARTESIAN_POINT('',(730.,-95.,1.67015E+03));
#2823 = DIRECTION('',(0.,-1.,2.22044604925E-16));
#2824 = DIRECTION('',(1.,0.,0.));
#2825 = DEFINITIONAL_REPRESENTATION('',(#2826),#2830);
#2826 = CIRCLE('',#2827,25.);
#2827 = AXIS2_PLACEMENT_2D('',#2828,#2829);
#2828 = CARTESIAN_POINT('',(0.,0.));
#2829 = DIRECTION('',(1.,0.));
#2830 = ( GEOMETRIC_REPRESENTATION_CONTEXT(2) 
PARAMETRIC_REPRESENTATION_CONTEXT() REPRESENTATION_CONTEXT('2D SPACE',''
  ) );
#2831 = ORIENTED_EDGE('',*,*,#2782,.F.);
#2832 = ORIENTED_EDGE('',*,*,#2754,.T.);
#2833 = ORIENTED_EDGE('',*,*,#2543,.T.);
#2834 = ORIENTED_EDGE('',*,*,#2730,.T.);
#2835 = ADVANCED_FACE('',(#2836),#2820,.T.);
#2836 = FACE_BOUND('',#2837,.T.);
#2837 = EDGE_LOOP('',(#2838));
#2838 = ORIENTED_EDGE('',*,*,#2805,.T.);
#2839 = ( GEOMETRIC_REPRESENTATION_CONTEXT(3) 
GLOBAL_UNCERTAINTY_ASSIGNED_CONTEXT((#2843)) 
GLOBAL_UNIT_ASSIGNED_CONTEXT((#2840,#2841,#2842)) REPRESENTATION_CONTEXT
('Context #1','3D Context with UNIT and UNCERTAINTY') );
#2840 = ( LENGTH_UNIT() NAMED_UNIT(*) SI_UNIT(.MILLI.,.METRE.) );
#2841 = ( NAMED_UNIT(*) PLANE_ANGLE_UNIT() SI_UNIT($,.RADIAN.) );
#2842 = ( NAMED_UNIT(*) SI_UNIT($,.STERADIAN.) SOLID_ANGLE_UNIT() );
#2843 = UNCERTAINTY_MEASURE_WITH_UNIT(LENGTH_MEASURE(2.E-07),#2840,
  'distance_accuracy_value','confusion accuracy');
#2844 = CONTEXT_DEPENDENT_SHAPE_REPRESENTATION(#2845,#2847);
#2845 = ( REPRESENTATION_RELATIONSHIP('','',#2047,#10) 
REPRESENTATION_RELATIONSHIP_WITH_TRANSFORMATION(#2846) 
SHAPE_REPRESENTATION_RELATIONSHIP() );
#2846 = ITEM_DEFINED_TRANSFORMATION('','',#11,#19);
#2847 = PRODUCT_DEFINITION_SHAPE('Placement','Placement of an item',
  #2848);
#2848 = NEXT_ASSEMBLY_USAGE_OCCURRENCE('18','=>[0:1:1:3]','',#5,#2042,$
  );
#2849 = PRODUCT_RELATED_PRODUCT_CATEGORY('part',$,(#2044));
#2850 = SHAPE_DEFINITION_REPRESENTATION(#2851,#2857);
#2851 = PRODUCT_DEFINITION_SHAPE('','',#2852);
#2852 = PRODUCT_DEFINITION('design','',#2853,#2856);
#2853 = PRODUCT_DEFINITION_FORMATION('','',#2854);
#2854 = PRODUCT('COMPOUND','COMPOUND','',(#2855));
#2855 = PRODUCT_CONTEXT('',#2,'mechanical');
#2856 = PRODUCT_DEFINITION_CONTEXT('part definition',#2,'design');
#2857 = ADVANCED_BREP_SHAPE_REPRESENTATION('',(#11,#2858),#7015);
#2858 = BREP_WITH_VOIDS('',#2859,(#5941));
#2859 = CLOSED_SHELL('',(#2860,#2980,#3056,#3260,#3309,#3440,#3447,#4706
    ,#4733,#4760,#4787,#4814,#4870,#4905,#5316,#5371,#5777,#5781,#5836,
    #5925,#5929,#5933,#5937));
#2860 = ADVANCED_FACE('',(#2861),#2875,.F.);
#2861 = FACE_BOUND('',#2862,.F.);
#2862 = EDGE_LOOP('',(#2863,#2898,#2926,#2954));
#2863 = ORIENTED_EDGE('',*,*,#2864,.F.);
#2864 = EDGE_CURVE('',#2865,#2867,#2869,.T.);
#2865 = VERTEX_POINT('',#2866);
#2866 = CARTESIAN_POINT('',(630.,-317.15,500.));
#2867 = VERTEX_POINT('',#2868);
#2868 = CARTESIAN_POINT('',(630.,-317.15,510.));
#2869 = SURFACE_CURVE('',#2870,(#2874,#2886),.PCURVE_S1.);
#2870 = LINE('',#2871,#2872);
#2871 = CARTESIAN_POINT('',(630.,-317.15,500.));
#2872 = VECTOR('',#2873,1.);
#2873 = DIRECTION('',(0.,0.,1.));
#2874 = PCURVE('',#2875,#2880);
#2875 = PLANE('',#2876);
#2876 = AXIS2_PLACEMENT_3D('',#2877,#2878,#2879);
#2877 = CARTESIAN_POINT('',(630.,-317.15,500.));
#2878 = DIRECTION('',(1.,0.,-0.));
#2879 = DIRECTION('',(0.,0.,1.));
#2880 = DEFINITIONAL_REPRESENTATION('',(#2881),#2885);
#2881 = LINE('',#2882,#2883);
#2882 = CARTESIAN_POINT('',(0.,0.));
#2883 = VECTOR('',#2884,1.);
#2884 = DIRECTION('',(1.,0.));
#2885 = ( GEOMETRIC_REPRESENTATION_CONTEXT(2) 
PARAMETRIC_REPRESENTATION_CONTEXT() REPRESENTATION_CONTEXT('2D SPACE',''
  ) );
#2886 = PCURVE('',#2887,#2892);
#2887 = PLANE('',#2888);
#2888 = AXIS2_PLACEMENT_3D('',#2889,#2890,#2891);
#2889 = CARTESIAN_POINT('',(630.,-317.15,500.));
#2890 = DIRECTION('',(-0.,1.,0.));
#2891 = DIRECTION('',(0.,0.,1.));
#2892 = DEFINITIONAL_REPRESENTATION('',(#2893),#2897);
#2893 = LINE('',#2894,#2895);
#2894 = CARTESIAN_POINT('',(0.,0.));
#2895 = VECTOR('',#2896,1.);
#2896 = DIRECTION('',(1.,0.));
#2897 = ( GEOMETRIC_REPRESENTATION_CONTEXT(2) 
PARAMETRIC_REPRESENTATION_CONTEXT() REPRESENTATION_CONTEXT('2D SPACE',''
  ) );
#2898 = ORIENTED_EDGE('',*,*,#2899,.T.);
#2899 = EDGE_CURVE('',#2865,#2900,#2902,.T.);
#2900 = VERTEX_POINT('',#2901);
#2901 = CARTESIAN_POINT('',(630.,-117.15,500.));
#2902 = SURFACE_CURVE('',#2903,(#2907,#2914),.PCURVE_S1.);
#2903 = LINE('',#2904,#2905);
#2904 = CARTESIAN_POINT('',(630.,-317.15,500.));
#2905 = VECTOR('',#2906,1.);
#2906 = DIRECTION('',(-0.,1.,0.));
#2907 = PCURVE('',#2875,#2908);
#2908 = DEFINITIONAL_REPRESENTATION('',(#2909),#2913);
#2909 = LINE('',#2910,#2911);
#2910 = CARTESIAN_POINT('',(0.,0.));
#2911 = VECTOR('',#2912,1.);
#2912 = DIRECTION('',(0.,-1.));
#2913 = ( GEOMETRIC_REPRESENTATION_CONTEXT(2) 
PARAMETRIC_REPRESENTATION_CONTEXT() REPRESENTATION_CONTEXT('2D SPACE',''
  ) );
#2914 = PCURVE('',#2915,#2920);
#2915 = PLANE('',#2916);
#2916 = AXIS2_PLACEMENT_3D('',#2917,#2918,#2919);
#2917 = CARTESIAN_POINT('',(630.,-317.15,500.));
#2918 = DIRECTION('',(0.,0.,1.));
#2919 = DIRECTION('',(1.,0.,-0.));
#2920 = DEFINITIONAL_REPRESENTATION('',(#2921),#2925);
#2921 = LINE('',#2922,#2923);
#2922 = CARTESIAN_POINT('',(0.,0.));
#2923 = VECTOR('',#2924,1.);
#2924 = DIRECTION('',(0.,1.));
#2925 = ( GEOMETRIC_REPRESENTATION_CONTEXT(2) 
PARAMETRIC_REPRESENTATION_CONTEXT() REPRESENTATION_CONTEXT('2D SPACE',''
  ) );
#2926 = ORIENTED_EDGE('',*,*,#2927,.T.);
#2927 = EDGE_CURVE('',#2900,#2928,#2930,.T.);
#2928 = VERTEX_POINT('',#2929);
#2929 = CARTESIAN_POINT('',(630.,-117.15,510.));
#2930 = SURFACE_CURVE('',#2931,(#2935,#2942),.PCURVE_S1.);
#2931 = LINE('',#2932,#2933);
#2932 = CARTESIAN_POINT('',(630.,-117.15,500.));
#2933 = VECTOR('',#2934,1.);
#2934 = DIRECTION('',(0.,0.,1.));
#2935 = PCURVE('',#2875,#2936);
#2936 = DEFINITIONAL_REPRESENTATION('',(#2937),#2941);
#2937 = LINE('',#2938,#2939);
#2938 = CARTESIAN_POINT('',(0.,-200.));
#2939 = VECTOR('',#2940,1.);
#2940 = DIRECTION('',(1.,0.));
#2941 = ( GEOMETRIC_REPRESENTATION_CONTEXT(2) 
PARAMETRIC_REPRESENTATION_CONTEXT() REPRESENTATION_CONTEXT('2D SPACE',''
  ) );
#2942 = PCURVE('',#2943,#2948);
#2943 = PLANE('',#2944);
#2944 = AXIS2_PLACEMENT_3D('',#2945,#2946,#2947);
#2945 = CARTESIAN_POINT('',(630.,-117.15,500.));
#2946 = DIRECTION('',(-0.,1.,0.));
#2947 = DIRECTION('',(0.,0.,1.));
#2948 = DEFINITIONAL_REPRESENTATION('',(#2949),#2953);
#2949 = LINE('',#2950,#2951);
#2950 = CARTESIAN_POINT('',(0.,0.));
#2951 = VECTOR('',#2952,1.);
#2952 = DIRECTION('',(1.,0.));
#2953 = ( GEOMETRIC_REPRESENTATION_CONTEXT(2) 
PARAMETRIC_REPRESENTATION_CONTEXT() REPRESENTATION_CONTEXT('2D SPACE',''
  ) );
#2954 = ORIENTED_EDGE('',*,*,#2955,.F.);
#2955 = EDGE_CURVE('',#2867,#2928,#2956,.T.);
#2956 = SURFACE_CURVE('',#2957,(#2961,#2968),.PCURVE_S1.);
#2957 = LINE('',#2958,#2959);
#2958 = CARTESIAN_POINT('',(630.,-317.15,510.));
#2959 = VECTOR('',#2960,1.);
#2960 = DIRECTION('',(-0.,1.,0.));
#2961 = PCURVE('',#2875,#2962);
#2962 = DEFINITIONAL_REPRESENTATION('',(#2963),#2967);
#2963 = LINE('',#2964,#2965);
#2964 = CARTESIAN_POINT('',(10.,0.));
#2965 = VECTOR('',#2966,1.);
#2966 = DIRECTION('',(0.,-1.));
#2967 = ( GEOMETRIC_REPRESENTATION_CONTEXT(2) 
PARAMETRIC_REPRESENTATION_CONTEXT() REPRESENTATION_CONTEXT('2D SPACE',''
  ) );
#2968 = PCURVE('',#2969,#2974);
#2969 = PLANE('',#2970);
#2970 = AXIS2_PLACEMENT_3D('',#2971,#2972,#2973);
#2971 = CARTESIAN_POINT('',(630.,-317.15,510.));
#2972 = DIRECTION('',(0.,0.,1.));
#2973 = DIRECTION('',(1.,0.,-0.));
#2974 = DEFINITIONAL_REPRESENTATION('',(#2975),#2979);
#2975 = LINE('',#2976,#2977);
#2976 = CARTESIAN_POINT('',(0.,0.));
#2977 = VECTOR('',#2978,1.);
#2978 = DIRECTION('',(0.,1.));
#2979 = ( GEOMETRIC_REPRESENTATION_CONTEXT(2) 
PARAMETRIC_REPRESENTATION_CONTEXT() REPRESENTATION_CONTEXT('2D SPACE',''
  ) );
#2980 = ADVANCED_FACE('',(#2981),#2887,.F.);
#2981 = FACE_BOUND('',#2982,.F.);
#2982 = EDGE_LOOP('',(#2983,#3006,#3007,#3030));
#2983 = ORIENTED_EDGE('',*,*,#2984,.F.);
#2984 = EDGE_CURVE('',#2865,#2985,#2987,.T.);
#2985 = VERTEX_POINT('',#2986);
#2986 = CARTESIAN_POINT('',(830.,-317.15,500.));
#2987 = SURFACE_CURVE('',#2988,(#2992,#2999),.PCURVE_S1.);
#2988 = LINE('',#2989,#2990);
#2989 = CARTESIAN_POINT('',(630.,-317.15,500.));
#2990 = VECTOR('',#2991,1.);
#2991 = DIRECTION('',(1.,0.,-0.));
#2992 = PCURVE('',#2887,#2993);
#2993 = DEFINITIONAL_REPRESENTATION('',(#2994),#2998);
#2994 = LINE('',#2995,#2996);
#2995 = CARTESIAN_POINT('',(0.,0.));
#2996 = VECTOR('',#2997,1.);
#2997 = DIRECTION('',(0.,1.));
#2998 = ( GEOMETRIC_REPRESENTATION_CONTEXT(2) 
PARAMETRIC_REPRESENTATION_CONTEXT() REPRESENTATION_CONTEXT('2D SPACE',''
  ) );
#2999 = PCURVE('',#2915,#3000);
#3000 = DEFINITIONAL_REPRESENTATION('',(#3001),#3005);
#3001 = LINE('',#3002,#3003);
#3002 = CARTESIAN_POINT('',(0.,0.));
#3003 = VECTOR('',#3004,1.);
#3004 = DIRECTION('',(1.,0.));
#3005 = ( GEOMETRIC_REPRESENTATION_CONTEXT(2) 
PARAMETRIC_REPRESENTATION_CONTEXT() REPRESENTATION_CONTEXT('2D SPACE',''
  ) );
#3006 = ORIENTED_EDGE('',*,*,#2864,.T.);
#3007 = ORIENTED_EDGE('',*,*,#3008,.T.);
#3008 = EDGE_CURVE('',#2867,#3009,#3011,.T.);
#3009 = VERTEX_POINT('',#3010);
#3010 = CARTESIAN_POINT('',(830.,-317.15,510.));
#3011 = SURFACE_CURVE('',#3012,(#3016,#3023),.PCURVE_S1.);
#3012 = LINE('',#3013,#3014);
#3013 = CARTESIAN_POINT('',(630.,-317.15,510.));
#3014 = VECTOR('',#3015,1.);
#3015 = DIRECTION('',(1.,0.,-0.));
#3016 = PCURVE('',#2887,#3017);
#3017 = DEFINITIONAL_REPRESENTATION('',(#3018),#3022);
#3018 = LINE('',#3019,#3020);
#3019 = CARTESIAN_POINT('',(10.,0.));
#3020 = VECTOR('',#3021,1.);
#3021 = DIRECTION('',(0.,1.));
#3022 = ( GEOMETRIC_REPRESENTATION_CONTEXT(2) 
PARAMETRIC_REPRESENTATION_CONTEXT() REPRESENTATION_CONTEXT('2D SPACE',''
  ) );
#3023 = PCURVE('',#2969,#3024);
#3024 = DEFINITIONAL_REPRESENTATION('',(#3025),#3029);
#3025 = LINE('',#3026,#3027);
#3026 = CARTESIAN_POINT('',(0.,0.));
#3027 = VECTOR('',#3028,1.);
#3028 = DIRECTION('',(1.,0.));
#3029 = ( GEOMETRIC_REPRESENTATION_CONTEXT(2) 
PARAMETRIC_REPRESENTATION_CONTEXT() REPRESENTATION_CONTEXT('2D SPACE',''
  ) );
#3030 = ORIENTED_EDGE('',*,*,#3031,.F.);
#3031 = EDGE_CURVE('',#2985,#3009,#3032,.T.);
#3032 = SURFACE_CURVE('',#3033,(#3037,#3044),.PCURVE_S1.);
#3033 = LINE('',#3034,#3035);
#3034 = CARTESIAN_POINT('',(830.,-317.15,500.));
#3035 = VECTOR('',#3036,1.);
#3036 = DIRECTION('',(0.,0.,1.));
#3037 = PCURVE('',#2887,#3038);
#3038 = DEFINITIONAL_REPRESENTATION('',(#3039),#3043);
#3039 = LINE('',#3040,#3041);
#3040 = CARTESIAN_POINT('',(0.,200.));
#3041 = VECTOR('',#3042,1.);
#3042 = DIRECTION('',(1.,0.));
#3043 = ( GEOMETRIC_REPRESENTATION_CONTEXT(2) 
PARAMETRIC_REPRESENTATION_CONTEXT() REPRESENTATION_CONTEXT('2D SPACE',''
  ) );
#3044 = PCURVE('',#3045,#3050);
#3045 = PLANE('',#3046);
#3046 = AXIS2_PLACEMENT_3D('',#3047,#3048,#3049);
#3047 = CARTESIAN_POINT('',(830.,-317.15,500.));
#3048 = DIRECTION('',(1.,0.,-0.));
#3049 = DIRECTION('',(0.,0.,1.));
#3050 = DEFINITIONAL_REPRESENTATION('',(#3051),#3055);
#3051 = LINE('',#3052,#3053);
#3052 = CARTESIAN_POINT('',(0.,0.));
#3053 = VECTOR('',#3054,1.);
#3054 = DIRECTION('',(1.,0.));
#3055 = ( GEOMETRIC_REPRESENTATION_CONTEXT(2) 
PARAMETRIC_REPRESENTATION_CONTEXT() REPRESENTATION_CONTEXT('2D SPACE',''
  ) );
#3056 = ADVANCED_FACE('',(#3057,#3105,#3136,#3167,#3198,#3229),#2969,.T.
  );
#3057 = FACE_BOUND('',#3058,.T.);
#3058 = EDGE_LOOP('',(#3059,#3060,#3061,#3084));
#3059 = ORIENTED_EDGE('',*,*,#2955,.F.);
#3060 = ORIENTED_EDGE('',*,*,#3008,.T.);
#3061 = ORIENTED_EDGE('',*,*,#3062,.T.);
#3062 = EDGE_CURVE('',#3009,#3063,#3065,.T.);
#3063 = VERTEX_POINT('',#3064);
#3064 = CARTESIAN_POINT('',(830.,-117.15,510.));
#3065 = SURFACE_CURVE('',#3066,(#3070,#3077),.PCURVE_S1.);
#3066 = LINE('',#3067,#3068);
#3067 = CARTESIAN_POINT('',(830.,-317.15,510.));
#3068 = VECTOR('',#3069,1.);
#3069 = DIRECTION('',(-0.,1.,0.));
#3070 = PCURVE('',#2969,#3071);
#3071 = DEFINITIONAL_REPRESENTATION('',(#3072),#3076);
#3072 = LINE('',#3073,#3074);
#3073 = CARTESIAN_POINT('',(200.,0.));
#3074 = VECTOR('',#3075,1.);
#3075 = DIRECTION('',(0.,1.));
#3076 = ( GEOMETRIC_REPRESENTATION_CONTEXT(2) 
PARAMETRIC_REPRESENTATION_CONTEXT() REPRESENTATION_CONTEXT('2D SPACE',''
  ) );
#3077 = PCURVE('',#3045,#3078);
#3078 = DEFINITIONAL_REPRESENTATION('',(#3079),#3083);
#3079 = LINE('',#3080,#3081);
#3080 = CARTESIAN_POINT('',(10.,0.));
#3081 = VECTOR('',#3082,1.);
#3082 = DIRECTION('',(0.,-1.));
#3083 = ( GEOMETRIC_REPRESENTATION_CONTEXT(2) 
PARAMETRIC_REPRESENTATION_CONTEXT() REPRESENTATION_CONTEXT('2D SPACE',''
  ) );
#3084 = ORIENTED_EDGE('',*,*,#3085,.F.);
#3085 = EDGE_CURVE('',#2928,#3063,#3086,.T.);
#3086 = SURFACE_CURVE('',#3087,(#3091,#3098),.PCURVE_S1.);
#3087 = LINE('',#3088,#3089);
#3088 = CARTESIAN_POINT('',(630.,-117.15,510.));
#3089 = VECTOR('',#3090,1.);
#3090 = DIRECTION('',(1.,0.,-0.));
#3091 = PCURVE('',#2969,#3092);
#3092 = DEFINITIONAL_REPRESENTATION('',(#3093),#3097);
#3093 = LINE('',#3094,#3095);
#3094 = CARTESIAN_POINT('',(0.,200.));
#3095 = VECTOR('',#3096,1.);
#3096 = DIRECTION('',(1.,0.));
#3097 = ( GEOMETRIC_REPRESENTATION_CONTEXT(2) 
PARAMETRIC_REPRESENTATION_CONTEXT() REPRESENTATION_CONTEXT('2D SPACE',''
  ) );
#3098 = PCURVE('',#2943,#3099);
#3099 = DEFINITIONAL_REPRESENTATION('',(#3100),#3104);
#3100 = LINE('',#3101,#3102);
#3101 = CARTESIAN_POINT('',(10.,0.));
#3102 = VECTOR('',#3103,1.);
#3103 = DIRECTION('',(0.,1.));
#3104 = ( GEOMETRIC_REPRESENTATION_CONTEXT(2) 
PARAMETRIC_REPRESENTATION_CONTEXT() REPRESENTATION_CONTEXT('2D SPACE',''
  ) );
#3105 = FACE_BOUND('',#3106,.T.);
#3106 = EDGE_LOOP('',(#3107));
#3107 = ORIENTED_EDGE('',*,*,#3108,.F.);
#3108 = EDGE_CURVE('',#3109,#3109,#3111,.T.);
#3109 = VERTEX_POINT('',#3110);
#3110 = CARTESIAN_POINT('',(787.15,-217.15,510.));
#3111 = SURFACE_CURVE('',#3112,(#3117,#3124),.PCURVE_S1.);
#3112 = CIRCLE('',#3113,57.15);
#3113 = AXIS2_PLACEMENT_3D('',#3114,#3115,#3116);
#3114 = CARTESIAN_POINT('',(730.,-217.15,510.));
#3115 = DIRECTION('',(0.,0.,1.));
#3116 = DIRECTION('',(1.,0.,-0.));
#3117 = PCURVE('',#2969,#3118);
#3118 = DEFINITIONAL_REPRESENTATION('',(#3119),#3123);
#3119 = CIRCLE('',#3120,57.15);
#3120 = AXIS2_PLACEMENT_2D('',#3121,#3122);
#3121 = CARTESIAN_POINT('',(100.,100.));
#3122 = DIRECTION('',(1.,0.));
#3123 = ( GEOMETRIC_REPRESENTATION_CONTEXT(2) 
PARAMETRIC_REPRESENTATION_CONTEXT() REPRESENTATION_CONTEXT('2D SPACE',''
  ) );
#3124 = PCURVE('',#3125,#3130);
#3125 = CYLINDRICAL_SURFACE('',#3126,57.15);
#3126 = AXIS2_PLACEMENT_3D('',#3127,#3128,#3129);
#3127 = CARTESIAN_POINT('',(730.,-217.15,510.));
#3128 = DIRECTION('',(0.,0.,1.));
#3129 = DIRECTION('',(1.,0.,-0.));
#3130 = DEFINITIONAL_REPRESENTATION('',(#3131),#3135);
#3131 = LINE('',#3132,#3133);
#3132 = CARTESIAN_POINT('',(0.,0.));
#3133 = VECTOR('',#3134,1.);
#3134 = DIRECTION('',(1.,0.));
#3135 = ( GEOMETRIC_REPRESENTATION_CONTEXT(2) 
PARAMETRIC_REPRESENTATION_CONTEXT() REPRESENTATION_CONTEXT('2D SPACE',''
  ) );
#3136 = FACE_BOUND('',#3137,.T.);
#3137 = EDGE_LOOP('',(#3138));
#3138 = ORIENTED_EDGE('',*,*,#3139,.F.);
#3139 = EDGE_CURVE('',#3140,#3140,#3142,.T.);
#3140 = VERTEX_POINT('',#3141);
#3141 = CARTESIAN_POINT('',(655.,-297.15,510.));
#3142 = SURFACE_CURVE('',#3143,(#3148,#3155),.PCURVE_S1.);
#3143 = CIRCLE('',#3144,5.);
#3144 = AXIS2_PLACEMENT_3D('',#3145,#3146,#3147);
#3145 = CARTESIAN_POINT('',(650.,-297.15,510.));
#3146 = DIRECTION('',(0.,0.,1.));
#3147 = DIRECTION('',(1.,0.,-0.));
#3148 = PCURVE('',#2969,#3149);
#3149 = DEFINITIONAL_REPRESENTATION('',(#3150),#3154);
#3150 = CIRCLE('',#3151,5.);
#3151 = AXIS2_PLACEMENT_2D('',#3152,#3153);
#3152 = CARTESIAN_POINT('',(20.,20.));
#3153 = DIRECTION('',(1.,0.));
#3154 = ( GEOMETRIC_REPRESENTATION_CONTEXT(2) 
PARAMETRIC_REPRESENTATION_CONTEXT() REPRESENTATION_CONTEXT('2D SPACE',''
  ) );
#3155 = PCURVE('',#3156,#3161);
#3156 = CYLINDRICAL_SURFACE('',#3157,5.);
#3157 = AXIS2_PLACEMENT_3D('',#3158,#3159,#3160);
#3158 = CARTESIAN_POINT('',(650.,-297.15,480.));
#3159 = DIRECTION('',(0.,0.,1.));
#3160 = DIRECTION('',(1.,0.,-0.));
#3161 = DEFINITIONAL_REPRESENTATION('',(#3162),#3166);
#3162 = LINE('',#3163,#3164);
#3163 = CARTESIAN_POINT('',(0.,30.));
#3164 = VECTOR('',#3165,1.);
#3165 = DIRECTION('',(1.,0.));
#3166 = ( GEOMETRIC_REPRESENTATION_CONTEXT(2) 
PARAMETRIC_REPRESENTATION_CONTEXT() REPRESENTATION_CONTEXT('2D SPACE',''
  ) );
#3167 = FACE_BOUND('',#3168,.T.);
#3168 = EDGE_LOOP('',(#3169));
#3169 = ORIENTED_EDGE('',*,*,#3170,.F.);
#3170 = EDGE_CURVE('',#3171,#3171,#3173,.T.);
#3171 = VERTEX_POINT('',#3172);
#3172 = CARTESIAN_POINT('',(815.,-297.15,510.));
#3173 = SURFACE_CURVE('',#3174,(#3179,#3186),.PCURVE_S1.);
#3174 = CIRCLE('',#3175,5.);
#3175 = AXIS2_PLACEMENT_3D('',#3176,#3177,#3178);
#3176 = CARTESIAN_POINT('',(810.,-297.15,510.));
#3177 = DIRECTION('',(0.,0.,1.));
#3178 = DIRECTION('',(1.,0.,-0.));
#3179 = PCURVE('',#2969,#3180);
#3180 = DEFINITIONAL_REPRESENTATION('',(#3181),#3185);
#3181 = CIRCLE('',#3182,5.);
#3182 = AXIS2_PLACEMENT_2D('',#3183,#3184);
#3183 = CARTESIAN_POINT('',(180.,20.));
#3184 = DIRECTION('',(1.,0.));
#3185 = ( GEOMETRIC_REPRESENTATION_CONTEXT(2) 
PARAMETRIC_REPRESENTATION_CONTEXT() REPRESENTATION_CONTEXT('2D SPACE',''
  ) );
#3186 = PCURVE('',#3187,#3192);
#3187 = CYLINDRICAL_SURFACE('',#3188,5.);
#3188 = AXIS2_PLACEMENT_3D('',#3189,#3190,#3191);
#3189 = CARTESIAN_POINT('',(810.,-297.15,480.));
#3190 = DIRECTION('',(0.,0.,1.));
#3191 = DIRECTION('',(1.,0.,-0.));
#3192 = DEFINITIONAL_REPRESENTATION('',(#3193),#3197);
#3193 = LINE('',#3194,#3195);
#3194 = CARTESIAN_POINT('',(0.,30.));
#3195 = VECTOR('',#3196,1.);
#3196 = DIRECTION('',(1.,0.));
#3197 = ( GEOMETRIC_REPRESENTATION_CONTEXT(2) 
PARAMETRIC_REPRESENTATION_CONTEXT() REPRESENTATION_CONTEXT('2D SPACE',''
  ) );
#3198 = FACE_BOUND('',#3199,.T.);
#3199 = EDGE_LOOP('',(#3200));
#3200 = ORIENTED_EDGE('',*,*,#3201,.F.);
#3201 = EDGE_CURVE('',#3202,#3202,#3204,.T.);
#3202 = VERTEX_POINT('',#3203);
#3203 = CARTESIAN_POINT('',(655.,-137.15,510.));
#3204 = SURFACE_CURVE('',#3205,(#3210,#3217),.PCURVE_S1.);
#3205 = CIRCLE('',#3206,5.);
#3206 = AXIS2_PLACEMENT_3D('',#3207,#3208,#3209);
#3207 = CARTESIAN_POINT('',(650.,-137.15,510.));
#3208 = DIRECTION('',(0.,0.,1.));
#3209 = DIRECTION('',(1.,0.,-0.));
#3210 = PCURVE('',#2969,#3211);
#3211 = DEFINITIONAL_REPRESENTATION('',(#3212),#3216);
#3212 = CIRCLE('',#3213,5.);
#3213 = AXIS2_PLACEMENT_2D('',#3214,#3215);
#3214 = CARTESIAN_POINT('',(20.,180.));
#3215 = DIRECTION('',(1.,0.));
#3216 = ( GEOMETRIC_REPRESENTATION_CONTEXT(2) 
PARAMETRIC_REPRESENTATION_CONTEXT() REPRESENTATION_CONTEXT('2D SPACE',''
  ) );
#3217 = PCURVE('',#3218,#3223);
#3218 = CYLINDRICAL_SURFACE('',#3219,5.);
#3219 = AXIS2_PLACEMENT_3D('',#3220,#3221,#3222);
#3220 = CARTESIAN_POINT('',(650.,-137.15,480.));
#3221 = DIRECTION('',(0.,0.,1.));
#3222 = DIRECTION('',(1.,0.,-0.));
#3223 = DEFINITIONAL_REPRESENTATION('',(#3224),#3228);
#3224 = LINE('',#3225,#3226);
#3225 = CARTESIAN_POINT('',(0.,30.));
#3226 = VECTOR('',#3227,1.);
#3227 = DIRECTION('',(1.,0.));
#3228 = ( GEOMETRIC_REPRESENTATION_CONTEXT(2) 
PARAMETRIC_REPRESENTATION_CONTEXT() REPRESENTATION_CONTEXT('2D SPACE',''
  ) );
#3229 = FACE_BOUND('',#3230,.T.);
#3230 = EDGE_LOOP('',(#3231));
#3231 = ORIENTED_EDGE('',*,*,#3232,.F.);
#3232 = EDGE_CURVE('',#3233,#3233,#3235,.T.);
#3233 = VERTEX_POINT('',#3234);
#3234 = CARTESIAN_POINT('',(815.,-137.15,510.));
#3235 = SURFACE_CURVE('',#3236,(#3241,#3248),.PCURVE_S1.);
#3236 = CIRCLE('',#3237,5.);
#3237 = AXIS2_PLACEMENT_3D('',#3238,#3239,#3240);
#3238 = CARTESIAN_POINT('',(810.,-137.15,510.));
#3239 = DIRECTION('',(0.,0.,1.));
#3240 = DIRECTION('',(1.,0.,-0.));
#3241 = PCURVE('',#2969,#3242);
#3242 = DEFINITIONAL_REPRESENTATION('',(#3243),#3247);
#3243 = CIRCLE('',#3244,5.);
#3244 = AXIS2_PLACEMENT_2D('',#3245,#3246);
#3245 = CARTESIAN_POINT('',(180.,180.));
#3246 = DIRECTION('',(1.,0.));
#3247 = ( GEOMETRIC_REPRESENTATION_CONTEXT(2) 
PARAMETRIC_REPRESENTATION_CONTEXT() REPRESENTATION_CONTEXT('2D SPACE',''
  ) );
#3248 = PCURVE('',#3249,#3254);
#3249 = CYLINDRICAL_SURFACE('',#3250,5.);
#3250 = AXIS2_PLACEMENT_3D('',#3251,#3252,#3253);
#3251 = CARTESIAN_POINT('',(810.,-137.15,480.));
#3252 = DIRECTION('',(0.,0.,1.));
#3253 = DIRECTION('',(1.,0.,-0.));
#3254 = DEFINITIONAL_REPRESENTATION('',(#3255),#3259);
#3255 = LINE('',#3256,#3257);
#3256 = CARTESIAN_POINT('',(0.,30.));
#3257 = VECTOR('',#3258,1.);
#3258 = DIRECTION('',(1.,0.));
#3259 = ( GEOMETRIC_REPRESENTATION_CONTEXT(2) 
PARAMETRIC_REPRESENTATION_CONTEXT() REPRESENTATION_CONTEXT('2D SPACE',''
  ) );
#3260 = ADVANCED_FACE('',(#3261),#2943,.T.);
#3261 = FACE_BOUND('',#3262,.T.);
#3262 = EDGE_LOOP('',(#3263,#3286,#3287,#3288));
#3263 = ORIENTED_EDGE('',*,*,#3264,.F.);
#3264 = EDGE_CURVE('',#2900,#3265,#3267,.T.);
#3265 = VERTEX_POINT('',#3266);
#3266 = CARTESIAN_POINT('',(830.,-117.15,500.));
#3267 = SURFACE_CURVE('',#3268,(#3272,#3279),.PCURVE_S1.);
#3268 = LINE('',#3269,#3270);
#3269 = CARTESIAN_POINT('',(630.,-117.15,500.));
#3270 = VECTOR('',#3271,1.);
#3271 = DIRECTION('',(1.,0.,-0.));
#3272 = PCURVE('',#2943,#3273);
#3273 = DEFINITIONAL_REPRESENTATION('',(#3274),#3278);
#3274 = LINE('',#3275,#3276);
#3275 = CARTESIAN_POINT('',(0.,0.));
#3276 = VECTOR('',#3277,1.);
#3277 = DIRECTION('',(0.,1.));
#3278 = ( GEOMETRIC_REPRESENTATION_CONTEXT(2) 
PARAMETRIC_REPRESENTATION_CONTEXT() REPRESENTATION_CONTEXT('2D SPACE',''
  ) );
#3279 = PCURVE('',#2915,#3280);
#3280 = DEFINITIONAL_REPRESENTATION('',(#3281),#3285);
#3281 = LINE('',#3282,#3283);
#3282 = CARTESIAN_POINT('',(0.,200.));
#3283 = VECTOR('',#3284,1.);
#3284 = DIRECTION('',(1.,0.));
#3285 = ( GEOMETRIC_REPRESENTATION_CONTEXT(2) 
PARAMETRIC_REPRESENTATION_CONTEXT() REPRESENTATION_CONTEXT('2D SPACE',''
  ) );
#3286 = ORIENTED_EDGE('',*,*,#2927,.T.);
#3287 = ORIENTED_EDGE('',*,*,#3085,.T.);
#3288 = ORIENTED_EDGE('',*,*,#3289,.F.);
#3289 = EDGE_CURVE('',#3265,#3063,#3290,.T.);
#3290 = SURFACE_CURVE('',#3291,(#3295,#3302),.PCURVE_S1.);
#3291 = LINE('',#3292,#3293);
#3292 = CARTESIAN_POINT('',(830.,-117.15,500.));
#3293 = VECTOR('',#3294,1.);
#3294 = DIRECTION('',(0.,0.,1.));
#3295 = PCURVE('',#2943,#3296);
#3296 = DEFINITIONAL_REPRESENTATION('',(#3297),#3301);
#3297 = LINE('',#3298,#3299);
#3298 = CARTESIAN_POINT('',(0.,200.));
#3299 = VECTOR('',#3300,1.);
#3300 = DIRECTION('',(1.,0.));
#3301 = ( GEOMETRIC_REPRESENTATION_CONTEXT(2) 
PARAMETRIC_REPRESENTATION_CONTEXT() REPRESENTATION_CONTEXT('2D SPACE',''
  ) );
#3302 = PCURVE('',#3045,#3303);
#3303 = DEFINITIONAL_REPRESENTATION('',(#3304),#3308);
#3304 = LINE('',#3305,#3306);
#3305 = CARTESIAN_POINT('',(0.,-200.));
#3306 = VECTOR('',#3307,1.);
#3307 = DIRECTION('',(1.,0.));
#3308 = ( GEOMETRIC_REPRESENTATION_CONTEXT(2) 
PARAMETRIC_REPRESENTATION_CONTEXT() REPRESENTATION_CONTEXT('2D SPACE',''
  ) );
#3309 = ADVANCED_FACE('',(#3310,#3336,#3362,#3388,#3414),#2915,.F.);
#3310 = FACE_BOUND('',#3311,.F.);
#3311 = EDGE_LOOP('',(#3312,#3313,#3314,#3335));
#3312 = ORIENTED_EDGE('',*,*,#2899,.F.);
#3313 = ORIENTED_EDGE('',*,*,#2984,.T.);
#3314 = ORIENTED_EDGE('',*,*,#3315,.T.);
#3315 = EDGE_CURVE('',#2985,#3265,#3316,.T.);
#3316 = SURFACE_CURVE('',#3317,(#3321,#3328),.PCURVE_S1.);
#3317 = LINE('',#3318,#3319);
#3318 = CARTESIAN_POINT('',(830.,-317.15,500.));
#3319 = VECTOR('',#3320,1.);
#3320 = DIRECTION('',(-0.,1.,0.));
#3321 = PCURVE('',#2915,#3322);
#3322 = DEFINITIONAL_REPRESENTATION('',(#3323),#3327);
#3323 = LINE('',#3324,#3325);
#3324 = CARTESIAN_POINT('',(200.,0.));
#3325 = VECTOR('',#3326,1.);
#3326 = DIRECTION('',(0.,1.));
#3327 = ( GEOMETRIC_REPRESENTATION_CONTEXT(2) 
PARAMETRIC_REPRESENTATION_CONTEXT() REPRESENTATION_CONTEXT('2D SPACE',''
  ) );
#3328 = PCURVE('',#3045,#3329);
#3329 = DEFINITIONAL_REPRESENTATION('',(#3330),#3334);
#3330 = LINE('',#3331,#3332);
#3331 = CARTESIAN_POINT('',(0.,0.));
#3332 = VECTOR('',#3333,1.);
#3333 = DIRECTION('',(0.,-1.));
#3334 = ( GEOMETRIC_REPRESENTATION_CONTEXT(2) 
PARAMETRIC_REPRESENTATION_CONTEXT() REPRESENTATION_CONTEXT('2D SPACE',''
  ) );
#3335 = ORIENTED_EDGE('',*,*,#3264,.F.);
#3336 = FACE_BOUND('',#3337,.F.);
#3337 = EDGE_LOOP('',(#3338));
#3338 = ORIENTED_EDGE('',*,*,#3339,.F.);
#3339 = EDGE_CURVE('',#3340,#3340,#3342,.T.);
#3340 = VERTEX_POINT('',#3341);
#3341 = CARTESIAN_POINT('',(655.,-297.15,500.));
#3342 = SURFACE_CURVE('',#3343,(#3348,#3355),.PCURVE_S1.);
#3343 = CIRCLE('',#3344,5.);
#3344 = AXIS2_PLACEMENT_3D('',#3345,#3346,#3347);
#3345 = CARTESIAN_POINT('',(650.,-297.15,500.));
#3346 = DIRECTION('',(0.,0.,1.));
#3347 = DIRECTION('',(1.,0.,-0.));
#3348 = PCURVE('',#2915,#3349);
#3349 = DEFINITIONAL_REPRESENTATION('',(#3350),#3354);
#3350 = CIRCLE('',#3351,5.);
#3351 = AXIS2_PLACEMENT_2D('',#3352,#3353);
#3352 = CARTESIAN_POINT('',(20.,20.));
#3353 = DIRECTION('',(1.,0.));
#3354 = ( GEOMETRIC_REPRESENTATION_CONTEXT(2) 
PARAMETRIC_REPRESENTATION_CONTEXT() REPRESENTATION_CONTEXT('2D SPACE',''
  ) );
#3355 = PCURVE('',#3156,#3356);
#3356 = DEFINITIONAL_REPRESENTATION('',(#3357),#3361);
#3357 = LINE('',#3358,#3359);
#3358 = CARTESIAN_POINT('',(0.,20.));
#3359 = VECTOR('',#3360,1.);
#3360 = DIRECTION('',(1.,0.));
#3361 = ( GEOMETRIC_REPRESENTATION_CONTEXT(2) 
PARAMETRIC_REPRESENTATION_CONTEXT() REPRESENTATION_CONTEXT('2D SPACE',''
  ) );
#3362 = FACE_BOUND('',#3363,.F.);
#3363 = EDGE_LOOP('',(#3364));
#3364 = ORIENTED_EDGE('',*,*,#3365,.F.);
#3365 = EDGE_CURVE('',#3366,#3366,#3368,.T.);
#3366 = VERTEX_POINT('',#3367);
#3367 = CARTESIAN_POINT('',(815.,-297.15,500.));
#3368 = SURFACE_CURVE('',#3369,(#3374,#3381),.PCURVE_S1.);
#3369 = CIRCLE('',#3370,5.);
#3370 = AXIS2_PLACEMENT_3D('',#3371,#3372,#3373);
#3371 = CARTESIAN_POINT('',(810.,-297.15,500.));
#3372 = DIRECTION('',(0.,0.,1.));
#3373 = DIRECTION('',(1.,0.,-0.));
#3374 = PCURVE('',#2915,#3375);
#3375 = DEFINITIONAL_REPRESENTATION('',(#3376),#3380);
#3376 = CIRCLE('',#3377,5.);
#3377 = AXIS2_PLACEMENT_2D('',#3378,#3379);
#3378 = CARTESIAN_POINT('',(180.,20.));
#3379 = DIRECTION('',(1.,0.));
#3380 = ( GEOMETRIC_REPRESENTATION_CONTEXT(2) 
PARAMETRIC_REPRESENTATION_CONTEXT() REPRESENTATION_CONTEXT('2D SPACE',''
  ) );
#3381 = PCURVE('',#3187,#3382);
#3382 = DEFINITIONAL_REPRESENTATION('',(#3383),#3387);
#3383 = LINE('',#3384,#3385);
#3384 = CARTESIAN_POINT('',(0.,20.));
#3385 = VECTOR('',#3386,1.);
#3386 = DIRECTION('',(1.,0.));
#3387 = ( GEOMETRIC_REPRESENTATION_CONTEXT(2) 
PARAMETRIC_REPRESENTATION_CONTEXT() REPRESENTATION_CONTEXT('2D SPACE',''
  ) );
#3388 = FACE_BOUND('',#3389,.F.);
#3389 = EDGE_LOOP('',(#3390));
#3390 = ORIENTED_EDGE('',*,*,#3391,.F.);
#3391 = EDGE_CURVE('',#3392,#3392,#3394,.T.);
#3392 = VERTEX_POINT('',#3393);
#3393 = CARTESIAN_POINT('',(655.,-137.15,500.));
#3394 = SURFACE_CURVE('',#3395,(#3400,#3407),.PCURVE_S1.);
#3395 = CIRCLE('',#3396,5.);
#3396 = AXIS2_PLACEMENT_3D('',#3397,#3398,#3399);
#3397 = CARTESIAN_POINT('',(650.,-137.15,500.));
#3398 = DIRECTION('',(0.,0.,1.));
#3399 = DIRECTION('',(1.,0.,-0.));
#3400 = PCURVE('',#2915,#3401);
#3401 = DEFINITIONAL_REPRESENTATION('',(#3402),#3406);
#3402 = CIRCLE('',#3403,5.);
#3403 = AXIS2_PLACEMENT_2D('',#3404,#3405);
#3404 = CARTESIAN_POINT('',(20.,180.));
#3405 = DIRECTION('',(1.,0.));
#3406 = ( GEOMETRIC_REPRESENTATION_CONTEXT(2) 
PARAMETRIC_REPRESENTATION_CONTEXT() REPRESENTATION_CONTEXT('2D SPACE',''
  ) );
#3407 = PCURVE('',#3218,#3408);
#3408 = DEFINITIONAL_REPRESENTATION('',(#3409),#3413);
#3409 = LINE('',#3410,#3411);
#3410 = CARTESIAN_POINT('',(0.,20.));
#3411 = VECTOR('',#3412,1.);
#3412 = DIRECTION('',(1.,0.));
#3413 = ( GEOMETRIC_REPRESENTATION_CONTEXT(2) 
PARAMETRIC_REPRESENTATION_CONTEXT() REPRESENTATION_CONTEXT('2D SPACE',''
  ) );
#3414 = FACE_BOUND('',#3415,.F.);
#3415 = EDGE_LOOP('',(#3416));
#3416 = ORIENTED_EDGE('',*,*,#3417,.F.);
#3417 = EDGE_CURVE('',#3418,#3418,#3420,.T.);
#3418 = VERTEX_POINT('',#3419);
#3419 = CARTESIAN_POINT('',(815.,-137.15,500.));
#3420 = SURFACE_CURVE('',#3421,(#3426,#3433),.PCURVE_S1.);
#3421 = CIRCLE('',#3422,5.);
#3422 = AXIS2_PLACEMENT_3D('',#3423,#3424,#3425);
#3423 = CARTESIAN_POINT('',(810.,-137.15,500.));
#3424 = DIRECTION('',(0.,0.,1.));
#3425 = DIRECTION('',(1.,0.,-0.));
#3426 = PCURVE('',#2915,#3427);
#3427 = DEFINITIONAL_REPRESENTATION('',(#3428),#3432);
#3428 = CIRCLE('',#3429,5.);
#3429 = AXIS2_PLACEMENT_2D('',#3430,#3431);
#3430 = CARTESIAN_POINT('',(180.,180.));
#3431 = DIRECTION('',(1.,0.));
#3432 = ( GEOMETRIC_REPRESENTATION_CONTEXT(2) 
PARAMETRIC_REPRESENTATION_CONTEXT() REPRESENTATION_CONTEXT('2D SPACE',''
  ) );
#3433 = PCURVE('',#3249,#3434);
#3434 = DEFINITIONAL_REPRESENTATION('',(#3435),#3439);
#3435 = LINE('',#3436,#3437);
#3436 = CARTESIAN_POINT('',(0.,20.));
#3437 = VECTOR('',#3438,1.);
#3438 = DIRECTION('',(1.,0.));
#3439 = ( GEOMETRIC_REPRESENTATION_CONTEXT(2) 
PARAMETRIC_REPRESENTATION_CONTEXT() REPRESENTATION_CONTEXT('2D SPACE',''
  ) );
#3440 = ADVANCED_FACE('',(#3441),#3045,.T.);
#3441 = FACE_BOUND('',#3442,.T.);
#3442 = EDGE_LOOP('',(#3443,#3444,#3445,#3446));
#3443 = ORIENTED_EDGE('',*,*,#3031,.F.);
#3444 = ORIENTED_EDGE('',*,*,#3315,.T.);
#3445 = ORIENTED_EDGE('',*,*,#3289,.T.);
#3446 = ORIENTED_EDGE('',*,*,#3062,.F.);
#3447 = ADVANCED_FACE('',(#3448,#3869,#4040,#4535),#3125,.T.);
#3448 = FACE_BOUND('',#3449,.T.);
#3449 = EDGE_LOOP('',(#3450,#3475,#3502,#3503,#3678,#3699,#3700,#3701));
#3450 = ORIENTED_EDGE('',*,*,#3451,.T.);
#3451 = EDGE_CURVE('',#3452,#3454,#3456,.T.);
#3452 = VERTEX_POINT('',#3453);
#3453 = CARTESIAN_POINT('',(787.15,-217.15,560.));
#3454 = VERTEX_POINT('',#3455);
#3455 = CARTESIAN_POINT('',(787.15,-217.15,1.71E+03));
#3456 = SEAM_CURVE('',#3457,(#3461,#3468),.PCURVE_S1.);
#3457 = LINE('',#3458,#3459);
#3458 = CARTESIAN_POINT('',(787.15,-217.15,510.));
#3459 = VECTOR('',#3460,1.);
#3460 = DIRECTION('',(0.,0.,1.));
#3461 = PCURVE('',#3125,#3462);
#3462 = DEFINITIONAL_REPRESENTATION('',(#3463),#3467);
#3463 = LINE('',#3464,#3465);
#3464 = CARTESIAN_POINT('',(6.28318530718,-0.));
#3465 = VECTOR('',#3466,1.);
#3466 = DIRECTION('',(0.,1.));
#3467 = ( GEOMETRIC_REPRESENTATION_CONTEXT(2) 
PARAMETRIC_REPRESENTATION_CONTEXT() REPRESENTATION_CONTEXT('2D SPACE',''
  ) );
#3468 = PCURVE('',#3125,#3469);
#3469 = DEFINITIONAL_REPRESENTATION('',(#3470),#3474);
#3470 = LINE('',#3471,#3472);
#3471 = CARTESIAN_POINT('',(0.,-0.));
#3472 = VECTOR('',#3473,1.);
#3473 = DIRECTION('',(0.,1.));
#3474 = ( GEOMETRIC_REPRESENTATION_CONTEXT(2) 
PARAMETRIC_REPRESENTATION_CONTEXT() REPRESENTATION_CONTEXT('2D SPACE',''
  ) );
#3475 = ORIENTED_EDGE('',*,*,#3476,.F.);
#3476 = EDGE_CURVE('',#3454,#3454,#3477,.T.);
#3477 = SURFACE_CURVE('',#3478,(#3483,#3490),.PCURVE_S1.);
#3478 = CIRCLE('',#3479,57.15);
#3479 = AXIS2_PLACEMENT_3D('',#3480,#3481,#3482);
#3480 = CARTESIAN_POINT('',(730.,-217.15,1.71E+03));
#3481 = DIRECTION('',(0.,0.,1.));
#3482 = DIRECTION('',(1.,0.,-0.));
#3483 = PCURVE('',#3125,#3484);
#3484 = DEFINITIONAL_REPRESENTATION('',(#3485),#3489);
#3485 = LINE('',#3486,#3487);
#3486 = CARTESIAN_POINT('',(0.,1.2E+03));
#3487 = VECTOR('',#3488,1.);
#3488 = DIRECTION('',(1.,0.));
#3489 = ( GEOMETRIC_REPRESENTATION_CONTEXT(2) 
PARAMETRIC_REPRESENTATION_CONTEXT() REPRESENTATION_CONTEXT('2D SPACE',''
  ) );
#3490 = PCURVE('',#3491,#3496);
#3491 = PLANE('',#3492);
#3492 = AXIS2_PLACEMENT_3D('',#3493,#3494,#3495);
#3493 = CARTESIAN_POINT('',(730.,-217.15,1.71E+03));
#3494 = DIRECTION('',(0.,0.,1.));
#3495 = DIRECTION('',(1.,0.,-0.));
#3496 = DEFINITIONAL_REPRESENTATION('',(#3497),#3501);
#3497 = CIRCLE('',#3498,57.15);
#3498 = AXIS2_PLACEMENT_2D('',#3499,#3500);
#3499 = CARTESIAN_POINT('',(0.,0.));
#3500 = DIRECTION('',(1.,0.));
#3501 = ( GEOMETRIC_REPRESENTATION_CONTEXT(2) 
PARAMETRIC_REPRESENTATION_CONTEXT() REPRESENTATION_CONTEXT('2D SPACE',''
  ) );
#3502 = ORIENTED_EDGE('',*,*,#3451,.F.);
#3503 = ORIENTED_EDGE('',*,*,#3504,.F.);
#3504 = EDGE_CURVE('',#3505,#3452,#3507,.T.);
#3505 = VERTEX_POINT('',#3506);
#3506 = CARTESIAN_POINT('',(787.15,-217.15,540.));
#3507 = SURFACE_CURVE('',#3508,(#3561,#3617),.PCURVE_S1.);
#3508 = B_SPLINE_CURVE_WITH_KNOTS('',6,(#3509,#3510,#3511,#3512,#3513,
    #3514,#3515,#3516,#3517,#3518,#3519,#3520,#3521,#3522,#3523,#3524,
    #3525,#3526,#3527,#3528,#3529,#3530,#3531,#3532,#3533,#3534,#3535,
    #3536,#3537,#3538,#3539,#3540,#3541,#3542,#3543,#3544,#3545,#3546,
    #3547,#3548,#3549,#3550,#3551,#3552,#3553,#3554,#3555,#3556,#3557,
    #3558,#3559,#3560),.UNSPECIFIED.,.F.,.F.,(7,5,5,5,5,5,5,5,5,5,7),(0.
    ,9.197395621894E-02,0.152599783201,0.232236335632,0.299303048574,
    0.500060716188,0.646217748124,0.767830889066,0.847444435388,
    0.908052748247,1.),.UNSPECIFIED.);
#3509 = CARTESIAN_POINT('',(787.15,-217.15,540.));
#3510 = CARTESIAN_POINT('',(787.15,-216.5622955916,540.));
#3511 = CARTESIAN_POINT('',(787.14274767847,-215.9758885525,
    540.04144774105));
#3512 = CARTESIAN_POINT('',(787.12830241501,-215.3970261306,
    540.12399901169));
#3513 = CARTESIAN_POINT('',(787.10723324774,-214.8318479452,
    540.24566677106));
#3514 = CARTESIAN_POINT('',(787.08058523929,-214.2860759823,
    540.40286832053));
#3515 = CARTESIAN_POINT('',(787.02925566188,-213.4210568567,
    540.71407667157));
#3516 = CARTESIAN_POINT('',(787.0069689805,-213.0874885222,
    540.85109577054));
#3517 = CARTESIAN_POINT('',(786.98309016266,-212.764539556,
    541.00043803785));
#3518 = CARTESIAN_POINT('',(786.95792804721,-212.4526523831,
    541.1610351932));
#3519 = CARTESIAN_POINT('',(786.9317877236,-212.1521847583,
    541.33180642094));
#3520 = CARTESIAN_POINT('',(786.86971964856,-211.4840827647,
    541.74790427933));
#3521 = CARTESIAN_POINT('',(786.83328147487,-211.1248070362,
    541.99989519513));
#3522 = CARTESIAN_POINT('',(786.79623621125,-210.7854924524,
    542.26562595256));
#3523 = CARTESIAN_POINT('',(786.75910479099,-210.4659234776,
    542.54332937868));
#3524 = CARTESIAN_POINT('',(786.72233858423,-210.1657976111,
    542.83144436931));
#3525 = CARTESIAN_POINT('',(786.65598602299,-209.6480880288,
    543.3788254629));
#3526 = CARTESIAN_POINT('',(786.626175303,-209.4248966751,
    543.63552620501));
#3527 = CARTESIAN_POINT('',(786.59710729167,-209.2149180113,
    543.89794568287));
#3528 = CARTESIAN_POINT('',(786.56897064385,-209.0178881738,
    544.1654296145));
#3529 = CARTESIAN_POINT('',(786.54192592429,-208.8335508311,
    544.43741102307));
#3530 = CARTESIAN_POINT('',(786.4388270492,-208.1471097606,
    545.53958600062));
#3531 = CARTESIAN_POINT('',(786.37250921305,-207.7438359254,
    546.4021288169));
#3532 = CARTESIAN_POINT('',(786.32088586672,-207.4458550161,
    547.28749309738));
#3533 = CARTESIAN_POINT('',(786.28584863565,-207.2486951629,
    548.18678440486));
#3534 = CARTESIAN_POINT('',(786.26830813166,-207.15,549.09310030114));
#3535 = CARTESIAN_POINT('',(786.26830813166,-207.15,550.66024760012));
#3536 = CARTESIAN_POINT('',(786.27760494178,-207.2023114691,
    551.32038360221));
#3537 = CARTESIAN_POINT('',(786.29619225656,-207.3068997167,
    551.97776937608));
#3538 = CARTESIAN_POINT('',(786.32380630034,-207.4643946903,
    552.62971100927));
#3539 = CARTESIAN_POINT('',(786.35991030615,-207.6760110009,
    553.27307429523));
#3540 = CARTESIAN_POINT('',(786.43990075777,-208.1660721222,
    554.42877898414));
#3541 = CARTESIAN_POINT('',(786.4814607388,-208.4273179858,
    554.9449572051));
#3542 = CARTESIAN_POINT('',(786.52772737326,-208.7283294006,
    555.4503513438));
#3543 = CARTESIAN_POINT('',(786.57799635754,-209.0705212096,
    555.94234331651));
#3544 = CARTESIAN_POINT('',(786.63129927173,-209.4554719874,
    556.41751908434));
#3545 = CARTESIAN_POINT('',(786.72233858423,-210.1657976111,
    557.16855563068));
#3546 = CARTESIAN_POINT('',(786.75910479099,-210.4659234776,
    557.45667062131));
#3547 = CARTESIAN_POINT('',(786.79623621125,-210.7854924524,
    557.73437404743));
#3548 = CARTESIAN_POINT('',(786.83328147487,-211.1248070362,
    558.00010480486));
#3549 = CARTESIAN_POINT('',(786.86971964856,-211.4840827647,
    558.25209572065));
#3550 = CARTESIAN_POINT('',(786.9317877236,-212.1521847583,
    558.66819357905));
#3551 = CARTESIAN_POINT('',(786.95792804721,-212.4526523831,
    558.83896480679));
#3552 = CARTESIAN_POINT('',(786.98309016266,-212.764539556,
    558.99956196214));
#3553 = CARTESIAN_POINT('',(787.0069689805,-213.0874885222,
    559.14890422945));
#3554 = CARTESIAN_POINT('',(787.02925566188,-213.4210568567,
    559.28592332842));
#3555 = CARTESIAN_POINT('',(787.08058519413,-214.2860752212,
    559.59713140566));
#3556 = CARTESIAN_POINT('',(787.10723324245,-214.8318475741,
    559.7543332104));
#3557 = CARTESIAN_POINT('',(787.12830246432,-215.3970268904,
    559.8760012725));
#3558 = CARTESIAN_POINT('',(787.14274772894,-215.9758904411,
    559.9585525468));
#3559 = CARTESIAN_POINT('',(787.15,-216.5622976364,560.));
#3560 = CARTESIAN_POINT('',(787.15,-217.15,560.));
#3561 = PCURVE('',#3125,#3562);
#3562 = DEFINITIONAL_REPRESENTATION('',(#3563),#3616);
#3563 = B_SPLINE_CURVE_WITH_KNOTS('',6,(#3564,#3565,#3566,#3567,#3568,
    #3569,#3570,#3571,#3572,#3573,#3574,#3575,#3576,#3577,#3578,#3579,
    #3580,#3581,#3582,#3583,#3584,#3585,#3586,#3587,#3588,#3589,#3590,
    #3591,#3592,#3593,#3594,#3595,#3596,#3597,#3598,#3599,#3600,#3601,
    #3602,#3603,#3604,#3605,#3606,#3607,#3608,#3609,#3610,#3611,#3612,
    #3613,#3614,#3615),.UNSPECIFIED.,.F.,.F.,(7,5,5,5,5,5,5,5,5,5,7),(0.
    ,9.197395621894E-02,0.152599783201,0.232236335632,0.299303048574,
    0.500060716188,0.646217748124,0.767830889066,0.847444435388,
    0.908052748247,1.),.UNSPECIFIED.);
#3564 = CARTESIAN_POINT('',(0.,30.));
#3565 = CARTESIAN_POINT('',(1.028354170346E-02,30.));
#3566 = CARTESIAN_POINT('',(2.054438317641E-02,30.041447741056));
#3567 = CARTESIAN_POINT('',(3.06751624248E-02,30.123999011697));
#3568 = CARTESIAN_POINT('',(4.057038680442E-02,30.245666771061));
#3569 = CARTESIAN_POINT('',(5.013105467491E-02,30.402868320534));
#3570 = CARTESIAN_POINT('',(6.529362188974E-02,30.71407667157));
#3571 = CARTESIAN_POINT('',(7.114318870937E-02,30.851095770543));
#3572 = CARTESIAN_POINT('',(7.680931103181E-02,31.000438037853));
#3573 = CARTESIAN_POINT('',(8.228421723516E-02,31.161035193201));
#3574 = CARTESIAN_POINT('',(8.756151236949E-02,31.331806420949));
#3575 = CARTESIAN_POINT('',(9.93021760005E-02,31.747904279338));
#3576 = CARTESIAN_POINT('',(0.105620740543,31.999895195134));
#3577 = CARTESIAN_POINT('',(0.111593040782,32.265625952568));
#3578 = CARTESIAN_POINT('',(0.117222246979,32.543329378689));
#3579 = CARTESIAN_POINT('',(0.122512968619,32.831444369314));
#3580 = CARTESIAN_POINT('',(0.131645852622,33.378825462909));
#3581 = CARTESIAN_POINT('',(0.135585839261,33.635526205011));
#3582 = CARTESIAN_POINT('',(0.139294986624,33.89794568287));
#3583 = CARTESIAN_POINT('',(0.142777513806,34.165429614504));
#3584 = CARTESIAN_POINT('',(0.146037524261,34.437411023072));
#3585 = CARTESIAN_POINT('',(0.158183460831,35.539586000627));
#3586 = CARTESIAN_POINT('',(0.165333962213,36.402128816908));
#3587 = CARTESIAN_POINT('',(0.170625639958,37.287493097387));
#3588 = CARTESIAN_POINT('',(0.174129537879,38.186784404868));
#3589 = CARTESIAN_POINT('',(0.175883553128,39.09310030114));
#3590 = CARTESIAN_POINT('',(0.175883553128,40.660247600127));
#3591 = CARTESIAN_POINT('',(0.174953873657,41.320383602213));
#3592 = CARTESIAN_POINT('',(0.173095133842,41.977769376082));
#3593 = CARTESIAN_POINT('',(0.170297281655,42.629711009274));
#3594 = CARTESIAN_POINT('',(0.166541051289,43.273074295233));
#3595 = CARTESIAN_POINT('',(0.157852574509,44.428778984143));
#3596 = CARTESIAN_POINT('',(0.153223904863,44.9449572051));
#3597 = CARTESIAN_POINT('',(0.147895113031,45.450351343806));
#3598 = CARTESIAN_POINT('',(0.141843501852,45.942343316513));
#3599 = CARTESIAN_POINT('',(0.135043780772,46.417519084347));
#3600 = CARTESIAN_POINT('',(0.122512968619,47.168555630682));
#3601 = CARTESIAN_POINT('',(0.117222246979,47.456670621313));
#3602 = CARTESIAN_POINT('',(0.111593040782,47.734374047435));
#3603 = CARTESIAN_POINT('',(0.105620740543,48.000104804866));
#3604 = CARTESIAN_POINT('',(9.930217600058E-02,48.252095720659));
#3605 = CARTESIAN_POINT('',(8.756151236949E-02,48.668193579051));
#3606 = CARTESIAN_POINT('',(8.228421723516E-02,48.838964806799));
#3607 = CARTESIAN_POINT('',(7.680931103181E-02,48.999561962147));
#3608 = CARTESIAN_POINT('',(7.114318870936E-02,49.148904229457));
#3609 = CARTESIAN_POINT('',(6.529362188975E-02,49.285923328429));
#3610 = CARTESIAN_POINT('',(5.013106801501E-02,49.597131405664));
#3611 = CARTESIAN_POINT('',(4.057039329222E-02,49.754333210408));
#3612 = CARTESIAN_POINT('',(3.067514910761E-02,49.876001272501));
#3613 = CARTESIAN_POINT('',(2.054435013135E-02,49.958552546805));
#3614 = CARTESIAN_POINT('',(1.028350592432E-02,50.));
#3615 = CARTESIAN_POINT('',(0.,50.));
#3616 = ( GEOMETRIC_REPRESENTATION_CONTEXT(2) 
PARAMETRIC_REPRESENTATION_CONTEXT() REPRESENTATION_CONTEXT('2D SPACE',''
  ) );
#3617 = PCURVE('',#3618,#3623);
#3618 = CYLINDRICAL_SURFACE('',#3619,10.);
#3619 = AXIS2_PLACEMENT_3D('',#3620,#3621,#3622);
#3620 = CARTESIAN_POINT('',(786.15,-217.15,550.));
#3621 = DIRECTION('',(1.,0.,2.22044604925E-16));
#3622 = DIRECTION('',(2.22044604925E-16,0.,-1.));
#3623 = DEFINITIONAL_REPRESENTATION('',(#3624),#3677);
#3624 = B_SPLINE_CURVE_WITH_KNOTS('',6,(#3625,#3626,#3627,#3628,#3629,
    #3630,#3631,#3632,#3633,#3634,#3635,#3636,#3637,#3638,#3639,#3640,
    #3641,#3642,#3643,#3644,#3645,#3646,#3647,#3648,#3649,#3650,#3651,
    #3652,#3653,#3654,#3655,#3656,#3657,#3658,#3659,#3660,#3661,#3662,
    #3663,#3664,#3665,#3666,#3667,#3668,#3669,#3670,#3671,#3672,#3673,
    #3674,#3675,#3676),.UNSPECIFIED.,.F.,.F.,(7,5,5,5,5,5,5,5,5,5,7),(0.
    ,9.197395621894E-02,0.152599783201,0.232236335632,0.299303048574,
    0.500060716188,0.646217748124,0.767830889066,0.847444435388,
    0.908052748247,1.),.UNSPECIFIED.);
#3625 = CARTESIAN_POINT('',(0.,1.));
#3626 = CARTESIAN_POINT('',(5.877044083526E-02,1.));
#3627 = CARTESIAN_POINT('',(0.117411139768,0.99274767847));
#3628 = CARTESIAN_POINT('',(0.175662795959,0.978302415016));
#3629 = CARTESIAN_POINT('',(0.233268588109,0.95723324774));
#3630 = CARTESIAN_POINT('',(0.289945051173,0.930585239291));
#3631 = CARTESIAN_POINT('',(0.381874846414,0.879255661888));
#3632 = CARTESIAN_POINT('',(0.417900661061,0.856968980506));
#3633 = CARTESIAN_POINT('',(0.453432062106,0.833090162667));
#3634 = CARTESIAN_POINT('',(0.48846712962,0.807928047215));
#3635 = CARTESIAN_POINT('',(0.522999816259,0.781787723608));
#3636 = CARTESIAN_POINT('',(0.601707992559,0.719719648567));
#3637 = CARTESIAN_POINT('',(0.645526335223,0.683281474876));
#3638 = CARTESIAN_POINT('',(0.68853707724,0.646236211257));
#3639 = CARTESIAN_POINT('',(0.730795086328,0.609104790992));
#3640 = CARTESIAN_POINT('',(0.772350159875,0.572338584238));
#3641 = CARTESIAN_POINT('',(0.847692662704,0.505986022991));
#3642 = CARTESIAN_POINT('',(0.881678993423,0.476175303));
#3643 = CARTESIAN_POINT('',(0.915246409147,0.447107291678));
#3644 = CARTESIAN_POINT('',(0.94842943385,0.418970643854));
#3645 = CARTESIAN_POINT('',(0.981261294131,0.391925924296));
#3646 = CARTESIAN_POINT('',(1.111107011214,0.288827049204));
#3647 = CARTESIAN_POINT('',(1.205642634108,0.222509213055));
#3648 = CARTESIAN_POINT('',(1.298205066568,0.170885866722));
#3649 = CARTESIAN_POINT('',(1.389474228393,0.135848635653));
#3650 = CARTESIAN_POINT('',(1.480106356909,0.118308131665));
#3651 = CARTESIAN_POINT('',(1.636821086808,0.118308131665));
#3652 = CARTESIAN_POINT('',(1.702834743591,0.127604941781));
#3653 = CARTESIAN_POINT('',(1.769091128394,0.146192256569));
#3654 = CARTESIAN_POINT('',(1.835839326418,0.173806300341));
#3655 = CARTESIAN_POINT('',(1.90333188618,0.209910306152));
#3656 = CARTESIAN_POINT('',(2.028863285861,0.289900757778));
#3657 = CARTESIAN_POINT('',(2.086583659089,0.331460738809));
#3658 = CARTESIAN_POINT('',(2.14519834381,0.377727373261));
#3659 = CARTESIAN_POINT('',(2.204893897887,0.42799635754));
#3660 = CARTESIAN_POINT('',(2.26586849381,0.481299271732));
#3661 = CARTESIAN_POINT('',(2.369242493714,0.572338584237));
#3662 = CARTESIAN_POINT('',(2.410797567262,0.609104790993));
#3663 = CARTESIAN_POINT('',(2.45305557635,0.646236211258));
#3664 = CARTESIAN_POINT('',(2.496066318367,0.683281474876));
#3665 = CARTESIAN_POINT('',(2.53988466103,0.719719648566));
#3666 = CARTESIAN_POINT('',(2.618592837331,0.781787723608));
#3667 = CARTESIAN_POINT('',(2.65312552397,0.807928047215));
#3668 = CARTESIAN_POINT('',(2.688160591484,0.833090162667));
#3669 = CARTESIAN_POINT('',(2.723691992529,0.856968980506));
#3670 = CARTESIAN_POINT('',(2.759717807176,0.879255661888));
#3671 = CARTESIAN_POINT('',(2.851647521536,0.930585194131));
#3672 = CARTESIAN_POINT('',(2.908324029922,0.957233242457));
#3673 = CARTESIAN_POINT('',(2.965929937436,0.978302464325));
#3674 = CARTESIAN_POINT('',(3.024181702671,0.992747728943));
#3675 = CARTESIAN_POINT('',(3.082822417232,1.));
#3676 = CARTESIAN_POINT('',(3.14159265359,1.));
#3677 = ( GEOMETRIC_REPRESENTATION_CONTEXT(2) 
PARAMETRIC_REPRESENTATION_CONTEXT() REPRESENTATION_CONTEXT('2D SPACE',''
  ) );
#3678 = ORIENTED_EDGE('',*,*,#3679,.F.);
#3679 = EDGE_CURVE('',#3109,#3505,#3680,.T.);
#3680 = SEAM_CURVE('',#3681,(#3685,#3692),.PCURVE_S1.);
#3681 = LINE('',#3682,#3683);
#3682 = CARTESIAN_POINT('',(787.15,-217.15,510.));
#3683 = VECTOR('',#3684,1.);
#3684 = DIRECTION('',(0.,0.,1.));
#3685 = PCURVE('',#3125,#3686);
#3686 = DEFINITIONAL_REPRESENTATION('',(#3687),#3691);
#3687 = LINE('',#3688,#3689);
#3688 = CARTESIAN_POINT('',(6.28318530718,-0.));
#3689 = VECTOR('',#3690,1.);
#3690 = DIRECTION('',(0.,1.));
#3691 = ( GEOMETRIC_REPRESENTATION_CONTEXT(2) 
PARAMETRIC_REPRESENTATION_CONTEXT() REPRESENTATION_CONTEXT('2D SPACE',''
  ) );
#3692 = PCURVE('',#3125,#3693);
#3693 = DEFINITIONAL_REPRESENTATION('',(#3694),#3698);
#3694 = LINE('',#3695,#3696);
#3695 = CARTESIAN_POINT('',(0.,-0.));
#3696 = VECTOR('',#3697,1.);
#3697 = DIRECTION('',(0.,1.));
#3698 = ( GEOMETRIC_REPRESENTATION_CONTEXT(2) 
PARAMETRIC_REPRESENTATION_CONTEXT() REPRESENTATION_CONTEXT('2D SPACE',''
  ) );
#3699 = ORIENTED_EDGE('',*,*,#3108,.T.);
#3700 = ORIENTED_EDGE('',*,*,#3679,.T.);
#3701 = ORIENTED_EDGE('',*,*,#3702,.F.);
#3702 = EDGE_CURVE('',#3452,#3505,#3703,.T.);
#3703 = SURFACE_CURVE('',#3704,(#3757,#3813),.PCURVE_S1.);
#3704 = B_SPLINE_CURVE_WITH_KNOTS('',6,(#3705,#3706,#3707,#3708,#3709,
    #3710,#3711,#3712,#3713,#3714,#3715,#3716,#3717,#3718,#3719,#3720,
    #3721,#3722,#3723,#3724,#3725,#3726,#3727,#3728,#3729,#3730,#3731,
    #3732,#3733,#3734,#3735,#3736,#3737,#3738,#3739,#3740,#3741,#3742,
    #3743,#3744,#3745,#3746,#3747,#3748,#3749,#3750,#3751,#3752,#3753,
    #3754,#3755,#3756),.UNSPECIFIED.,.F.,.F.,(7,5,5,5,5,5,5,5,5,5,7),(0.
    ,9.197395840386E-02,0.152599786807,0.232236341107,0.299303055625,
    0.500060725591,0.646217757568,0.767830888777,0.847444435198,
    0.908052748133,1.),.UNSPECIFIED.);
#3705 = CARTESIAN_POINT('',(787.15,-217.15,560.));
#3706 = CARTESIAN_POINT('',(787.15,-217.7377044081,560.));
#3707 = CARTESIAN_POINT('',(787.14274767847,-218.3241114474,
    559.95855225897));
#3708 = CARTESIAN_POINT('',(787.12830241501,-218.9029738695,
    559.87600098827));
#3709 = CARTESIAN_POINT('',(787.10723324773,-219.4681520548,
    559.75433322889));
#3710 = CARTESIAN_POINT('',(787.0805852393,-220.0139240174,
    559.59713167953));
#3711 = CARTESIAN_POINT('',(787.02925566188,-220.8789431432,
    559.28592332842));
#3712 = CARTESIAN_POINT('',(787.0069689805,-221.2125114777,
    559.14890422945));
#3713 = CARTESIAN_POINT('',(786.98309016266,-221.5354604439,
    558.99956196215));
#3714 = CARTESIAN_POINT('',(786.95792804721,-221.8473476168,
    558.8389648068));
#3715 = CARTESIAN_POINT('',(786.9317877236,-222.1478152416,
    558.66819357904));
#3716 = CARTESIAN_POINT('',(786.86971964856,-222.8159172352,
    558.25209572065));
#3717 = CARTESIAN_POINT('',(786.83328147487,-223.1751929637,
    558.00010480486));
#3718 = CARTESIAN_POINT('',(786.79623621125,-223.5145075475,
    557.73437404743));
#3719 = CARTESIAN_POINT('',(786.75910479099,-223.8340765223,
    557.45667062131));
#3720 = CARTESIAN_POINT('',(786.72233858423,-224.1342023888,
    557.16855563068));
#3721 = CARTESIAN_POINT('',(786.65598602299,-224.6519119711,
    556.62117453709));
#3722 = CARTESIAN_POINT('',(786.626175303,-224.8751033248,
    556.36447379498));
#3723 = CARTESIAN_POINT('',(786.59710729167,-225.0850819886,
    556.10205431713));
#3724 = CARTESIAN_POINT('',(786.56897064385,-225.2821118261,
    555.83457038549));
#3725 = CARTESIAN_POINT('',(786.54192592429,-225.4664491688,
    555.56258897692));
#3726 = CARTESIAN_POINT('',(786.43882705011,-226.1528902332,
    554.4604140091));
#3727 = CARTESIAN_POINT('',(786.37250921088,-226.5561640888,
    553.59787115087));
#3728 = CARTESIAN_POINT('',(786.32088586884,-226.85414497,
    552.71250694886));
#3729 = CARTESIAN_POINT('',(786.28584863482,-227.0513048424,
    551.81321556183));
#3730 = CARTESIAN_POINT('',(786.26830813166,-227.15,550.90689970933));
#3731 = CARTESIAN_POINT('',(786.26830813166,-227.15,549.3397523998));
#3732 = CARTESIAN_POINT('',(786.27760494178,-227.0976885308,
    548.6796163979));
#3733 = CARTESIAN_POINT('',(786.29619225656,-226.9931002832,
    548.02223062391));
#3734 = CARTESIAN_POINT('',(786.32380630035,-226.8356053096,
    547.37028899062));
#3735 = CARTESIAN_POINT('',(786.35991030614,-226.623988999,
    546.72692570483));
#3736 = CARTESIAN_POINT('',(786.43990075486,-226.1339278955,
    545.57122105795));
#3737 = CARTESIAN_POINT('',(786.48146074463,-225.8726819735,
    545.05504273068));
#3738 = CARTESIAN_POINT('',(786.52772737253,-225.5716706072,
    544.54964865379));
#3739 = CARTESIAN_POINT('',(786.57799635137,-225.2294788346,
    544.05765674658));
#3740 = CARTESIAN_POINT('',(786.6312992762,-224.8445279776,
    543.58248087877));
#3741 = CARTESIAN_POINT('',(786.72233858423,-224.1342023888,
    542.83144436931));
#3742 = CARTESIAN_POINT('',(786.75910479099,-223.8340765223,
    542.54332937868));
#3743 = CARTESIAN_POINT('',(786.79623621125,-223.5145075475,
    542.26562595256));
#3744 = CARTESIAN_POINT('',(786.83328147487,-223.1751929637,
    541.99989519513));
#3745 = CARTESIAN_POINT('',(786.86971964856,-222.8159172352,
    541.74790427933));
#3746 = CARTESIAN_POINT('',(786.9317877236,-222.1478152416,
    541.33180642094));
#3747 = CARTESIAN_POINT('',(786.95792804721,-221.8473476168,
    541.1610351932));
#3748 = CARTESIAN_POINT('',(786.98309016266,-221.5354604439,
    541.00043803785));
#3749 = CARTESIAN_POINT('',(787.0069689805,-221.2125114777,
    540.85109577054));
#3750 = CARTESIAN_POINT('',(787.02925566188,-220.8789431432,
    540.71407667157));
#3751 = CARTESIAN_POINT('',(787.08058519413,-220.0139247787,
    540.40286859433));
#3752 = CARTESIAN_POINT('',(787.10723324245,-219.4681524258,
    540.24566678959));
#3753 = CARTESIAN_POINT('',(787.12830246432,-218.9029731095,
    540.12399872749));
#3754 = CARTESIAN_POINT('',(787.14274772894,-218.3241095588,
    540.04144745319));
#3755 = CARTESIAN_POINT('',(787.15,-217.7377023635,540.));
#3756 = CARTESIAN_POINT('',(787.15,-217.15,540.));
#3757 = PCURVE('',#3125,#3758);
#3758 = DEFINITIONAL_REPRESENTATION('',(#3759),#3812);
#3759 = B_SPLINE_CURVE_WITH_KNOTS('',6,(#3760,#3761,#3762,#3763,#3764,
    #3765,#3766,#3767,#3768,#3769,#3770,#3771,#3772,#3773,#3774,#3775,
    #3776,#3777,#3778,#3779,#3780,#3781,#3782,#3783,#3784,#3785,#3786,
    #3787,#3788,#3789,#3790,#3791,#3792,#3793,#3794,#3795,#3796,#3797,
    #3798,#3799,#3800,#3801,#3802,#3803,#3804,#3805,#3806,#3807,#3808,
    #3809,#3810,#3811),.UNSPECIFIED.,.F.,.F.,(7,5,5,5,5,5,5,5,5,5,7),(0.
    ,9.197395840386E-02,0.152599786807,0.232236341107,0.299303055625,
    0.500060725591,0.646217757568,0.767830888777,0.847444435198,
    0.908052748133,1.),.UNSPECIFIED.);
#3760 = CARTESIAN_POINT('',(6.28318530718,50.));
#3761 = CARTESIAN_POINT('',(6.27290176548,50.));
#3762 = CARTESIAN_POINT('',(6.262640924002,49.958552258972));
#3763 = CARTESIAN_POINT('',(6.252510144751,49.87600098827));
#3764 = CARTESIAN_POINT('',(6.242614920374,49.754333228893));
#3765 = CARTESIAN_POINT('',(6.233054252508,49.597131679532));
#3766 = CARTESIAN_POINT('',(6.21789168529,49.285923328426));
#3767 = CARTESIAN_POINT('',(6.21204211847,49.148904229457));
#3768 = CARTESIAN_POINT('',(6.206375996148,48.999561962151));
#3769 = CARTESIAN_POINT('',(6.200901089944,48.838964806801));
#3770 = CARTESIAN_POINT('',(6.19562379481,48.668193579046));
#3771 = CARTESIAN_POINT('',(6.183883131179,48.252095720659));
#3772 = CARTESIAN_POINT('',(6.177564566637,48.000104804866));
#3773 = CARTESIAN_POINT('',(6.171592266397,47.734374047436));
#3774 = CARTESIAN_POINT('',(6.165963060201,47.456670621313));
#3775 = CARTESIAN_POINT('',(6.160672338561,47.168555630682));
#3776 = CARTESIAN_POINT('',(6.151539454557,46.621174537091));
#3777 = CARTESIAN_POINT('',(6.147599467919,46.364473794989));
#3778 = CARTESIAN_POINT('',(6.143890320555,46.10205431713));
#3779 = CARTESIAN_POINT('',(6.140407793374,45.834570385496));
#3780 = CARTESIAN_POINT('',(6.137147782919,45.562588976928));
#3781 = CARTESIAN_POINT('',(6.125001846456,44.4604140091));
#3782 = CARTESIAN_POINT('',(6.117851344715,43.597871150872));
#3783 = CARTESIAN_POINT('',(6.112559667466,42.712506948864));
#3784 = CARTESIAN_POINT('',(6.109055769206,41.813215561832));
#3785 = CARTESIAN_POINT('',(6.107301754051,40.90689970933));
#3786 = CARTESIAN_POINT('',(6.107301754051,39.339752399802));
#3787 = CARTESIAN_POINT('',(6.108231433523,38.679616397902));
#3788 = CARTESIAN_POINT('',(6.110090173336,38.022230623913));
#3789 = CARTESIAN_POINT('',(6.112888025526,37.37028899062));
#3790 = CARTESIAN_POINT('',(6.116644255891,36.726925704834));
#3791 = CARTESIAN_POINT('',(6.125332732354,35.571221057956));
#3792 = CARTESIAN_POINT('',(6.129961403034,35.055042730684));
#3793 = CARTESIAN_POINT('',(6.13529019401,34.54964865379));
#3794 = CARTESIAN_POINT('',(6.141341804545,34.057656746586));
#3795 = CARTESIAN_POINT('',(6.148141527023,33.582480878774));
#3796 = CARTESIAN_POINT('',(6.160672338561,32.831444369314));
#3797 = CARTESIAN_POINT('',(6.165963060201,32.543329378689));
#3798 = CARTESIAN_POINT('',(6.171592266397,32.265625952568));
#3799 = CARTESIAN_POINT('',(6.177564566637,31.999895195135));
#3800 = CARTESIAN_POINT('',(6.183883131179,31.747904279338));
#3801 = CARTESIAN_POINT('',(6.19562379481,31.331806420949));
#3802 = CARTESIAN_POINT('',(6.200901089944,31.161035193201));
#3803 = CARTESIAN_POINT('',(6.206375996148,31.000438037853));
#3804 = CARTESIAN_POINT('',(6.21204211847,30.851095770544));
#3805 = CARTESIAN_POINT('',(6.21789168529,30.714076671571));
#3806 = CARTESIAN_POINT('',(6.233054239165,30.402868594336));
#3807 = CARTESIAN_POINT('',(6.242614913887,30.245666789592));
#3808 = CARTESIAN_POINT('',(6.252510158072,30.123998727499));
#3809 = CARTESIAN_POINT('',(6.262640957048,30.041447453194));
#3810 = CARTESIAN_POINT('',(6.272901801255,30.));
#3811 = CARTESIAN_POINT('',(6.28318530718,30.));
#3812 = ( GEOMETRIC_REPRESENTATION_CONTEXT(2) 
PARAMETRIC_REPRESENTATION_CONTEXT() REPRESENTATION_CONTEXT('2D SPACE',''
  ) );
#3813 = PCURVE('',#3618,#3814);
#3814 = DEFINITIONAL_REPRESENTATION('',(#3815),#3868);
#3815 = B_SPLINE_CURVE_WITH_KNOTS('',6,(#3816,#3817,#3818,#3819,#3820,
    #3821,#3822,#3823,#3824,#3825,#3826,#3827,#3828,#3829,#3830,#3831,
    #3832,#3833,#3834,#3835,#3836,#3837,#3838,#3839,#3840,#3841,#3842,
    #3843,#3844,#3845,#3846,#3847,#3848,#3849,#3850,#3851,#3852,#3853,
    #3854,#3855,#3856,#3857,#3858,#3859,#3860,#3861,#3862,#3863,#3864,
    #3865,#3866,#3867),.UNSPECIFIED.,.F.,.F.,(7,5,5,5,5,5,5,5,5,5,7),(0.
    ,9.197395840386E-02,0.152599786807,0.232236341107,0.299303055625,
    0.500060725591,0.646217757568,0.767830888777,0.847444435198,
    0.908052748133,1.),.UNSPECIFIED.);
#3816 = CARTESIAN_POINT('',(3.14159265359,1.));
#3817 = CARTESIAN_POINT('',(3.200363094406,1.));
#3818 = CARTESIAN_POINT('',(3.259003793363,0.992747678475));
#3819 = CARTESIAN_POINT('',(3.317255449568,0.97830241501));
#3820 = CARTESIAN_POINT('',(3.374861241705,0.957233247733));
#3821 = CARTESIAN_POINT('',(3.431537704744,0.930585239302));
#3822 = CARTESIAN_POINT('',(3.523467500005,0.879255661888));
#3823 = CARTESIAN_POINT('',(3.55949331465,0.856968980506));
#3824 = CARTESIAN_POINT('',(3.595024715694,0.833090162668));
#3825 = CARTESIAN_POINT('',(3.630059783209,0.807928047215));
#3826 = CARTESIAN_POINT('',(3.66459246985,0.781787723607));
#3827 = CARTESIAN_POINT('',(3.743300646149,0.719719648566));
#3828 = CARTESIAN_POINT('',(3.787118988813,0.683281474876));
#3829 = CARTESIAN_POINT('',(3.830129730829,0.646236211258));
#3830 = CARTESIAN_POINT('',(3.872387739918,0.609104790993));
#3831 = CARTESIAN_POINT('',(3.913942813466,0.572338584237));
#3832 = CARTESIAN_POINT('',(3.989285316294,0.505986022991));
#3833 = CARTESIAN_POINT('',(4.023271647013,0.476175303));
#3834 = CARTESIAN_POINT('',(4.056839062737,0.447107291678));
#3835 = CARTESIAN_POINT('',(4.09002208744,0.418970643854));
#3836 = CARTESIAN_POINT('',(4.122853947721,0.391925924296));
#3837 = CARTESIAN_POINT('',(4.252699663658,0.288827050114));
#3838 = CARTESIAN_POINT('',(4.347235291307,0.222509210889));
#3839 = CARTESIAN_POINT('',(4.439797715175,0.170885868843));
#3840 = CARTESIAN_POINT('',(4.531066885446,0.135848634826));
#3841 = CARTESIAN_POINT('',(4.621699009452,0.118308131665));
#3842 = CARTESIAN_POINT('',(4.778413740404,0.118308131665));
#3843 = CARTESIAN_POINT('',(4.844427397169,0.127604941783));
#3844 = CARTESIAN_POINT('',(4.910683781984,0.146192256562));
#3845 = CARTESIAN_POINT('',(4.97743198002,0.173806300351));
#3846 = CARTESIAN_POINT('',(5.044924539762,0.209910306148));
#3847 = CARTESIAN_POINT('',(5.170455934878,0.289900754864));
#3848 = CARTESIAN_POINT('',(5.228176320376,0.33146074463));
#3849 = CARTESIAN_POINT('',(5.286790997164,0.377727372536));
#3850 = CARTESIAN_POINT('',(5.346486543666,0.427996351374));
#3851 = CARTESIAN_POINT('',(5.407461152476,0.481299276202));
#3852 = CARTESIAN_POINT('',(5.510835147304,0.572338584238));
#3853 = CARTESIAN_POINT('',(5.552390220852,0.609104790992));
#3854 = CARTESIAN_POINT('',(5.594648229939,0.646236211257));
#3855 = CARTESIAN_POINT('',(5.637658971956,0.683281474876));
#3856 = CARTESIAN_POINT('',(5.681477314621,0.719719648567));
#3857 = CARTESIAN_POINT('',(5.76018549092,0.781787723608));
#3858 = CARTESIAN_POINT('',(5.79471817756,0.807928047215));
#3859 = CARTESIAN_POINT('',(5.829753245074,0.833090162667));
#3860 = CARTESIAN_POINT('',(5.865284646119,0.856968980506));
#3861 = CARTESIAN_POINT('',(5.901310460766,0.879255661888));
#3862 = CARTESIAN_POINT('',(5.993240175126,0.930585194131));
#3863 = CARTESIAN_POINT('',(6.049916683512,0.957233242457));
#3864 = CARTESIAN_POINT('',(6.107522591026,0.978302464325));
#3865 = CARTESIAN_POINT('',(6.165774356261,0.992747728943));
#3866 = CARTESIAN_POINT('',(6.224415070822,1.));
#3867 = CARTESIAN_POINT('',(6.28318530718,1.));
#3868 = ( GEOMETRIC_REPRESENTATION_CONTEXT(2) 
PARAMETRIC_REPRESENTATION_CONTEXT() REPRESENTATION_CONTEXT('2D SPACE',''
  ) );
#3869 = FACE_BOUND('',#3870,.T.);
#3870 = EDGE_LOOP('',(#3871));
#3871 = ORIENTED_EDGE('',*,*,#3872,.F.);
#3872 = EDGE_CURVE('',#3873,#3873,#3875,.T.);
#3873 = VERTEX_POINT('',#3874);
#3874 = CARTESIAN_POINT('',(735.,-274.0808571865,675.));
#3875 = SURFACE_CURVE('',#3876,(#3927,#3981),.PCURVE_S1.);
#3876 = B_SPLINE_CURVE_WITH_KNOTS('',7,(#3877,#3878,#3879,#3880,#3881,
    #3882,#3883,#3884,#3885,#3886,#3887,#3888,#3889,#3890,#3891,#3892,
    #3893,#3894,#3895,#3896,#3897,#3898,#3899,#3900,#3901,#3902,#3903,
    #3904,#3905,#3906,#3907,#3908,#3909,#3910,#3911,#3912,#3913,#3914,
    #3915,#3916,#3917,#3918,#3919,#3920,#3921,#3922,#3923,#3924,#3925,
    #3926),.UNSPECIFIED.,.T.,.F.,(8,6,6,6,6,6,6,6,8),(0.,0.134008509766,
    0.250117599073,0.366226688984,0.500235197326,0.634243707071,
    0.75035279636,0.861261691132,1.),.UNSPECIFIED.);
#3877 = CARTESIAN_POINT('',(735.,-274.0808571865,675.));
#3878 = CARTESIAN_POINT('',(735.,-274.0808571865,675.51601395573));
#3879 = CARTESIAN_POINT('',(734.93787001662,-274.086313698,
    676.03124996165));
#3880 = CARTESIAN_POINT('',(734.81394918054,-274.0971976709,
    676.54189826211));
#3881 = CARTESIAN_POINT('',(734.62645382863,-274.1132329429,
    677.04379177081));
#3882 = CARTESIAN_POINT('',(734.37208112654,-274.133866178,
    677.53102953587));
#3883 = CARTESIAN_POINT('',(734.04637708198,-274.1579926018,
    677.99514530812));
#3884 = CARTESIAN_POINT('',(733.29694179302,-274.2058866768,
    678.79321283219));
#3885 = CARTESIAN_POINT('',(732.88239958423,-274.229892735,
    679.14661624698));
#3886 = CARTESIAN_POINT('',(732.40188990353,-274.2539186543,
    679.46153562166));
#3887 = CARTESIAN_POINT('',(731.86126850554,-274.2754220506,
    679.71906781979));
#3888 = CARTESIAN_POINT('',(731.27096698341,-274.2915108499,
    679.90297033548));
#3889 = CARTESIAN_POINT('',(730.64485697009,-274.3,680.));
#3890 = CARTESIAN_POINT('',(729.35514302655,-274.3,680.));
#3891 = CARTESIAN_POINT('',(728.72903302868,-274.2915108501,
    679.90297033738));
#3892 = CARTESIAN_POINT('',(728.13873147448,-274.2754220502,
    679.71906781373));
#3893 = CARTESIAN_POINT('',(727.59811011443,-274.2539186548,
    679.46153563001));
#3894 = CARTESIAN_POINT('',(727.11760040711,-274.2298927346,
    679.14661624111));
#3895 = CARTESIAN_POINT('',(726.70305820872,-274.2058866769,
    678.79321283406));
#3896 = CARTESIAN_POINT('',(725.95362292234,-274.1579926021,
    677.99514531273));
#3897 = CARTESIAN_POINT('',(725.62791886034,-274.1338661772,
    677.53102951682));
#3898 = CARTESIAN_POINT('',(725.37354618941,-274.1132329441,
    677.04379180643));
#3899 = CARTESIAN_POINT('',(725.18605080672,-274.09719767,
    676.54189822556));
#3900 = CARTESIAN_POINT('',(725.06212998729,-274.0863136982,
    676.03124998235));
#3901 = CARTESIAN_POINT('',(725.,-274.0808571865,675.51601395033));
#3902 = CARTESIAN_POINT('',(725.,-274.0808571865,674.48398604426));
#3903 = CARTESIAN_POINT('',(725.06212998337,-274.086313698,
    673.96875003834));
#3904 = CARTESIAN_POINT('',(725.18605081945,-274.0971976709,
    673.45810173788));
#3905 = CARTESIAN_POINT('',(725.37354617137,-274.1132329429,
    672.95620822918));
#3906 = CARTESIAN_POINT('',(725.62791887345,-274.133866178,
    672.46897046412));
#3907 = CARTESIAN_POINT('',(725.95362291801,-274.1579926018,
    672.00485469187));
#3908 = CARTESIAN_POINT('',(726.70305820697,-274.2058866768,
    671.2067871678));
#3909 = CARTESIAN_POINT('',(727.11760041576,-274.229892735,
    670.85338375301));
#3910 = CARTESIAN_POINT('',(727.59811009645,-274.2539186543,
    670.53846437833));
#3911 = CARTESIAN_POINT('',(728.13873149446,-274.2754220506,
    670.2809321802));
#3912 = CARTESIAN_POINT('',(728.72903301658,-274.2915108499,
    670.09702966451));
#3913 = CARTESIAN_POINT('',(729.3551430299,-274.3,670.));
#3914 = CARTESIAN_POINT('',(730.61597566803,-274.3,670.));
#3915 = CARTESIAN_POINT('',(731.21594234137,-274.2922542287,
    670.0885329463));
#3916 = CARTESIAN_POINT('',(731.7844644977,-274.2774883768,
    670.2573135096));
#3917 = CARTESIAN_POINT('',(732.30861503418,-274.2575528632,
    670.49495590351));
#3918 = CARTESIAN_POINT('',(732.77841123961,-274.2349805744,
    670.78711675938));
#3919 = CARTESIAN_POINT('',(733.18786218299,-274.2120835118,
    671.11679437113));
#3920 = CARTESIAN_POINT('',(733.97044390102,-274.1635768796,
    671.89937608916));
#3921 = CARTESIAN_POINT('',(734.32273966134,-274.137856821,
    672.37650175831));
#3922 = CARTESIAN_POINT('',(734.59738731928,-274.1157157,672.87994321995
    ));
#3923 = CARTESIAN_POINT('',(734.79953574815,-274.0984637819,
    673.39986619808));
#3924 = CARTESIAN_POINT('',(734.93303776777,-274.0867380339,
    673.92952292264));
#3925 = CARTESIAN_POINT('',(735.,-274.0808571865,674.46429526927));
#3926 = CARTESIAN_POINT('',(735.,-274.0808571865,675.));
#3927 = PCURVE('',#3125,#3928);
#3928 = DEFINITIONAL_REPRESENTATION('',(#3929),#3980);
#3929 = B_SPLINE_CURVE_WITH_KNOTS('',7,(#3930,#3931,#3932,#3933,#3934,
    #3935,#3936,#3937,#3938,#3939,#3940,#3941,#3942,#3943,#3944,#3945,
    #3946,#3947,#3948,#3949,#3950,#3951,#3952,#3953,#3954,#3955,#3956,
    #3957,#3958,#3959,#3960,#3961,#3962,#3963,#3964,#3965,#3966,#3967,
    #3968,#3969,#3970,#3971,#3972,#3973,#3974,#3975,#3976,#3977,#3978,
    #3979),.UNSPECIFIED.,.T.,.F.,(8,6,6,6,6,6,6,6,8),(0.,0.134008509766,
    0.250117599073,0.366226688984,0.500235197326,0.634243707071,
    0.75035279636,0.861261691132,1.),.UNSPECIFIED.);
#3930 = CARTESIAN_POINT('',(4.79999004224,165.));
#3931 = CARTESIAN_POINT('',(4.79999004224,165.51601395573));
#3932 = CARTESIAN_POINT('',(4.798898719181,166.03124996165));
#3933 = CARTESIAN_POINT('',(4.796722026544,166.54189826211));
#3934 = CARTESIAN_POINT('',(4.793429305457,167.04379177081));
#3935 = CARTESIAN_POINT('',(4.788963806458,167.53102953587));
#3936 = CARTESIAN_POINT('',(4.783249376134,167.99514530812));
#3937 = CARTESIAN_POINT('',(4.770109146734,168.79321283219));
#3938 = CARTESIAN_POINT('',(4.762843543904,169.14661624698));
#3939 = CARTESIAN_POINT('',(4.754425600204,169.46153562166));
#3940 = CARTESIAN_POINT('',(4.744959444228,169.71906781979));
#3941 = CARTESIAN_POINT('',(4.734628124957,169.90297033548));
#3942 = CARTESIAN_POINT('',(4.723672566913,170.));
#3943 = CARTESIAN_POINT('',(4.701105393798,170.));
#3944 = CARTESIAN_POINT('',(4.690149836024,169.90297033738));
#3945 = CARTESIAN_POINT('',(4.679818516192,169.71906781373));
#3946 = CARTESIAN_POINT('',(4.670352360881,169.46153563001));
#3947 = CARTESIAN_POINT('',(4.661934416714,169.14661624111));
#3948 = CARTESIAN_POINT('',(4.654668814066,168.79321283406));
#3949 = CARTESIAN_POINT('',(4.641528584712,167.99514531273));
#3950 = CARTESIAN_POINT('',(4.635814154082,167.53102951682));
#3951 = CARTESIAN_POINT('',(4.631348655629,167.04379180643));
#3952 = CARTESIAN_POINT('',(4.628055934002,166.54189822556));
#3953 = CARTESIAN_POINT('',(4.625879241657,166.03124998235));
#3954 = CARTESIAN_POINT('',(4.624787918529,165.51601395033));
#3955 = CARTESIAN_POINT('',(4.624787918529,164.48398604426));
#3956 = CARTESIAN_POINT('',(4.625879241588,163.96875003834));
#3957 = CARTESIAN_POINT('',(4.628055934225,163.45810173788));
#3958 = CARTESIAN_POINT('',(4.631348655312,162.95620822918));
#3959 = CARTESIAN_POINT('',(4.635814154312,162.46897046412));
#3960 = CARTESIAN_POINT('',(4.641528584636,162.00485469187));
#3961 = CARTESIAN_POINT('',(4.654668814035,161.2067871678));
#3962 = CARTESIAN_POINT('',(4.661934416866,160.85338375301));
#3963 = CARTESIAN_POINT('',(4.670352360566,160.53846437833));
#3964 = CARTESIAN_POINT('',(4.679818516542,160.28093218021));
#3965 = CARTESIAN_POINT('',(4.690149835812,160.09702966451));
#3966 = CARTESIAN_POINT('',(4.701105393856,160.));
#3967 = CARTESIAN_POINT('',(4.723167207297,160.));
#3968 = CARTESIAN_POINT('',(4.73366531377,160.0885329463));
#3969 = CARTESIAN_POINT('',(4.743615242196,160.25731350961));
#3970 = CARTESIAN_POINT('',(4.752792419775,160.49495590351));
#3971 = CARTESIAN_POINT('',(4.761021893019,160.78711675938));
#3972 = CARTESIAN_POINT('',(4.768197450051,161.11679437113));
#3973 = CARTESIAN_POINT('',(4.781917197491,161.89937608916));
#3974 = CARTESIAN_POINT('',(4.788097637244,162.37650175831));
#3975 = CARTESIAN_POINT('',(4.792918855561,162.87994321995));
#3976 = CARTESIAN_POINT('',(4.79646885153,163.39986619808));
#3977 = CARTESIAN_POINT('',(4.798813840075,163.92952292264));
#3978 = CARTESIAN_POINT('',(4.79999004224,164.46429526927));
#3979 = CARTESIAN_POINT('',(4.79999004224,165.));
#3980 = ( GEOMETRIC_REPRESENTATION_CONTEXT(2) 
PARAMETRIC_REPRESENTATION_CONTEXT() REPRESENTATION_CONTEXT('2D SPACE',''
  ) );
#3981 = PCURVE('',#3982,#3987);
#3982 = CYLINDRICAL_SURFACE('',#3983,5.);
#3983 = AXIS2_PLACEMENT_3D('',#3984,#3985,#3986);
#3984 = CARTESIAN_POINT('',(730.,-273.3,675.));
#3985 = DIRECTION('',(0.,-1.,2.22044604925E-16));
#3986 = DIRECTION('',(1.,0.,0.));
#3987 = DEFINITIONAL_REPRESENTATION('',(#3988),#4039);
#3988 = B_SPLINE_CURVE_WITH_KNOTS('',7,(#3989,#3990,#3991,#3992,#3993,
    #3994,#3995,#3996,#3997,#3998,#3999,#4000,#4001,#4002,#4003,#4004,
    #4005,#4006,#4007,#4008,#4009,#4010,#4011,#4012,#4013,#4014,#4015,
    #4016,#4017,#4018,#4019,#4020,#4021,#4022,#4023,#4024,#4025,#4026,
    #4027,#4028,#4029,#4030,#4031,#4032,#4033,#4034,#4035,#4036,#4037,
    #4038),.UNSPECIFIED.,.F.,.F.,(8,6,6,6,6,6,6,6,8),(0.,0.134008509766,
    0.250117599073,0.366226688984,0.500235197326,0.634243707071,
    0.75035279636,0.861261691132,1.),.UNSPECIFIED.);
#3989 = CARTESIAN_POINT('',(0.,0.780857186591));
#3990 = CARTESIAN_POINT('',(0.103202791147,0.780857186591));
#3991 = CARTESIAN_POINT('',(0.206249771004,0.786313698028));
#3992 = CARTESIAN_POINT('',(0.310175859994,0.797197670937));
#3993 = CARTESIAN_POINT('',(0.415913761409,0.813232942919));
#3994 = CARTESIAN_POINT('',(0.524411022873,0.833866178063));
#3995 = CARTESIAN_POINT('',(0.636668485506,0.857992601872));
#3996 = CARTESIAN_POINT('',(0.855626474656,0.905886676818));
#3997 = CARTESIAN_POINT('',(0.963905356772,0.929892735061));
#3998 = CARTESIAN_POINT('',(1.077319251945,0.953918654348));
#3999 = CARTESIAN_POINT('',(1.195038593746,0.975422050611));
#4000 = CARTESIAN_POINT('',(1.316602976628,0.991510849973));
#4001 = CARTESIAN_POINT('',(1.441824932775,1.));
#4002 = CARTESIAN_POINT('',(1.699767721485,1.));
#4003 = CARTESIAN_POINT('',(1.824989674416,0.991510850104));
#4004 = CARTESIAN_POINT('',(1.946554064269,0.975422050206));
#4005 = CARTESIAN_POINT('',(2.064273397418,0.95391865489));
#4006 = CARTESIAN_POINT('',(2.177687299023,0.929892734693));
#4007 = CARTESIAN_POINT('',(2.285966178421,0.90588667693));
#4008 = CARTESIAN_POINT('',(2.504924166819,0.857992602149));
#4009 = CARTESIAN_POINT('',(2.617181635515,0.833866177202));
#4010 = CARTESIAN_POINT('',(2.72567888376,0.81323294413));
#4011 = CARTESIAN_POINT('',(2.831416801785,0.797197670068));
#4012 = CARTESIAN_POINT('',(2.935342878185,0.786313698298));
#4013 = CARTESIAN_POINT('',(3.038389863523,0.780857186591));
#4014 = CARTESIAN_POINT('',(3.244795444736,0.780857186591));
#4015 = CARTESIAN_POINT('',(3.347842424594,0.786313698028));
#4016 = CARTESIAN_POINT('',(3.451768513584,0.797197670937));
#4017 = CARTESIAN_POINT('',(3.557506414999,0.81323294292));
#4018 = CARTESIAN_POINT('',(3.666003676463,0.833866178063));
#4019 = CARTESIAN_POINT('',(3.778261139096,0.857992601872));
#4020 = CARTESIAN_POINT('',(3.997219128246,0.905886676818));
#4021 = CARTESIAN_POINT('',(4.105498010361,0.929892735061));
#4022 = CARTESIAN_POINT('',(4.218911905534,0.953918654348));
#4023 = CARTESIAN_POINT('',(4.336631247336,0.975422050611));
#4024 = CARTESIAN_POINT('',(4.458195630217,0.991510849973));
#4025 = CARTESIAN_POINT('',(4.583417586365,1.));
#4026 = CARTESIAN_POINT('',(4.835584113991,1.));
#4027 = CARTESIAN_POINT('',(4.95557736435,0.992254228749));
#4028 = CARTESIAN_POINT('',(5.072336091446,0.977488376823));
#4029 = CARTESIAN_POINT('',(5.185612775032,0.957552863226));
#4030 = CARTESIAN_POINT('',(5.294922010196,0.93498057446));
#4031 = CARTESIAN_POINT('',(5.399450730617,0.912083511889));
#4032 = CARTESIAN_POINT('',(5.620798266476,0.863576879635));
#4033 = CARTESIAN_POINT('',(5.738096658833,0.837856821017));
#4034 = CARTESIAN_POINT('',(5.851172406719,0.815715700055));
#4035 = CARTESIAN_POINT('',(5.961148524034,0.79846378197));
#4036 = CARTESIAN_POINT('',(6.069090203059,0.786738033985));
#4037 = CARTESIAN_POINT('',(6.176044361034,0.780857186591));
#4038 = CARTESIAN_POINT('',(6.28318530718,0.780857186591));
#4039 = ( GEOMETRIC_REPRESENTATION_CONTEXT(2) 
PARAMETRIC_REPRESENTATION_CONTEXT() REPRESENTATION_CONTEXT('2D SPACE',''
  ) );
#4040 = FACE_BOUND('',#4041,.T.);
#4041 = EDGE_LOOP('',(#4042));
#4042 = ORIENTED_EDGE('',*,*,#4043,.T.);
#4043 = EDGE_CURVE('',#4044,#4044,#4046,.T.);
#4044 = VERTEX_POINT('',#4045);
#4045 = CARTESIAN_POINT('',(751.1,-164.0377368209,1.55E+03));
#4046 = SURFACE_CURVE('',#4047,(#4206,#4368),.PCURVE_S1.);
#4047 = B_SPLINE_CURVE_WITH_KNOTS('',7,(#4048,#4049,#4050,#4051,#4052,
    #4053,#4054,#4055,#4056,#4057,#4058,#4059,#4060,#4061,#4062,#4063,
    #4064,#4065,#4066,#4067,#4068,#4069,#4070,#4071,#4072,#4073,#4074,
    #4075,#4076,#4077,#4078,#4079,#4080,#4081,#4082,#4083,#4084,#4085,
    #4086,#4087,#4088,#4089,#4090,#4091,#4092,#4093,#4094,#4095,#4096,
    #4097,#4098,#4099,#4100,#4101,#4102,#4103,#4104,#4105,#4106,#4107,
    #4108,#4109,#4110,#4111,#4112,#4113,#4114,#4115,#4116,#4117,#4118,
    #4119,#4120,#4121,#4122,#4123,#4124,#4125,#4126,#4127,#4128,#4129,
    #4130,#4131,#4132,#4133,#4134,#4135,#4136,#4137,#4138,#4139,#4140,
    #4141,#4142,#4143,#4144,#4145,#4146,#4147,#4148,#4149,#4150,#4151,
    #4152,#4153,#4154,#4155,#4156,#4157,#4158,#4159,#4160,#4161,#4162,
    #4163,#4164,#4165,#4166,#4167,#4168,#4169,#4170,#4171,#4172,#4173,
    #4174,#4175,#4176,#4177,#4178,#4179,#4180,#4181,#4182,#4183,#4184,
    #4185,#4186,#4187,#4188,#4189,#4190,#4191,#4192,#4193,#4194,#4195,
    #4196,#4197,#4198,#4199,#4200,#4201,#4202,#4203,#4204,#4205),
  .UNSPECIFIED.,.T.,.F.,(8,6,6,6,6,6,6,6,6,6,6,6,6,6,6,6,6,6,6,6,6,6,6,6
    ,6,6,8),(0.,0.125108933748,0.152321217648,0.185317623016,
    0.210799429461,0.249974603828,0.276150313595,0.313890218603,
    0.346350361147,0.373354155372,0.396492279175,0.416491164315,
    0.433051704756,0.499959233767,0.565990364777,0.582484057923,
    0.602370525241,0.625315958914,0.652522576694,0.685512111588,
    0.710988612248,0.750155629615,0.776325889113,0.81405793597,
    0.846511319716,0.873509491263,1.),.UNSPECIFIED.);
#4048 = CARTESIAN_POINT('',(751.1,-164.0377368209,1.55E+03));
#4049 = CARTESIAN_POINT('',(751.1,-164.0377368209,1.552066776005E+03));
#4050 = CARTESIAN_POINT('',(750.86381539887,-163.9439070664,
    1.554128283856E+03));
#4051 = CARTESIAN_POINT('',(750.39361567995,-163.7571118714,
    1.556167808229E+03));
#4052 = CARTESIAN_POINT('',(749.68635467245,-163.4837914019,
    1.558168095604E+03));
#4053 = CARTESIAN_POINT('',(748.73514868812,-163.1361800424,
    1.560108079307E+03));
#4054 = CARTESIAN_POINT('',(747.52983097272,-162.7333092087,
    1.561960626281E+03));
#4055 = CARTESIAN_POINT('',(745.73911740667,-162.208997089,
    1.564061771952E+03));
#4056 = CARTESIAN_POINT('',(745.40646623682,-162.1139620512,
    1.56443135566E+03));
#4057 = CARTESIAN_POINT('',(745.06089100863,-162.0178284253,
    1.564794783998E+03));
#4058 = CARTESIAN_POINT('',(744.70220677585,-161.9208870932,
    1.565151641643E+03));
#4059 = CARTESIAN_POINT('',(744.33022851905,-161.8234529666,
    1.565501466065E+03));
#4060 = CARTESIAN_POINT('',(743.9447709952,-161.7258658853,
    1.565843747605E+03));
#4061 = CARTESIAN_POINT('',(743.06169050373,-161.5104196855,
    1.566583143705E+03));
#4062 = CARTESIAN_POINT('',(742.5575366599,-161.3926353719,
    1.566976536109E+03));
#4063 = CARTESIAN_POINT('',(742.03296111726,-161.2758193938,
    1.567357002165E+03));
#4064 = CARTESIAN_POINT('',(741.4877703008,-161.1607122796,
    1.567723343064E+03));
#4065 = CARTESIAN_POINT('',(740.92181494997,-161.0481125948,
    1.568074257303E+03));
#4066 = CARTESIAN_POINT('',(740.33500206982,-160.9388752702,
    1.568408332194E+03));
#4067 = CARTESIAN_POINT('',(739.25800815138,-160.7528493877,
    1.568967840342E+03));
#4068 = CARTESIAN_POINT('',(738.77617579444,-160.6743226985,
    1.569200730041E+03));
#4069 = CARTESIAN_POINT('',(738.28210486301,-160.5988041149,
    1.569421828812E+03));
#4070 = CARTESIAN_POINT('',(737.77613034646,-160.5267712431,
    1.569630278682E+03));
#4071 = CARTESIAN_POINT('',(737.25862731563,-160.4586993285,
    1.569825237678E+03));
#4072 = CARTESIAN_POINT('',(736.73001106674,-160.3950555433,
    1.570005878131E+03));
#4073 = CARTESIAN_POINT('',(735.36166946586,-160.245953437,
    1.570425831612E+03));
#4074 = CARTESIAN_POINT('',(734.50610183652,-160.1670084285,
    1.570644911839E+03));
#4075 = CARTESIAN_POINT('',(733.62862288097,-160.1015060944,
    1.570824515708E+03));
#4076 = CARTESIAN_POINT('',(732.73411803109,-160.0511281214,
    1.570961518374E+03));
#4077 = CARTESIAN_POINT('',(731.82768656986,-160.0170746266,
    1.571053752649E+03));
#4078 = CARTESIAN_POINT('',(730.91455687733,-160.,1.5711E+03));
#4079 = CARTESIAN_POINT('',(729.38891974894,-160.,1.5711E+03));
#4080 = CARTESIAN_POINT('',(728.77805315102,-160.0076230186,
    1.571079352809E+03));
#4081 = CARTESIAN_POINT('',(728.16913961408,-160.0228594677,
    1.571038084452E+03));
#4082 = CARTESIAN_POINT('',(727.56391348113,-160.0455759567,
    1.570976446163E+03));
#4083 = CARTESIAN_POINT('',(726.96409085224,-160.0755161629,
    1.570894913229E+03));
#4084 = CARTESIAN_POINT('',(726.37135648029,-160.1123074433,
    1.570794185926E+03));
#4085 = CARTESIAN_POINT('',(724.94533647151,-160.2177091804,
    1.570503628916E+03));
#4086 = CARTESIAN_POINT('',(724.12235072032,-160.2931305043,
    1.570294274423E+03));
#4087 = CARTESIAN_POINT('',(723.32062585688,-160.3804532497,
    1.570049521901E+03));
#4088 = CARTESIAN_POINT('',(722.54221160269,-160.4782225499,
    1.56977195642E+03));
#4089 = CARTESIAN_POINT('',(721.7889597371,-160.5848636408,
    1.569464365271E+03));
#4090 = CARTESIAN_POINT('',(721.06250880329,-160.6987329179,
    1.569129747944E+03));
#4091 = CARTESIAN_POINT('',(719.76371167023,-160.9208961215,
    1.568463047043E+03));
#4092 = CARTESIAN_POINT('',(719.18334688524,-161.0278577313,
    1.568136810439E+03));
#4093 = CARTESIAN_POINT('',(718.62316854226,-161.1381822851,
    1.567794087664E+03));
#4094 = CARTESIAN_POINT('',(718.08310495332,-161.2510483082,
    1.567436239812E+03));
#4095 = CARTESIAN_POINT('',(717.56302959634,-161.365686379,
    1.567064525386E+03));
#4096 = CARTESIAN_POINT('',(717.06277205182,-161.4813811184,
    1.566680107966E+03));
#4097 = CARTESIAN_POINT('',(716.18227894857,-161.6940508852,
    1.565954592331E+03));
#4098 = CARTESIAN_POINT('',(715.7959303223,-161.7909210758,
    1.565617014327E+03));
#4099 = CARTESIAN_POINT('',(715.42290297193,-161.8877212822,
    1.565271883952E+03));
#4100 = CARTESIAN_POINT('',(715.06301648422,-161.9841143444,
    1.56491970896E+03));
#4101 = CARTESIAN_POINT('',(714.71608998983,-162.079787581,
    1.564560950703E+03));
#4102 = CARTESIAN_POINT('',(714.38194203168,-162.17445196,
    1.564196024057E+03));
#4103 = CARTESIAN_POINT('',(713.78486986656,-162.3478616329,
    1.563507641235E+03));
#4104 = CARTESIAN_POINT('',(713.51859719236,-162.4269459134,
    1.563185726445E+03));
#4105 = CARTESIAN_POINT('',(713.26146697267,-162.50492404,
    1.562859794154E+03));
#4106 = CARTESIAN_POINT('',(713.01337808353,-162.5816365089,
    1.562530068146E+03));
#4107 = CARTESIAN_POINT('',(712.77423356324,-162.6569339433,
    1.562196754785E+03));
#4108 = CARTESIAN_POINT('',(712.54394046042,-162.7306766531,
    1.561860042986E+03));
#4109 = CARTESIAN_POINT('',(712.13093484043,-162.8650154104,
    1.561226286205E+03));
#4110 = CARTESIAN_POINT('',(711.94600777093,-162.9260370439,
    1.560930060214E+03));
#4111 = CARTESIAN_POINT('',(711.76757730574,-162.9857129899,
    1.560631546605E+03));
#4112 = CARTESIAN_POINT('',(711.59559502279,-163.0439617105,
    1.560330859311E+03));
#4113 = CARTESIAN_POINT('',(711.43001524585,-163.1007062352,
    1.560028105812E+03));
#4114 = CARTESIAN_POINT('',(711.27079504449,-163.1558741606,
    1.559723387135E+03));
#4115 = CARTESIAN_POINT('',(710.99128117359,-163.2537190167,
    1.559162919495E+03));
#4116 = CARTESIAN_POINT('',(710.86900301751,-163.2969121242,
    1.558907762019E+03));
#4117 = CARTESIAN_POINT('',(710.75103834529,-163.3389379009,
    1.558651381918E+03));
#4118 = CARTESIAN_POINT('',(710.63736735796,-163.3797591005,
    1.558393834592E+03));
#4119 = CARTESIAN_POINT('',(710.52797187817,-163.4193403024,
    1.558135174353E+03));
#4120 = CARTESIAN_POINT('',(710.42283535019,-163.457647912,
    1.557875454425E+03));
#4121 = CARTESIAN_POINT('',(709.91431915252,-163.6441458257,
    1.556561341538E+03));
#4122 = CARTESIAN_POINT('',(709.57584304916,-163.772380346,
    1.555491184378E+03));
#4123 = CARTESIAN_POINT('',(709.30573395901,-163.8771854482,
    1.554408036778E+03));
#4124 = CARTESIAN_POINT('',(709.10338876862,-163.9569399806,
    1.5533153306E+03));
#4125 = CARTESIAN_POINT('',(708.96840256767,-164.010562302,
    1.552216257014E+03));
#4126 = CARTESIAN_POINT('',(708.90058939489,-164.037502671,
    1.551113875248E+03));
#4127 = CARTESIAN_POINT('',(708.899424254,-164.0379655485,
    1.548923010735E+03));
#4128 = CARTESIAN_POINT('',(708.96432291866,-164.0121830603,
    1.547835008676E+03));
#4129 = CARTESIAN_POINT('',(709.0946475726,-163.9604055039,
    1.546750140137E+03));
#4130 = CARTESIAN_POINT('',(709.29057184224,-163.8831487182,
    1.54567135092E+03));
#4131 = CARTESIAN_POINT('',(709.55247537955,-163.7814338184,
    1.544601708951E+03));
#4132 = CARTESIAN_POINT('',(709.88092485602,-163.6567939674,
    1.543544505555E+03));
#4133 = CARTESIAN_POINT('',(710.37550304148,-163.4749339899,
    1.542243291684E+03));
#4134 = CARTESIAN_POINT('',(710.47855632034,-163.437281832,
    1.54198420932E+03));
#4135 = CARTESIAN_POINT('',(710.585829174,-163.3983555972,
    1.541726160964E+03));
#4136 = CARTESIAN_POINT('',(710.6973375597,-163.3581880052,
    1.541469198968E+03));
#4137 = CARTESIAN_POINT('',(710.81309901107,-163.3168135701,
    1.541213376713E+03));
#4138 = CARTESIAN_POINT('',(710.93313263805,-163.2742686008,
    1.540958748607E+03));
#4139 = CARTESIAN_POINT('',(711.20735973666,-163.1779293022,
    1.540399871269E+03));
#4140 = CARTESIAN_POINT('',(711.36349861795,-163.1236220962,
    1.540096194064E+03));
#4141 = CARTESIAN_POINT('',(711.52591439042,-163.0677354303,
    1.539794430839E+03));
#4142 = CARTESIAN_POINT('',(711.69464835466,-163.0103395842,
    1.539494680126E+03));
#4143 = CARTESIAN_POINT('',(711.86974449232,-162.9515092696,
    1.539197046617E+03));
#4144 = CARTESIAN_POINT('',(712.05124946607,-162.8913236299,
    1.538901641166E+03));
#4145 = CARTESIAN_POINT('',(712.45608854853,-162.7589553832,
    1.538270441424E+03));
#4146 = CARTESIAN_POINT('',(712.68155997217,-162.686352292,
    1.537935427665E+03));
#4147 = CARTESIAN_POINT('',(712.91571213418,-162.6121825353,
    1.537603704618E+03));
#4148 = CARTESIAN_POINT('',(713.15863411733,-162.536580505,
    1.537275453901E+03));
#4149 = CARTESIAN_POINT('',(713.4104189888,-162.4596898329,
    1.53695087362E+03));
#4150 = CARTESIAN_POINT('',(713.6711639453,-162.381663807,
    1.536630178345E+03));
#4151 = CARTESIAN_POINT('',(714.26088259333,-162.208997089,
    1.535938228047E+03));
#4152 = CARTESIAN_POINT('',(714.59353376318,-162.1139620512,
    1.53556864434E+03));
#4153 = CARTESIAN_POINT('',(714.93910899137,-162.0178284253,
    1.535205216002E+03));
#4154 = CARTESIAN_POINT('',(715.29779322415,-161.9208870932,
    1.534848358357E+03));
#4155 = CARTESIAN_POINT('',(715.66977148095,-161.8234529666,
    1.534498533935E+03));
#4156 = CARTESIAN_POINT('',(716.0552290048,-161.7258658853,
    1.534156252395E+03));
#4157 = CARTESIAN_POINT('',(716.93830949641,-161.5104196855,
    1.533416856295E+03));
#4158 = CARTESIAN_POINT('',(717.44246334011,-161.3926353719,
    1.533023463891E+03));
#4159 = CARTESIAN_POINT('',(717.9670388826,-161.2758193938,
    1.532642997836E+03));
#4160 = CARTESIAN_POINT('',(718.51222969907,-161.1607122796,
    1.532276656936E+03));
#4161 = CARTESIAN_POINT('',(719.07818505005,-161.0481125948,
    1.531925742697E+03));
#4162 = CARTESIAN_POINT('',(719.66499793036,-160.9388752702,
    1.531591667806E+03));
#4163 = CARTESIAN_POINT('',(720.74199184861,-160.7528493877,
    1.531032159658E+03));
#4164 = CARTESIAN_POINT('',(721.22382420555,-160.6743226985,
    1.530799269959E+03));
#4165 = CARTESIAN_POINT('',(721.71789513699,-160.5988041149,
    1.530578171188E+03));
#4166 = CARTESIAN_POINT('',(722.22386965353,-160.5267712431,
    1.530369721318E+03));
#4167 = CARTESIAN_POINT('',(722.74137268436,-160.4586993285,
    1.530174762322E+03));
#4168 = CARTESIAN_POINT('',(723.26998893324,-160.3950555433,
    1.529994121869E+03));
#4169 = CARTESIAN_POINT('',(724.63833053413,-160.245953437,
    1.529574168388E+03));
#4170 = CARTESIAN_POINT('',(725.49389816347,-160.1670084285,
    1.529355088161E+03));
#4171 = CARTESIAN_POINT('',(726.37137711902,-160.1015060944,
    1.529175484292E+03));
#4172 = CARTESIAN_POINT('',(727.2658819689,-160.0511281214,
    1.529038481626E+03));
#4173 = CARTESIAN_POINT('',(728.17231343013,-160.0170746266,
    1.528946247351E+03));
#4174 = CARTESIAN_POINT('',(729.08544312266,-160.,1.5289E+03));
#4175 = CARTESIAN_POINT('',(730.61108025104,-160.,1.5289E+03));
#4176 = CARTESIAN_POINT('',(731.22194684897,-160.0076230186,
    1.528920647191E+03));
#4177 = CARTESIAN_POINT('',(731.83086038592,-160.0228594677,
    1.528961915548E+03));
#4178 = CARTESIAN_POINT('',(732.43608651886,-160.0455759567,
    1.529023553837E+03));
#4179 = CARTESIAN_POINT('',(733.03590914775,-160.0755161629,
    1.529105086771E+03));
#4180 = CARTESIAN_POINT('',(733.62864351969,-160.1123074433,
    1.529205814074E+03));
#4181 = CARTESIAN_POINT('',(735.05466352849,-160.2177091804,
    1.529496371084E+03));
#4182 = CARTESIAN_POINT('',(735.87764927968,-160.2931305043,
    1.529705725577E+03));
#4183 = CARTESIAN_POINT('',(736.67937414311,-160.3804532497,
    1.529950478099E+03));
#4184 = CARTESIAN_POINT('',(737.4577883973,-160.4782225499,
    1.53022804358E+03));
#4185 = CARTESIAN_POINT('',(738.21104026289,-160.5848636408,
    1.530535634729E+03));
#4186 = CARTESIAN_POINT('',(738.9374911967,-160.6987329179,
    1.530870252056E+03));
#4187 = CARTESIAN_POINT('',(740.2362883299,-160.9208961215,
    1.531536952957E+03));
#4188 = CARTESIAN_POINT('',(740.81665311477,-161.0278577313,
    1.531863189561E+03));
#4189 = CARTESIAN_POINT('',(741.37683145763,-161.138182285,
    1.532205912336E+03));
#4190 = CARTESIAN_POINT('',(741.91689504657,-161.2510483081,
    1.532563760188E+03));
#4191 = CARTESIAN_POINT('',(742.43697040366,-161.365686379,
    1.532935474614E+03));
#4192 = CARTESIAN_POINT('',(742.9372279483,-161.4813811184,
    1.533319892035E+03));
#4193 = CARTESIAN_POINT('',(743.81772105142,-161.6940508852,
    1.534045407669E+03));
#4194 = CARTESIAN_POINT('',(744.20406967769,-161.7909210758,
    1.534382985673E+03));
#4195 = CARTESIAN_POINT('',(744.57709702807,-161.8877212822,
    1.534728116048E+03));
#4196 = CARTESIAN_POINT('',(744.93698351578,-161.9841143444,
    1.53508029104E+03));
#4197 = CARTESIAN_POINT('',(745.28391001016,-162.079787581,
    1.535439049297E+03));
#4198 = CARTESIAN_POINT('',(745.6180579683,-162.17445196,
    1.535803975943E+03));
#4199 = CARTESIAN_POINT('',(747.44612733904,-162.7053842831,
    1.537911613218E+03));
#4200 = CARTESIAN_POINT('',(748.68017728821,-163.116109484,
    1.539780490945E+03));
#4201 = CARTESIAN_POINT('',(749.65365127925,-163.4711598002,
    1.541739990336E+03));
#4202 = CARTESIAN_POINT('',(750.3772767794,-163.7506208902,
    1.543761835027E+03));
#4203 = CARTESIAN_POINT('',(750.85831896432,-163.9417234965,
    1.545824195667E+03));
#4204 = CARTESIAN_POINT('',(751.1,-164.0377368209,1.547909313768E+03));
#4205 = CARTESIAN_POINT('',(751.1,-164.0377368209,1.55E+03));
#4206 = PCURVE('',#3125,#4207);
#4207 = DEFINITIONAL_REPRESENTATION('',(#4208),#4367);
#4208 = B_SPLINE_CURVE_WITH_KNOTS('',7,(#4209,#4210,#4211,#4212,#4213,
    #4214,#4215,#4216,#4217,#4218,#4219,#4220,#4221,#4222,#4223,#4224,
    #4225,#4226,#4227,#4228,#4229,#4230,#4231,#4232,#4233,#4234,#4235,
    #4236,#4237,#4238,#4239,#4240,#4241,#4242,#4243,#4244,#4245,#4246,
    #4247,#4248,#4249,#4250,#4251,#4252,#4253,#4254,#4255,#4256,#4257,
    #4258,#4259,#4260,#4261,#4262,#4263,#4264,#4265,#4266,#4267,#4268,
    #4269,#4270,#4271,#4272,#4273,#4274,#4275,#4276,#4277,#4278,#4279,
    #4280,#4281,#4282,#4283,#4284,#4285,#4286,#4287,#4288,#4289,#4290,
    #4291,#4292,#4293,#4294,#4295,#4296,#4297,#4298,#4299,#4300,#4301,
    #4302,#4303,#4304,#4305,#4306,#4307,#4308,#4309,#4310,#4311,#4312,
    #4313,#4314,#4315,#4316,#4317,#4318,#4319,#4320,#4321,#4322,#4323,
    #4324,#4325,#4326,#4327,#4328,#4329,#4330,#4331,#4332,#4333,#4334,
    #4335,#4336,#4337,#4338,#4339,#4340,#4341,#4342,#4343,#4344,#4345,
    #4346,#4347,#4348,#4349,#4350,#4351,#4352,#4353,#4354,#4355,#4356,
    #4357,#4358,#4359,#4360,#4361,#4362,#4363,#4364,#4365,#4366),
  .UNSPECIFIED.,.T.,.F.,(8,6,6,6,6,6,6,6,6,6,6,6,6,6,6,6,6,6,6,6,6,6,6,6
    ,6,6,8),(0.,0.125108933748,0.152321217648,0.185317623016,
    0.210799429461,0.249974603828,0.276150313595,0.313890218603,
    0.346350361147,0.373354155372,0.396492279175,0.416491164315,
    0.433051704756,0.499959233767,0.565990364777,0.582484057923,
    0.602370525241,0.625315958914,0.652522576694,0.685512111588,
    0.710988612248,0.750155629615,0.776325889113,0.81405793597,
    0.846511319716,0.873509491263,1.),.UNSPECIFIED.);
#4209 = CARTESIAN_POINT('',(1.192644128009,1.04E+03));
#4210 = CARTESIAN_POINT('',(1.192644128009,1.042066776005E+03));
#4211 = CARTESIAN_POINT('',(1.197091017323,1.044128283856E+03));
#4212 = CARTESIAN_POINT('',(1.2059439822,1.046167808229E+03));
#4213 = CARTESIAN_POINT('',(1.219210767,1.048168095604E+03));
#4214 = CARTESIAN_POINT('',(1.236924791733,1.050108079307E+03));
#4215 = CARTESIAN_POINT('',(1.25914630943,1.051960626281E+03));
#4216 = CARTESIAN_POINT('',(1.29179536324,1.054061771952E+03));
#4217 = CARTESIAN_POINT('',(1.297848779538,1.05443135566E+03));
#4218 = CARTESIAN_POINT('',(1.304124953672,1.054794783998E+03));
#4219 = CARTESIAN_POINT('',(1.310625993979,1.055151641643E+03));
#4220 = CARTESIAN_POINT('',(1.317354027543,1.055501466065E+03));
#4221 = CARTESIAN_POINT('',(1.324311226705,1.055843747605E+03));
#4222 = CARTESIAN_POINT('',(1.340216423008,1.056583143705E+03));
#4223 = CARTESIAN_POINT('',(1.349275129794,1.056976536109E+03));
#4224 = CARTESIAN_POINT('',(1.358678055895,1.057357002165E+03));
#4225 = CARTESIAN_POINT('',(1.368426882846,1.057723343064E+03));
#4226 = CARTESIAN_POINT('',(1.378522764226,1.058074257303E+03));
#4227 = CARTESIAN_POINT('',(1.388966216134,1.058408332194E+03));
#4228 = CARTESIAN_POINT('',(1.40809030513,1.058967840342E+03));
#4229 = CARTESIAN_POINT('',(1.416632167968,1.059200730041E+03));
#4230 = CARTESIAN_POINT('',(1.425377038254,1.059421828812E+03));
#4231 = CARTESIAN_POINT('',(1.434318879489,1.059630278682E+03));
#4232 = CARTESIAN_POINT('',(1.443451191079,1.059825237678E+03));
#4233 = CARTESIAN_POINT('',(1.452767022805,1.060005878131E+03));
#4234 = CARTESIAN_POINT('',(1.476851731931,1.060425831612E+03));
#4235 = CARTESIAN_POINT('',(1.491883839152,1.060644911839E+03));
#4236 = CARTESIAN_POINT('',(1.507276676268,1.060824515708E+03));
#4237 = CARTESIAN_POINT('',(1.522948553824,1.060961518374E+03));
#4238 = CARTESIAN_POINT('',(1.538815807055,1.061053752649E+03));
#4239 = CARTESIAN_POINT('',(1.554793581785,1.0611E+03));
#4240 = CARTESIAN_POINT('',(1.581488894617,1.0611E+03));
#4241 = CARTESIAN_POINT('',(1.592177724166,1.061079352809E+03));
#4242 = CARTESIAN_POINT('',(1.602834375299,1.061038084452E+03));
#4243 = CARTESIAN_POINT('',(1.61343049376,1.060976446163E+03));
#4244 = CARTESIAN_POINT('',(1.623937898694,1.060894913229E+03));
#4245 = CARTESIAN_POINT('',(1.634328692187,1.060794185926E+03));
#4246 = CARTESIAN_POINT('',(1.659348989549,1.060503628916E+03));
#4247 = CARTESIAN_POINT('',(1.673807530116,1.060294274423E+03));
#4248 = CARTESIAN_POINT('',(1.687915717748,1.060049521901E+03));
#4249 = CARTESIAN_POINT('',(1.701640102686,1.05977195642E+03));
#4250 = CARTESIAN_POINT('',(1.714949373168,1.059464365271E+03));
#4251 = CARTESIAN_POINT('',(1.727814648428,1.059129747944E+03));
#4252 = CARTESIAN_POINT('',(1.750870833712,1.058463047043E+03));
#4253 = CARTESIAN_POINT('',(1.761196124685,1.058136810439E+03));
#4254 = CARTESIAN_POINT('',(1.771185153701,1.057794087664E+03));
#4255 = CARTESIAN_POINT('',(1.780838152416,1.057436239812E+03));
#4256 = CARTESIAN_POINT('',(1.790155976675,1.057064525386E+03));
#4257 = CARTESIAN_POINT('',(1.799140008124,1.056680107966E+03));
#4258 = CARTESIAN_POINT('',(1.814989748066,1.055954592331E+03));
#4259 = CARTESIAN_POINT('',(1.821959001464,1.055617014327E+03));
#4260 = CARTESIAN_POINT('',(1.828701997668,1.055271883952E+03));
#4261 = CARTESIAN_POINT('',(1.835220856976,1.05491970896E+03));
#4262 = CARTESIAN_POINT('',(1.841517664267,1.054560950703E+03));
#4263 = CARTESIAN_POINT('',(1.847594494935,1.054196024057E+03));
#4264 = CARTESIAN_POINT('',(1.858473661844,1.053507641235E+03));
#4265 = CARTESIAN_POINT('',(1.863333918037,1.053185726445E+03));
#4266 = CARTESIAN_POINT('',(1.868035357332,1.052859794154E+03));
#4267 = CARTESIAN_POINT('',(1.872579048496,1.052530068146E+03));
#4268 = CARTESIAN_POINT('',(1.876965990503,1.052196754785E+03));
#4269 = CARTESIAN_POINT('',(1.881197121917,1.051860042986E+03));
#4270 = CARTESIAN_POINT('',(1.888796503668,1.051226286205E+03));
#4271 = CARTESIAN_POINT('',(1.89220390844,1.050930060214E+03));
#4272 = CARTESIAN_POINT('',(1.895495997404,1.050631546605E+03));
#4273 = CARTESIAN_POINT('',(1.898673186411,1.050330859311E+03));
#4274 = CARTESIAN_POINT('',(1.901735854331,1.050028105812E+03));
#4275 = CARTESIAN_POINT('',(1.904684343055,1.049723387135E+03));
#4276 = CARTESIAN_POINT('',(1.909866225695,1.049162919495E+03));
#4277 = CARTESIAN_POINT('',(1.912135379962,1.048907762019E+03));
#4278 = CARTESIAN_POINT('',(1.914326568121,1.048651381918E+03));
#4279 = CARTESIAN_POINT('',(1.916439916955,1.048393834592E+03));
#4280 = CARTESIAN_POINT('',(1.918475532211,1.048135174353E+03));
#4281 = CARTESIAN_POINT('',(1.920433498595,1.047875454425E+03));
#4282 = CARTESIAN_POINT('',(1.92991095423,1.046561341538E+03));
#4283 = CARTESIAN_POINT('',(1.936244020537,1.045491184378E+03));
#4284 = CARTESIAN_POINT('',(1.941313424673,1.044408036778E+03));
#4285 = CARTESIAN_POINT('',(1.945119108943,1.0433153306E+03));
#4286 = CARTESIAN_POINT('',(1.947660671928,1.042216257014E+03));
#4287 = CARTESIAN_POINT('',(1.948937428428,1.041113875248E+03));
#4288 = CARTESIAN_POINT('',(1.948959365751,1.038923010735E+03));
#4289 = CARTESIAN_POINT('',(1.947737481367,1.037835008676E+03));
#4290 = CARTESIAN_POINT('',(1.945283644816,1.036750140137E+03));
#4291 = CARTESIAN_POINT('',(1.941598510852,1.03567135092E+03));
#4292 = CARTESIAN_POINT('',(1.936682503146,1.034601708951E+03));
#4293 = CARTESIAN_POINT('',(1.930535757014,1.033544505555E+03));
#4294 = CARTESIAN_POINT('',(1.921315212675,1.032243291684E+03));
#4295 = CARTESIAN_POINT('',(1.91939542129,1.03198420932E+03));
#4296 = CARTESIAN_POINT('',(1.917398629427,1.031726160964E+03));
#4297 = CARTESIAN_POINT('',(1.915324758311,1.031469198968E+03));
#4298 = CARTESIAN_POINT('',(1.913173708958,1.031213376713E+03));
#4299 = CARTESIAN_POINT('',(1.910945362178,1.030958748607E+03));
#4300 = CARTESIAN_POINT('',(1.905859492271,1.030399871269E+03));
#4301 = CARTESIAN_POINT('',(1.902966876454,1.030096194064E+03));
#4302 = CARTESIAN_POINT('',(1.899961443966,1.029794430839E+03));
#4303 = CARTESIAN_POINT('',(1.89684287193,1.029494680126E+03));
#4304 = CARTESIAN_POINT('',(1.893610801744,1.029197046617E+03));
#4305 = CARTESIAN_POINT('',(1.890264839087,1.028901641166E+03));
#4306 = CARTESIAN_POINT('',(1.88281200246,1.028270441424E+03));
#4307 = CARTESIAN_POINT('',(1.878667293986,1.027935427665E+03));
#4308 = CARTESIAN_POINT('',(1.874369589233,1.027603704618E+03));
#4309 = CARTESIAN_POINT('',(1.869917998323,1.027275453901E+03));
#4310 = CARTESIAN_POINT('',(1.865311571914,1.02695087362E+03));
#4311 = CARTESIAN_POINT('',(1.860549292366,1.026630178345E+03));
#4312 = CARTESIAN_POINT('',(1.84979729035,1.025938228047E+03));
#4313 = CARTESIAN_POINT('',(1.843743874052,1.02556864434E+03));
#4314 = CARTESIAN_POINT('',(1.837467699917,1.025205216002E+03));
#4315 = CARTESIAN_POINT('',(1.830966659611,1.024848358357E+03));
#4316 = CARTESIAN_POINT('',(1.824238626047,1.024498533935E+03));
#4317 = CARTESIAN_POINT('',(1.817281426884,1.024156252395E+03));
#4318 = CARTESIAN_POINT('',(1.801376230579,1.023416856295E+03));
#4319 = CARTESIAN_POINT('',(1.792317523796,1.023023463891E+03));
#4320 = CARTESIAN_POINT('',(1.782914597697,1.022642997836E+03));
#4321 = CARTESIAN_POINT('',(1.773165770746,1.022276656936E+03));
#4322 = CARTESIAN_POINT('',(1.763069889363,1.021925742697E+03));
#4323 = CARTESIAN_POINT('',(1.752626437453,1.021591667806E+03));
#4324 = CARTESIAN_POINT('',(1.73350234846,1.021032159658E+03));
#4325 = CARTESIAN_POINT('',(1.724960485622,1.020799269959E+03));
#4326 = CARTESIAN_POINT('',(1.716215615336,1.020578171188E+03));
#4327 = CARTESIAN_POINT('',(1.7072737741,1.020369721318E+03));
#4328 = CARTESIAN_POINT('',(1.698141462511,1.020174762322E+03));
#4329 = CARTESIAN_POINT('',(1.688825630785,1.019994121869E+03));
#4330 = CARTESIAN_POINT('',(1.664740921659,1.019574168388E+03));
#4331 = CARTESIAN_POINT('',(1.649708814437,1.019355088161E+03));
#4332 = CARTESIAN_POINT('',(1.634315977321,1.019175484292E+03));
#4333 = CARTESIAN_POINT('',(1.618644099765,1.019038481626E+03));
#4334 = CARTESIAN_POINT('',(1.602776846535,1.018946247351E+03));
#4335 = CARTESIAN_POINT('',(1.586799071805,1.0189E+03));
#4336 = CARTESIAN_POINT('',(1.560103758973,1.0189E+03));
#4337 = CARTESIAN_POINT('',(1.549414929424,1.018920647191E+03));
#4338 = CARTESIAN_POINT('',(1.53875827829,1.018961915548E+03));
#4339 = CARTESIAN_POINT('',(1.52816215983,1.019023553837E+03));
#4340 = CARTESIAN_POINT('',(1.517654754896,1.019105086771E+03));
#4341 = CARTESIAN_POINT('',(1.507263961403,1.019205814074E+03));
#4342 = CARTESIAN_POINT('',(1.48224366404,1.019496371084E+03));
#4343 = CARTESIAN_POINT('',(1.467785123474,1.019705725577E+03));
#4344 = CARTESIAN_POINT('',(1.453676935842,1.019950478099E+03));
#4345 = CARTESIAN_POINT('',(1.439952550904,1.02022804358E+03));
#4346 = CARTESIAN_POINT('',(1.426643280421,1.020535634729E+03));
#4347 = CARTESIAN_POINT('',(1.413778005162,1.020870252056E+03));
#4348 = CARTESIAN_POINT('',(1.390721819875,1.021536952957E+03));
#4349 = CARTESIAN_POINT('',(1.380396528904,1.021863189561E+03));
#4350 = CARTESIAN_POINT('',(1.370407499891,1.022205912336E+03));
#4351 = CARTESIAN_POINT('',(1.360754501175,1.022563760188E+03));
#4352 = CARTESIAN_POINT('',(1.351436676914,1.022935474614E+03));
#4353 = CARTESIAN_POINT('',(1.342452645464,1.023319892035E+03));
#4354 = CARTESIAN_POINT('',(1.326602905524,1.024045407669E+03));
#4355 = CARTESIAN_POINT('',(1.319633652126,1.024382985673E+03));
#4356 = CARTESIAN_POINT('',(1.312890655922,1.024728116048E+03));
#4357 = CARTESIAN_POINT('',(1.306371796614,1.02508029104E+03));
#4358 = CARTESIAN_POINT('',(1.300074989323,1.025439049297E+03));
#4359 = CARTESIAN_POINT('',(1.293998158655,1.025803975943E+03));
#4360 = CARTESIAN_POINT('',(1.260689166934,1.027911613218E+03));
#4361 = CARTESIAN_POINT('',(1.237948394909,1.029780490945E+03));
#4362 = CARTESIAN_POINT('',(1.219824170749,1.031739990336E+03));
#4363 = CARTESIAN_POINT('',(1.206251614612,1.033761835027E+03));
#4364 = CARTESIAN_POINT('',(1.197194503766,1.035824195667E+03));
#4365 = CARTESIAN_POINT('',(1.192644128009,1.037909313768E+03));
#4366 = CARTESIAN_POINT('',(1.192644128009,1.04E+03));
#4367 = ( GEOMETRIC_REPRESENTATION_CONTEXT(2) 
PARAMETRIC_REPRESENTATION_CONTEXT() REPRESENTATION_CONTEXT('2D SPACE',''
  ) );
#4368 = PCURVE('',#4369,#4374);
#4369 = CYLINDRICAL_SURFACE('',#4370,21.1);
#4370 = AXIS2_PLACEMENT_3D('',#4371,#4372,#4373);
#4371 = CARTESIAN_POINT('',(730.,-150.,1.55E+03));
#4372 = DIRECTION('',(0.,-1.,2.22044604925E-16));
#4373 = DIRECTION('',(1.,0.,0.));
#4374 = DEFINITIONAL_REPRESENTATION('',(#4375),#4534);
#4375 = B_SPLINE_CURVE_WITH_KNOTS('',7,(#4376,#4377,#4378,#4379,#4380,
    #4381,#4382,#4383,#4384,#4385,#4386,#4387,#4388,#4389,#4390,#4391,
    #4392,#4393,#4394,#4395,#4396,#4397,#4398,#4399,#4400,#4401,#4402,
    #4403,#4404,#4405,#4406,#4407,#4408,#4409,#4410,#4411,#4412,#4413,
    #4414,#4415,#4416,#4417,#4418,#4419,#4420,#4421,#4422,#4423,#4424,
    #4425,#4426,#4427,#4428,#4429,#4430,#4431,#4432,#4433,#4434,#4435,
    #4436,#4437,#4438,#4439,#4440,#4441,#4442,#4443,#4444,#4445,#4446,
    #4447,#4448,#4449,#4450,#4451,#4452,#4453,#4454,#4455,#4456,#4457,
    #4458,#4459,#4460,#4461,#4462,#4463,#4464,#4465,#4466,#4467,#4468,
    #4469,#4470,#4471,#4472,#4473,#4474,#4475,#4476,#4477,#4478,#4479,
    #4480,#4481,#4482,#4483,#4484,#4485,#4486,#4487,#4488,#4489,#4490,
    #4491,#4492,#4493,#4494,#4495,#4496,#4497,#4498,#4499,#4500,#4501,
    #4502,#4503,#4504,#4505,#4506,#4507,#4508,#4509,#4510,#4511,#4512,
    #4513,#4514,#4515,#4516,#4517,#4518,#4519,#4520,#4521,#4522,#4523,
    #4524,#4525,#4526,#4527,#4528,#4529,#4530,#4531,#4532,#4533),
  .UNSPECIFIED.,.F.,.F.,(8,6,6,6,6,6,6,6,6,6,6,6,6,6,6,6,6,6,6,6,6,6,6,6
    ,6,6,8),(0.,0.125108933748,0.152321217648,0.185317623016,
    0.210799429461,0.249974603828,0.276150313595,0.313890218603,
    0.346350361147,0.373354155372,0.396492279175,0.416491164315,
    0.433051704756,0.499959233767,0.565990364777,0.582484057923,
    0.602370525241,0.625315958914,0.652522576694,0.685512111588,
    0.710988612248,0.750155629615,0.776325889113,0.81405793597,
    0.846511319716,0.873509491263,1.),.UNSPECIFIED.);
#4376 = CARTESIAN_POINT('',(0.,14.037736820956));
#4377 = CARTESIAN_POINT('',(9.795146943554E-02,14.037736820956));
#4378 = CARTESIAN_POINT('',(0.19565316725,13.943907066405));
#4379 = CARTESIAN_POINT('',(0.293848556235,13.757111871424));
#4380 = CARTESIAN_POINT('',(0.393217621289,13.48379140192));
#4381 = CARTESIAN_POINT('',(0.494461758765,13.1361800424));
#4382 = CARTESIAN_POINT('',(0.598337768604,12.733309208725));
#4383 = CARTESIAN_POINT('',(0.729176663091,12.208997089076));
#4384 = CARTESIAN_POINT('',(0.752733975716,12.113962051281));
#4385 = CARTESIAN_POINT('',(0.776487434229,12.017828425327));
#4386 = CARTESIAN_POINT('',(0.800450056071,11.920887093227));
#4387 = CARTESIAN_POINT('',(0.824634941079,11.823452966641));
#4388 = CARTESIAN_POINT('',(0.849055622705,11.725865885378));
#4389 = CARTESIAN_POINT('',(0.903641130018,11.510419685548));
#4390 = CARTESIAN_POINT('',(0.933930011955,11.392635371924));
#4391 = CARTESIAN_POINT('',(0.964611456753,11.27581939386));
#4392 = CARTESIAN_POINT('',(0.995704597026,11.160712279649));
#4393 = CARTESIAN_POINT('',(1.027229634432,11.048112594878));
#4394 = CARTESIAN_POINT('',(1.059208167814,10.938875270274));
#4395 = CARTESIAN_POINT('',(1.11672749507,10.752849387767));
#4396 = CARTESIAN_POINT('',(1.142080101596,10.674322698551));
#4397 = CARTESIAN_POINT('',(1.167715531856,10.598804114998));
#4398 = CARTESIAN_POINT('',(1.193629316715,10.526771243119));
#4399 = CARTESIAN_POINT('',(1.21981827107,10.45869932856));
#4400 = CARTESIAN_POINT('',(1.246280437951,10.395055543339));
#4401 = CARTESIAN_POINT('',(1.314116216311,10.245953437027));
#4402 = CARTESIAN_POINT('',(1.355926262533,10.167008428522));
#4403 = CARTESIAN_POINT('',(1.398293550553,10.101506094419));
#4404 = CARTESIAN_POINT('',(1.441084261467,10.051128121467));
#4405 = CARTESIAN_POINT('',(1.484176113311,10.01707462662));
#4406 = CARTESIAN_POINT('',(1.527452398959,10.));
#4407 = CARTESIAN_POINT('',(1.599757476134,10.));
#4408 = CARTESIAN_POINT('',(1.628708499504,10.007623018618));
#4409 = CARTESIAN_POINT('',(1.657606637312,10.022859467703));
#4410 = CARTESIAN_POINT('',(1.686409240449,10.045575956784));
#4411 = CARTESIAN_POINT('',(1.715072808112,10.075516162918));
#4412 = CARTESIAN_POINT('',(1.743552011073,10.112307443302));
#4413 = CARTESIAN_POINT('',(1.812524525192,10.21770918045));
#4414 = CARTESIAN_POINT('',(1.852724302834,10.293130504328));
#4415 = CARTESIAN_POINT('',(1.892381901213,10.380453249774));
#4416 = CARTESIAN_POINT('',(1.931475360145,10.478222549972));
#4417 = CARTESIAN_POINT('',(1.969975968662,10.584863640826));
#4418 = CARTESIAN_POINT('',(2.007847342339,10.698732917965));
#4419 = CARTESIAN_POINT('',(2.077037825971,10.920896121528));
#4420 = CARTESIAN_POINT('',(2.108568457819,11.027857731347));
#4421 = CARTESIAN_POINT('',(2.13965822049,11.138182285103));
#4422 = CARTESIAN_POINT('',(2.170327292685,11.25104830821));
#4423 = CARTESIAN_POINT('',(2.200594510684,11.365686379044));
#4424 = CARTESIAN_POINT('',(2.230477671546,11.4813811184));
#4425 = CARTESIAN_POINT('',(2.284548517137,11.694050885287));
#4426 = CARTESIAN_POINT('',(2.308853688528,11.790921075826));
#4427 = CARTESIAN_POINT('',(2.332923405375,11.887721282278));
#4428 = CARTESIAN_POINT('',(2.356770953505,11.98411434446));
#4429 = CARTESIAN_POINT('',(2.380409192254,12.079787581001));
#4430 = CARTESIAN_POINT('',(2.403850897038,12.174451960057));
#4431 = CARTESIAN_POINT('',(2.447037828207,12.347861632989));
#4432 = CARTESIAN_POINT('',(2.466831847571,12.426945913476));
#4433 = CARTESIAN_POINT('',(2.486498723516,12.504924040056));
#4434 = CARTESIAN_POINT('',(2.506045730405,12.58163650892));
#4435 = CARTESIAN_POINT('',(2.525479971721,12.656933943344));
#4436 = CARTESIAN_POINT('',(2.544808498318,12.73067665318));
#4437 = CARTESIAN_POINT('',(2.580659356364,12.865015410447));
#4438 = CARTESIAN_POINT('',(2.597206490882,12.926037043951));
#4439 = CARTESIAN_POINT('',(2.613683825212,12.985712989912));
#4440 = CARTESIAN_POINT('',(2.630095301562,13.043961710561));
#4441 = CARTESIAN_POINT('',(2.646444809374,13.100706235288));
#4442 = CARTESIAN_POINT('',(2.662736185323,13.155874160641));
#4443 = CARTESIAN_POINT('',(2.692418660746,13.253719016715));
#4444 = CARTESIAN_POINT('',(2.70582667434,13.296912124282));
#4445 = CARTESIAN_POINT('',(2.719199267175,13.338937900967));
#4446 = CARTESIAN_POINT('',(2.732538383087,13.379759100501));
#4447 = CARTESIAN_POINT('',(2.745845896664,13.419340302411));
#4448 = CARTESIAN_POINT('',(2.759123613254,13.457647912023));
#4449 = CARTESIAN_POINT('',(2.825904234742,13.644145825733));
#4450 = CARTESIAN_POINT('',(2.878993903436,13.772380346026));
#4451 = CARTESIAN_POINT('',(2.931738718972,13.87718544826));
#4452 = CARTESIAN_POINT('',(2.984229754814,13.956939980664));
#4453 = CARTESIAN_POINT('',(3.03655511748,14.010562302044));
#4454 = CARTESIAN_POINT('',(3.088802350068,14.037502671071));
#4455 = CARTESIAN_POINT('',(3.192634806103,14.037965548517));
#4456 = CARTESIAN_POINT('',(3.244197196247,14.012183060337));
#4457 = CARTESIAN_POINT('',(3.295833599224,13.960405503973));
#4458 = CARTESIAN_POINT('',(3.347627896321,13.883148718213));
#4459 = CARTESIAN_POINT('',(3.399664489716,13.781433818443));
#4460 = CARTESIAN_POINT('',(3.452030535115,13.656793967414));
#4461 = CARTESIAN_POINT('',(3.518003820456,13.474933989933));
#4462 = CARTESIAN_POINT('',(3.531216747169,13.437281832004));
#4463 = CARTESIAN_POINT('',(3.544458653614,13.398355597236));
#4464 = CARTESIAN_POINT('',(3.557731306246,13.358188005231));
#4465 = CARTESIAN_POINT('',(3.571036538871,13.316813570177));
#4466 = CARTESIAN_POINT('',(3.58437625265,13.274268600853));
#4467 = CARTESIAN_POINT('',(3.613880073791,13.177929302266));
#4468 = CARTESIAN_POINT('',(3.630060481576,13.123622096251));
#4469 = CARTESIAN_POINT('',(3.646297322348,13.067735430358));
#4470 = CARTESIAN_POINT('',(3.662594329708,13.010339584282));
#4471 = CARTESIAN_POINT('',(3.678955287964,12.951509269639));
#4472 = CARTESIAN_POINT('',(3.695384032133,12.89132362996));
#4473 = CARTESIAN_POINT('',(3.730922982546,12.758955383249));
#4474 = CARTESIAN_POINT('',(3.750056755882,12.686352292095));
#4475 = CARTESIAN_POINT('',(3.76929263729,12.612182535389));
#4476 = CARTESIAN_POINT('',(3.788637435987,12.536580505046));
#4477 = CARTESIAN_POINT('',(3.808098012379,12.459689832938));
#4478 = CARTESIAN_POINT('',(3.827681389372,12.381663807083));
#4479 = CARTESIAN_POINT('',(3.870769316681,12.208997089074));
#4480 = CARTESIAN_POINT('',(3.894326629306,12.113962051279));
#4481 = CARTESIAN_POINT('',(3.918080087819,12.017828425326));
#4482 = CARTESIAN_POINT('',(3.942042709661,11.920887093226));
#4483 = CARTESIAN_POINT('',(3.96622759467,11.82345296664));
#4484 = CARTESIAN_POINT('',(3.990648276295,11.725865885375));
#4485 = CARTESIAN_POINT('',(4.045233783617,11.510419685511));
#4486 = CARTESIAN_POINT('',(4.075522665545,11.392635371923));
#4487 = CARTESIAN_POINT('',(4.106204110335,11.275819393889));
#4488 = CARTESIAN_POINT('',(4.137297250609,11.160712279672));
#4489 = CARTESIAN_POINT('',(4.168822288023,11.048112594869));
#4490 = CARTESIAN_POINT('',(4.200800821414,10.938875270242));
#4491 = CARTESIAN_POINT('',(4.25832014866,10.752849387768));
#4492 = CARTESIAN_POINT('',(4.283672755185,10.674322698551));
#4493 = CARTESIAN_POINT('',(4.309308185446,10.598804114998));
#4494 = CARTESIAN_POINT('',(4.335221970305,10.526771243119));
#4495 = CARTESIAN_POINT('',(4.36141092466,10.45869932856));
#4496 = CARTESIAN_POINT('',(4.387873091541,10.395055543339));
#4497 = CARTESIAN_POINT('',(4.455708869901,10.245953437027));
#4498 = CARTESIAN_POINT('',(4.497518916123,10.167008428522));
#4499 = CARTESIAN_POINT('',(4.539886204143,10.101506094419));
#4500 = CARTESIAN_POINT('',(4.582676915057,10.051128121467));
#4501 = CARTESIAN_POINT('',(4.625768766901,10.01707462662));
#4502 = CARTESIAN_POINT('',(4.669045052549,10.));
#4503 = CARTESIAN_POINT('',(4.741350129723,10.));
#4504 = CARTESIAN_POINT('',(4.770301153093,10.007623018618));
#4505 = CARTESIAN_POINT('',(4.799199290902,10.022859467703));
#4506 = CARTESIAN_POINT('',(4.828001894039,10.045575956785));
#4507 = CARTESIAN_POINT('',(4.856665461702,10.075516162918));
#4508 = CARTESIAN_POINT('',(4.885144664663,10.112307443301));
#4509 = CARTESIAN_POINT('',(4.954117178781,10.21770918045));
#4510 = CARTESIAN_POINT('',(4.994316956424,10.293130504328));
#4511 = CARTESIAN_POINT('',(5.033974554803,10.380453249774));
#4512 = CARTESIAN_POINT('',(5.073068013735,10.478222549971));
#4513 = CARTESIAN_POINT('',(5.111568622252,10.584863640826));
#4514 = CARTESIAN_POINT('',(5.149439995929,10.698732917966));
#4515 = CARTESIAN_POINT('',(5.218630479569,10.920896121552));
#4516 = CARTESIAN_POINT('',(5.250161111411,11.027857731353));
#4517 = CARTESIAN_POINT('',(5.281250874074,11.138182285084));
#4518 = CARTESIAN_POINT('',(5.311919946268,11.251048308186));
#4519 = CARTESIAN_POINT('',(5.342187164274,11.365686379044));
#4520 = CARTESIAN_POINT('',(5.372070325143,11.48138111843));
#4521 = CARTESIAN_POINT('',(5.426141170727,11.694050885287));
#4522 = CARTESIAN_POINT('',(5.450446342118,11.790921075826));
#4523 = CARTESIAN_POINT('',(5.474516058965,11.887721282278));
#4524 = CARTESIAN_POINT('',(5.498363607094,11.98411434446));
#4525 = CARTESIAN_POINT('',(5.522001845844,12.079787581001));
#4526 = CARTESIAN_POINT('',(5.545443550627,12.174451960056));
#4527 = CARTESIAN_POINT('',(5.677669955907,12.705384283139));
#4528 = CARTESIAN_POINT('',(5.782902020233,13.116109484014));
#4529 = CARTESIAN_POINT('',(5.885398936358,13.471159800221));
#4530 = CARTESIAN_POINT('',(5.985948376725,13.75062089022));
#4531 = CARTESIAN_POINT('',(6.085279994553,13.941723496507));
#4532 = CARTESIAN_POINT('',(6.184100651619,14.037736820956));
#4533 = CARTESIAN_POINT('',(6.28318530718,14.037736820956));
#4534 = ( GEOMETRIC_REPRESENTATION_CONTEXT(2) 
PARAMETRIC_REPRESENTATION_CONTEXT() REPRESENTATION_CONTEXT('2D SPACE',''
  ) );
#4535 = FACE_BOUND('',#4536,.T.);
#4536 = EDGE_LOOP('',(#4537));
#4537 = ORIENTED_EDGE('',*,*,#4538,.F.);
#4538 = EDGE_CURVE('',#4539,#4539,#4541,.T.);
#4539 = VERTEX_POINT('',#4540);
#4540 = CARTESIAN_POINT('',(735.,-274.0808571865,1.645E+03));
#4541 = SURFACE_CURVE('',#4542,(#4593,#4647),.PCURVE_S1.);
#4542 = B_SPLINE_CURVE_WITH_KNOTS('',7,(#4543,#4544,#4545,#4546,#4547,
    #4548,#4549,#4550,#4551,#4552,#4553,#4554,#4555,#4556,#4557,#4558,
    #4559,#4560,#4561,#4562,#4563,#4564,#4565,#4566,#4567,#4568,#4569,
    #4570,#4571,#4572,#4573,#4574,#4575,#4576,#4577,#4578,#4579,#4580,
    #4581,#4582,#4583,#4584,#4585,#4586,#4587,#4588,#4589,#4590,#4591,
    #4592),.UNSPECIFIED.,.T.,.F.,(8,6,6,6,6,6,6,6,8),(0.,0.134008509363,
    0.25011759832,0.366226687872,0.500235197259,0.634243706645,
    0.750352795623,0.86126168963,1.),.UNSPECIFIED.);
#4543 = CARTESIAN_POINT('',(735.,-274.0808571865,1.645E+03));
#4544 = CARTESIAN_POINT('',(735.,-274.0808571865,1.645516013956E+03));
#4545 = CARTESIAN_POINT('',(734.93787001662,-274.086313698,
    1.646031249962E+03));
#4546 = CARTESIAN_POINT('',(734.81394918054,-274.0971976709,
    1.646541898262E+03));
#4547 = CARTESIAN_POINT('',(734.62645382863,-274.1132329429,
    1.647043791771E+03));
#4548 = CARTESIAN_POINT('',(734.37208112654,-274.133866178,
    1.647531029536E+03));
#4549 = CARTESIAN_POINT('',(734.04637708198,-274.1579926018,
    1.647995145308E+03));
#4550 = CARTESIAN_POINT('',(733.29694179302,-274.2058866768,
    1.648793212832E+03));
#4551 = CARTESIAN_POINT('',(732.88239958423,-274.229892735,
    1.649146616247E+03));
#4552 = CARTESIAN_POINT('',(732.40188990354,-274.2539186543,
    1.649461535622E+03));
#4553 = CARTESIAN_POINT('',(731.86126850554,-274.2754220506,
    1.64971906782E+03));
#4554 = CARTESIAN_POINT('',(731.27096698341,-274.2915108499,
    1.649902970335E+03));
#4555 = CARTESIAN_POINT('',(730.64485697009,-274.3,1.65E+03));
#4556 = CARTESIAN_POINT('',(729.3551430266,-274.3,1.65E+03));
#4557 = CARTESIAN_POINT('',(728.72903302863,-274.2915108501,
    1.649902970337E+03));
#4558 = CARTESIAN_POINT('',(728.13873147443,-274.2754220502,
    1.649719067814E+03));
#4559 = CARTESIAN_POINT('',(727.59811011448,-274.2539186548,
    1.64946153563E+03));
#4560 = CARTESIAN_POINT('',(727.11760040714,-274.2298927346,
    1.649146616241E+03));
#4561 = CARTESIAN_POINT('',(726.70305820869,-274.2058866769,
    1.648793212834E+03));
#4562 = CARTESIAN_POINT('',(725.95362291801,-274.1579926018,
    1.647995145308E+03));
#4563 = CARTESIAN_POINT('',(725.62791887346,-274.133866178,
    1.647531029536E+03));
#4564 = CARTESIAN_POINT('',(725.37354617137,-274.1132329429,
    1.647043791771E+03));
#4565 = CARTESIAN_POINT('',(725.18605081945,-274.0971976709,
    1.646541898262E+03));
#4566 = CARTESIAN_POINT('',(725.06212998337,-274.086313698,
    1.646031249962E+03));
#4567 = CARTESIAN_POINT('',(725.,-274.0808571865,1.645516013956E+03));
#4568 = CARTESIAN_POINT('',(725.,-274.0808571865,1.644483986044E+03));
#4569 = CARTESIAN_POINT('',(725.06212998337,-274.086313698,
    1.643968750038E+03));
#4570 = CARTESIAN_POINT('',(725.18605081945,-274.0971976709,
    1.643458101738E+03));
#4571 = CARTESIAN_POINT('',(725.37354617137,-274.1132329429,
    1.642956208229E+03));
#4572 = CARTESIAN_POINT('',(725.62791887345,-274.133866178,
    1.642468970464E+03));
#4573 = CARTESIAN_POINT('',(725.95362291801,-274.1579926018,
    1.642004854692E+03));
#4574 = CARTESIAN_POINT('',(726.70305820697,-274.2058866768,
    1.641206787168E+03));
#4575 = CARTESIAN_POINT('',(727.11760041576,-274.229892735,
    1.640853383753E+03));
#4576 = CARTESIAN_POINT('',(727.59811009645,-274.2539186543,
    1.640538464378E+03));
#4577 = CARTESIAN_POINT('',(728.13873149446,-274.2754220506,
    1.64028093218E+03));
#4578 = CARTESIAN_POINT('',(728.72903301658,-274.2915108499,
    1.640097029665E+03));
#4579 = CARTESIAN_POINT('',(729.3551430299,-274.3,1.64E+03));
#4580 = CARTESIAN_POINT('',(730.61597566543,-274.3,1.64E+03));
#4581 = CARTESIAN_POINT('',(731.21594235091,-274.2922542286,
    1.640088532948E+03));
#4582 = CARTESIAN_POINT('',(731.78446448177,-274.2774883771,
    1.640257313505E+03));
#4583 = CARTESIAN_POINT('',(732.30861504863,-274.2575528627,
    1.64049495591E+03));
#4584 = CARTESIAN_POINT('',(732.77841123263,-274.2349805747,
    1.640787116755E+03));
#4585 = CARTESIAN_POINT('',(733.18786218442,-274.2120835118,
    1.641116794373E+03));
#4586 = CARTESIAN_POINT('',(733.97044390695,-274.1635768792,
    1.641899376095E+03));
#4587 = CARTESIAN_POINT('',(734.32273964336,-274.1378568221,
    1.642376501734E+03));
#4588 = CARTESIAN_POINT('',(734.59738734403,-274.1157156984,
    1.642879943266E+03));
#4589 = CARTESIAN_POINT('',(734.79953573068,-274.0984637831,
    1.64339986615E+03));
#4590 = CARTESIAN_POINT('',(734.93303777314,-274.0867380336,
    1.64392952295E+03));
#4591 = CARTESIAN_POINT('',(735.,-274.0808571865,1.644464295262E+03));
#4592 = CARTESIAN_POINT('',(735.,-274.0808571865,1.645E+03));
#4593 = PCURVE('',#3125,#4594);
#4594 = DEFINITIONAL_REPRESENTATION('',(#4595),#4646);
#4595 = B_SPLINE_CURVE_WITH_KNOTS('',7,(#4596,#4597,#4598,#4599,#4600,
    #4601,#4602,#4603,#4604,#4605,#4606,#4607,#4608,#4609,#4610,#4611,
    #4612,#4613,#4614,#4615,#4616,#4617,#4618,#4619,#4620,#4621,#4622,
    #4623,#4624,#4625,#4626,#4627,#4628,#4629,#4630,#4631,#4632,#4633,
    #4634,#4635,#4636,#4637,#4638,#4639,#4640,#4641,#4642,#4643,#4644,
    #4645),.UNSPECIFIED.,.T.,.F.,(8,6,6,6,6,6,6,6,8),(0.,0.134008509363,
    0.25011759832,0.366226687872,0.500235197259,0.634243706645,
    0.750352795623,0.86126168963,1.),.UNSPECIFIED.);
#4596 = CARTESIAN_POINT('',(4.79999004224,1.135E+03));
#4597 = CARTESIAN_POINT('',(4.79999004224,1.135516013956E+03));
#4598 = CARTESIAN_POINT('',(4.798898719181,1.136031249962E+03));
#4599 = CARTESIAN_POINT('',(4.796722026544,1.136541898262E+03));
#4600 = CARTESIAN_POINT('',(4.793429305457,1.137043791771E+03));
#4601 = CARTESIAN_POINT('',(4.788963806458,1.137531029536E+03));
#4602 = CARTESIAN_POINT('',(4.783249376134,1.137995145308E+03));
#4603 = CARTESIAN_POINT('',(4.770109146734,1.138793212832E+03));
#4604 = CARTESIAN_POINT('',(4.762843543904,1.139146616247E+03));
#4605 = CARTESIAN_POINT('',(4.754425600204,1.139461535622E+03));
#4606 = CARTESIAN_POINT('',(4.744959444228,1.13971906782E+03));
#4607 = CARTESIAN_POINT('',(4.734628124957,1.139902970335E+03));
#4608 = CARTESIAN_POINT('',(4.723672566913,1.14E+03));
#4609 = CARTESIAN_POINT('',(4.701105393799,1.14E+03));
#4610 = CARTESIAN_POINT('',(4.690149836023,1.139902970337E+03));
#4611 = CARTESIAN_POINT('',(4.679818516191,1.139719067814E+03));
#4612 = CARTESIAN_POINT('',(4.670352360882,1.13946153563E+03));
#4613 = CARTESIAN_POINT('',(4.661934416715,1.139146616241E+03));
#4614 = CARTESIAN_POINT('',(4.654668814065,1.138793212834E+03));
#4615 = CARTESIAN_POINT('',(4.641528584636,1.137995145308E+03));
#4616 = CARTESIAN_POINT('',(4.635814154312,1.137531029536E+03));
#4617 = CARTESIAN_POINT('',(4.631348655312,1.137043791771E+03));
#4618 = CARTESIAN_POINT('',(4.628055934225,1.136541898262E+03));
#4619 = CARTESIAN_POINT('',(4.625879241588,1.136031249962E+03));
#4620 = CARTESIAN_POINT('',(4.624787918529,1.135516013956E+03));
#4621 = CARTESIAN_POINT('',(4.624787918529,1.134483986044E+03));
#4622 = CARTESIAN_POINT('',(4.625879241588,1.133968750038E+03));
#4623 = CARTESIAN_POINT('',(4.628055934225,1.133458101738E+03));
#4624 = CARTESIAN_POINT('',(4.631348655312,1.132956208229E+03));
#4625 = CARTESIAN_POINT('',(4.635814154312,1.132468970464E+03));
#4626 = CARTESIAN_POINT('',(4.641528584636,1.132004854692E+03));
#4627 = CARTESIAN_POINT('',(4.654668814035,1.131206787168E+03));
#4628 = CARTESIAN_POINT('',(4.661934416866,1.130853383753E+03));
#4629 = CARTESIAN_POINT('',(4.670352360566,1.130538464378E+03));
#4630 = CARTESIAN_POINT('',(4.679818516542,1.13028093218E+03));
#4631 = CARTESIAN_POINT('',(4.690149835813,1.130097029665E+03));
#4632 = CARTESIAN_POINT('',(4.701105393856,1.13E+03));
#4633 = CARTESIAN_POINT('',(4.723167207251,1.13E+03));
#4634 = CARTESIAN_POINT('',(4.733665313937,1.130088532948E+03));
#4635 = CARTESIAN_POINT('',(4.743615241917,1.130257313505E+03));
#4636 = CARTESIAN_POINT('',(4.752792420028,1.13049495591E+03));
#4637 = CARTESIAN_POINT('',(4.761021892897,1.130787116755E+03));
#4638 = CARTESIAN_POINT('',(4.768197450076,1.131116794373E+03));
#4639 = CARTESIAN_POINT('',(4.781917197595,1.131899376095E+03));
#4640 = CARTESIAN_POINT('',(4.788097636929,1.132376501734E+03));
#4641 = CARTESIAN_POINT('',(4.792918855995,1.132879943266E+03));
#4642 = CARTESIAN_POINT('',(4.796468851224,1.13339986615E+03));
#4643 = CARTESIAN_POINT('',(4.798813840169,1.13392952295E+03));
#4644 = CARTESIAN_POINT('',(4.79999004224,1.134464295262E+03));
#4645 = CARTESIAN_POINT('',(4.79999004224,1.135E+03));
#4646 = ( GEOMETRIC_REPRESENTATION_CONTEXT(2) 
PARAMETRIC_REPRESENTATION_CONTEXT() REPRESENTATION_CONTEXT('2D SPACE',''
  ) );
#4647 = PCURVE('',#4648,#4653);
#4648 = CYLINDRICAL_SURFACE('',#4649,5.);
#4649 = AXIS2_PLACEMENT_3D('',#4650,#4651,#4652);
#4650 = CARTESIAN_POINT('',(730.,-273.3,1.645E+03));
#4651 = DIRECTION('',(0.,-1.,2.22044604925E-16));
#4652 = DIRECTION('',(1.,0.,0.));
#4653 = DEFINITIONAL_REPRESENTATION('',(#4654),#4705);
#4654 = B_SPLINE_CURVE_WITH_KNOTS('',7,(#4655,#4656,#4657,#4658,#4659,
    #4660,#4661,#4662,#4663,#4664,#4665,#4666,#4667,#4668,#4669,#4670,
    #4671,#4672,#4673,#4674,#4675,#4676,#4677,#4678,#4679,#4680,#4681,
    #4682,#4683,#4684,#4685,#4686,#4687,#4688,#4689,#4690,#4691,#4692,
    #4693,#4694,#4695,#4696,#4697,#4698,#4699,#4700,#4701,#4702,#4703,
    #4704),.UNSPECIFIED.,.F.,.F.,(8,6,6,6,6,6,6,6,8),(0.,0.134008509363,
    0.25011759832,0.366226687872,0.500235197259,0.634243706645,
    0.750352795623,0.86126168963,1.),.UNSPECIFIED.);
#4655 = CARTESIAN_POINT('',(0.,0.780857186591));
#4656 = CARTESIAN_POINT('',(0.103202791147,0.780857186591));
#4657 = CARTESIAN_POINT('',(0.206249771004,0.786313698028));
#4658 = CARTESIAN_POINT('',(0.310175859994,0.797197670937));
#4659 = CARTESIAN_POINT('',(0.415913761409,0.813232942919));
#4660 = CARTESIAN_POINT('',(0.524411022873,0.833866178064));
#4661 = CARTESIAN_POINT('',(0.636668485506,0.857992601872));
#4662 = CARTESIAN_POINT('',(0.855626474656,0.905886676818));
#4663 = CARTESIAN_POINT('',(0.963905356772,0.929892735061));
#4664 = CARTESIAN_POINT('',(1.077319251944,0.953918654348));
#4665 = CARTESIAN_POINT('',(1.195038593746,0.975422050611));
#4666 = CARTESIAN_POINT('',(1.316602976628,0.991510849973));
#4667 = CARTESIAN_POINT('',(1.441824932775,1.));
#4668 = CARTESIAN_POINT('',(1.699767721475,1.));
#4669 = CARTESIAN_POINT('',(1.824989674425,0.991510850105));
#4670 = CARTESIAN_POINT('',(1.946554064278,0.975422050202));
#4671 = CARTESIAN_POINT('',(2.064273397412,0.953918654892));
#4672 = CARTESIAN_POINT('',(2.177687299011,0.929892734695));
#4673 = CARTESIAN_POINT('',(2.285966178431,0.905886676928));
#4674 = CARTESIAN_POINT('',(2.504924168084,0.857992601872));
#4675 = CARTESIAN_POINT('',(2.617181630717,0.833866178064));
#4676 = CARTESIAN_POINT('',(2.725678892181,0.813232942919));
#4677 = CARTESIAN_POINT('',(2.831416793596,0.797197670937));
#4678 = CARTESIAN_POINT('',(2.935342882585,0.786313698028));
#4679 = CARTESIAN_POINT('',(3.038389862443,0.780857186591));
#4680 = CARTESIAN_POINT('',(3.244795444736,0.780857186591));
#4681 = CARTESIAN_POINT('',(3.347842424595,0.786313698028));
#4682 = CARTESIAN_POINT('',(3.451768513583,0.797197670937));
#4683 = CARTESIAN_POINT('',(3.557506414999,0.813232942919));
#4684 = CARTESIAN_POINT('',(3.666003676463,0.833866178063));
#4685 = CARTESIAN_POINT('',(3.778261139096,0.857992601872));
#4686 = CARTESIAN_POINT('',(3.997219128246,0.905886676818));
#4687 = CARTESIAN_POINT('',(4.105498010361,0.929892735061));
#4688 = CARTESIAN_POINT('',(4.218911905534,0.953918654348));
#4689 = CARTESIAN_POINT('',(4.336631247336,0.975422050611));
#4690 = CARTESIAN_POINT('',(4.458195630217,0.991510849973));
#4691 = CARTESIAN_POINT('',(4.583417586365,1.));
#4692 = CARTESIAN_POINT('',(4.835584113471,1.));
#4693 = CARTESIAN_POINT('',(4.955577366351,0.992254228646));
#4694 = CARTESIAN_POINT('',(5.072336087942,0.977488377144));
#4695 = CARTESIAN_POINT('',(5.185612778389,0.957552862796));
#4696 = CARTESIAN_POINT('',(5.29492200845,0.934980574752));
#4697 = CARTESIAN_POINT('',(5.39945073102,0.912083511801));
#4698 = CARTESIAN_POINT('',(5.620798268153,0.863576879267));
#4699 = CARTESIAN_POINT('',(5.738096652482,0.837856822166));
#4700 = CARTESIAN_POINT('',(5.851172417841,0.815715698435));
#4701 = CARTESIAN_POINT('',(5.961148513244,0.798463783134));
#4702 = CARTESIAN_POINT('',(6.069090208837,0.786738033623));
#4703 = CARTESIAN_POINT('',(6.176044359622,0.780857186591));
#4704 = CARTESIAN_POINT('',(6.28318530718,0.780857186591));
#4705 = ( GEOMETRIC_REPRESENTATION_CONTEXT(2) 
PARAMETRIC_REPRESENTATION_CONTEXT() REPRESENTATION_CONTEXT('2D SPACE',''
  ) );
#4706 = ADVANCED_FACE('',(#4707),#3156,.F.);
#4707 = FACE_BOUND('',#4708,.F.);
#4708 = EDGE_LOOP('',(#4709,#4710,#4731,#4732));
#4709 = ORIENTED_EDGE('',*,*,#3139,.F.);
#4710 = ORIENTED_EDGE('',*,*,#4711,.F.);
#4711 = EDGE_CURVE('',#3340,#3140,#4712,.T.);
#4712 = SEAM_CURVE('',#4713,(#4717,#4724),.PCURVE_S1.);
#4713 = LINE('',#4714,#4715);
#4714 = CARTESIAN_POINT('',(655.,-297.15,480.));
#4715 = VECTOR('',#4716,1.);
#4716 = DIRECTION('',(0.,0.,1.));
#4717 = PCURVE('',#3156,#4718);
#4718 = DEFINITIONAL_REPRESENTATION('',(#4719),#4723);
#4719 = LINE('',#4720,#4721);
#4720 = CARTESIAN_POINT('',(6.28318530718,-0.));
#4721 = VECTOR('',#4722,1.);
#4722 = DIRECTION('',(0.,1.));
#4723 = ( GEOMETRIC_REPRESENTATION_CONTEXT(2) 
PARAMETRIC_REPRESENTATION_CONTEXT() REPRESENTATION_CONTEXT('2D SPACE',''
  ) );
#4724 = PCURVE('',#3156,#4725);
#4725 = DEFINITIONAL_REPRESENTATION('',(#4726),#4730);
#4726 = LINE('',#4727,#4728);
#4727 = CARTESIAN_POINT('',(0.,-0.));
#4728 = VECTOR('',#4729,1.);
#4729 = DIRECTION('',(0.,1.));
#4730 = ( GEOMETRIC_REPRESENTATION_CONTEXT(2) 
PARAMETRIC_REPRESENTATION_CONTEXT() REPRESENTATION_CONTEXT('2D SPACE',''
  ) );
#4731 = ORIENTED_EDGE('',*,*,#3339,.T.);
#4732 = ORIENTED_EDGE('',*,*,#4711,.T.);
#4733 = ADVANCED_FACE('',(#4734),#3187,.F.);
#4734 = FACE_BOUND('',#4735,.F.);
#4735 = EDGE_LOOP('',(#4736,#4737,#4758,#4759));
#4736 = ORIENTED_EDGE('',*,*,#3170,.F.);
#4737 = ORIENTED_EDGE('',*,*,#4738,.F.);
#4738 = EDGE_CURVE('',#3366,#3171,#4739,.T.);
#4739 = SEAM_CURVE('',#4740,(#4744,#4751),.PCURVE_S1.);
#4740 = LINE('',#4741,#4742);
#4741 = CARTESIAN_POINT('',(815.,-297.15,480.));
#4742 = VECTOR('',#4743,1.);
#4743 = DIRECTION('',(0.,0.,1.));
#4744 = PCURVE('',#3187,#4745);
#4745 = DEFINITIONAL_REPRESENTATION('',(#4746),#4750);
#4746 = LINE('',#4747,#4748);
#4747 = CARTESIAN_POINT('',(6.28318530718,-0.));
#4748 = VECTOR('',#4749,1.);
#4749 = DIRECTION('',(0.,1.));
#4750 = ( GEOMETRIC_REPRESENTATION_CONTEXT(2) 
PARAMETRIC_REPRESENTATION_CONTEXT() REPRESENTATION_CONTEXT('2D SPACE',''
  ) );
#4751 = PCURVE('',#3187,#4752);
#4752 = DEFINITIONAL_REPRESENTATION('',(#4753),#4757);
#4753 = LINE('',#4754,#4755);
#4754 = CARTESIAN_POINT('',(0.,-0.));
#4755 = VECTOR('',#4756,1.);
#4756 = DIRECTION('',(0.,1.));
#4757 = ( GEOMETRIC_REPRESENTATION_CONTEXT(2) 
PARAMETRIC_REPRESENTATION_CONTEXT() REPRESENTATION_CONTEXT('2D SPACE',''
  ) );
#4758 = ORIENTED_EDGE('',*,*,#3365,.T.);
#4759 = ORIENTED_EDGE('',*,*,#4738,.T.);
#4760 = ADVANCED_FACE('',(#4761),#3218,.F.);
#4761 = FACE_BOUND('',#4762,.F.);
#4762 = EDGE_LOOP('',(#4763,#4764,#4785,#4786));
#4763 = ORIENTED_EDGE('',*,*,#3201,.F.);
#4764 = ORIENTED_EDGE('',*,*,#4765,.F.);
#4765 = EDGE_CURVE('',#3392,#3202,#4766,.T.);
#4766 = SEAM_CURVE('',#4767,(#4771,#4778),.PCURVE_S1.);
#4767 = LINE('',#4768,#4769);
#4768 = CARTESIAN_POINT('',(655.,-137.15,480.));
#4769 = VECTOR('',#4770,1.);
#4770 = DIRECTION('',(0.,0.,1.));
#4771 = PCURVE('',#3218,#4772);
#4772 = DEFINITIONAL_REPRESENTATION('',(#4773),#4777);
#4773 = LINE('',#4774,#4775);
#4774 = CARTESIAN_POINT('',(6.28318530718,-0.));
#4775 = VECTOR('',#4776,1.);
#4776 = DIRECTION('',(0.,1.));
#4777 = ( GEOMETRIC_REPRESENTATION_CONTEXT(2) 
PARAMETRIC_REPRESENTATION_CONTEXT() REPRESENTATION_CONTEXT('2D SPACE',''
  ) );
#4778 = PCURVE('',#3218,#4779);
#4779 = DEFINITIONAL_REPRESENTATION('',(#4780),#4784);
#4780 = LINE('',#4781,#4782);
#4781 = CARTESIAN_POINT('',(0.,-0.));
#4782 = VECTOR('',#4783,1.);
#4783 = DIRECTION('',(0.,1.));
#4784 = ( GEOMETRIC_REPRESENTATION_CONTEXT(2) 
PARAMETRIC_REPRESENTATION_CONTEXT() REPRESENTATION_CONTEXT('2D SPACE',''
  ) );
#4785 = ORIENTED_EDGE('',*,*,#3391,.T.);
#4786 = ORIENTED_EDGE('',*,*,#4765,.T.);
#4787 = ADVANCED_FACE('',(#4788),#3249,.F.);
#4788 = FACE_BOUND('',#4789,.F.);
#4789 = EDGE_LOOP('',(#4790,#4791,#4812,#4813));
#4790 = ORIENTED_EDGE('',*,*,#3232,.F.);
#4791 = ORIENTED_EDGE('',*,*,#4792,.F.);
#4792 = EDGE_CURVE('',#3418,#3233,#4793,.T.);
#4793 = SEAM_CURVE('',#4794,(#4798,#4805),.PCURVE_S1.);
#4794 = LINE('',#4795,#4796);
#4795 = CARTESIAN_POINT('',(815.,-137.15,480.));
#4796 = VECTOR('',#4797,1.);
#4797 = DIRECTION('',(0.,0.,1.));
#4798 = PCURVE('',#3249,#4799);
#4799 = DEFINITIONAL_REPRESENTATION('',(#4800),#4804);
#4800 = LINE('',#4801,#4802);
#4801 = CARTESIAN_POINT('',(6.28318530718,-0.));
#4802 = VECTOR('',#4803,1.);
#4803 = DIRECTION('',(0.,1.));
#4804 = ( GEOMETRIC_REPRESENTATION_CONTEXT(2) 
PARAMETRIC_REPRESENTATION_CONTEXT() REPRESENTATION_CONTEXT('2D SPACE',''
  ) );
#4805 = PCURVE('',#3249,#4806);
#4806 = DEFINITIONAL_REPRESENTATION('',(#4807),#4811);
#4807 = LINE('',#4808,#4809);
#4808 = CARTESIAN_POINT('',(0.,-0.));
#4809 = VECTOR('',#4810,1.);
#4810 = DIRECTION('',(0.,1.));
#4811 = ( GEOMETRIC_REPRESENTATION_CONTEXT(2) 
PARAMETRIC_REPRESENTATION_CONTEXT() REPRESENTATION_CONTEXT('2D SPACE',''
  ) );
#4812 = ORIENTED_EDGE('',*,*,#3417,.T.);
#4813 = ORIENTED_EDGE('',*,*,#4792,.T.);
#4814 = ADVANCED_FACE('',(#4815),#3618,.T.);
#4815 = FACE_BOUND('',#4816,.T.);
#4816 = EDGE_LOOP('',(#4817,#4840,#4867,#4868,#4869));
#4817 = ORIENTED_EDGE('',*,*,#4818,.T.);
#4818 = EDGE_CURVE('',#3505,#4819,#4821,.T.);
#4819 = VERTEX_POINT('',#4820);
#4820 = CARTESIAN_POINT('',(836.15,-217.15,540.));
#4821 = SEAM_CURVE('',#4822,(#4826,#4833),.PCURVE_S1.);
#4822 = LINE('',#4823,#4824);
#4823 = CARTESIAN_POINT('',(786.15,-217.15,540.));
#4824 = VECTOR('',#4825,1.);
#4825 = DIRECTION('',(1.,0.,2.22044604925E-16));
#4826 = PCURVE('',#3618,#4827);
#4827 = DEFINITIONAL_REPRESENTATION('',(#4828),#4832);
#4828 = LINE('',#4829,#4830);
#4829 = CARTESIAN_POINT('',(6.28318530718,-0.));
#4830 = VECTOR('',#4831,1.);
#4831 = DIRECTION('',(0.,1.));
#4832 = ( GEOMETRIC_REPRESENTATION_CONTEXT(2) 
PARAMETRIC_REPRESENTATION_CONTEXT() REPRESENTATION_CONTEXT('2D SPACE',''
  ) );
#4833 = PCURVE('',#3618,#4834);
#4834 = DEFINITIONAL_REPRESENTATION('',(#4835),#4839);
#4835 = LINE('',#4836,#4837);
#4836 = CARTESIAN_POINT('',(0.,-0.));
#4837 = VECTOR('',#4838,1.);
#4838 = DIRECTION('',(0.,1.));
#4839 = ( GEOMETRIC_REPRESENTATION_CONTEXT(2) 
PARAMETRIC_REPRESENTATION_CONTEXT() REPRESENTATION_CONTEXT('2D SPACE',''
  ) );
#4840 = ORIENTED_EDGE('',*,*,#4841,.F.);
#4841 = EDGE_CURVE('',#4819,#4819,#4842,.T.);
#4842 = SURFACE_CURVE('',#4843,(#4848,#4855),.PCURVE_S1.);
#4843 = CIRCLE('',#4844,10.);
#4844 = AXIS2_PLACEMENT_3D('',#4845,#4846,#4847);
#4845 = CARTESIAN_POINT('',(836.15,-217.15,550.));
#4846 = DIRECTION('',(1.,-0.,2.22044604925E-16));
#4847 = DIRECTION('',(2.22044604925E-16,0.,-1.));
#4848 = PCURVE('',#3618,#4849);
#4849 = DEFINITIONAL_REPRESENTATION('',(#4850),#4854);
#4850 = LINE('',#4851,#4852);
#4851 = CARTESIAN_POINT('',(0.,50.));
#4852 = VECTOR('',#4853,1.);
#4853 = DIRECTION('',(1.,0.));
#4854 = ( GEOMETRIC_REPRESENTATION_CONTEXT(2) 
PARAMETRIC_REPRESENTATION_CONTEXT() REPRESENTATION_CONTEXT('2D SPACE',''
  ) );
#4855 = PCURVE('',#4856,#4861);
#4856 = PLANE('',#4857);
#4857 = AXIS2_PLACEMENT_3D('',#4858,#4859,#4860);
#4858 = CARTESIAN_POINT('',(836.15,-217.15,550.));
#4859 = DIRECTION('',(1.,0.,2.22044604925E-16));
#4860 = DIRECTION('',(2.22044604925E-16,0.,-1.));
#4861 = DEFINITIONAL_REPRESENTATION('',(#4862),#4866);
#4862 = CIRCLE('',#4863,10.);
#4863 = AXIS2_PLACEMENT_2D('',#4864,#4865);
#4864 = CARTESIAN_POINT('',(0.,0.));
#4865 = DIRECTION('',(1.,0.));
#4866 = ( GEOMETRIC_REPRESENTATION_CONTEXT(2) 
PARAMETRIC_REPRESENTATION_CONTEXT() REPRESENTATION_CONTEXT('2D SPACE',''
  ) );
#4867 = ORIENTED_EDGE('',*,*,#4818,.F.);
#4868 = ORIENTED_EDGE('',*,*,#3504,.T.);
#4869 = ORIENTED_EDGE('',*,*,#3702,.T.);
#4870 = ADVANCED_FACE('',(#4871,#4874),#3491,.T.);
#4871 = FACE_BOUND('',#4872,.T.);
#4872 = EDGE_LOOP('',(#4873));
#4873 = ORIENTED_EDGE('',*,*,#3476,.T.);
#4874 = FACE_BOUND('',#4875,.T.);
#4875 = EDGE_LOOP('',(#4876));
#4876 = ORIENTED_EDGE('',*,*,#4877,.F.);
#4877 = EDGE_CURVE('',#4878,#4878,#4880,.T.);
#4878 = VERTEX_POINT('',#4879);
#4879 = CARTESIAN_POINT('',(751.1,-217.15,1.71E+03));
#4880 = SURFACE_CURVE('',#4881,(#4886,#4893),.PCURVE_S1.);
#4881 = CIRCLE('',#4882,21.1);
#4882 = AXIS2_PLACEMENT_3D('',#4883,#4884,#4885);
#4883 = CARTESIAN_POINT('',(730.,-217.15,1.71E+03));
#4884 = DIRECTION('',(0.,0.,1.));
#4885 = DIRECTION('',(1.,0.,-0.));
#4886 = PCURVE('',#3491,#4887);
#4887 = DEFINITIONAL_REPRESENTATION('',(#4888),#4892);
#4888 = CIRCLE('',#4889,21.1);
#4889 = AXIS2_PLACEMENT_2D('',#4890,#4891);
#4890 = CARTESIAN_POINT('',(0.,0.));
#4891 = DIRECTION('',(1.,0.));
#4892 = ( GEOMETRIC_REPRESENTATION_CONTEXT(2) 
PARAMETRIC_REPRESENTATION_CONTEXT() REPRESENTATION_CONTEXT('2D SPACE',''
  ) );
#4893 = PCURVE('',#4894,#4899);
#4894 = CYLINDRICAL_SURFACE('',#4895,21.1);
#4895 = AXIS2_PLACEMENT_3D('',#4896,#4897,#4898);
#4896 = CARTESIAN_POINT('',(730.,-217.15,1.71E+03));
#4897 = DIRECTION('',(0.,0.,1.));
#4898 = DIRECTION('',(1.,0.,-0.));
#4899 = DEFINITIONAL_REPRESENTATION('',(#4900),#4904);
#4900 = LINE('',#4901,#4902);
#4901 = CARTESIAN_POINT('',(0.,0.));
#4902 = VECTOR('',#4903,1.);
#4903 = DIRECTION('',(1.,0.));
#4904 = ( GEOMETRIC_REPRESENTATION_CONTEXT(2) 
PARAMETRIC_REPRESENTATION_CONTEXT() REPRESENTATION_CONTEXT('2D SPACE',''
  ) );
#4905 = ADVANCED_FACE('',(#4906),#3982,.T.);
#4906 = FACE_BOUND('',#4907,.T.);
#4907 = EDGE_LOOP('',(#4908,#4931,#5314,#5315));
#4908 = ORIENTED_EDGE('',*,*,#4909,.T.);
#4909 = EDGE_CURVE('',#3873,#4910,#4912,.T.);
#4910 = VERTEX_POINT('',#4911);
#4911 = CARTESIAN_POINT('',(735.,-282.9833752096,675.));
#4912 = SEAM_CURVE('',#4913,(#4917,#4924),.PCURVE_S1.);
#4913 = LINE('',#4914,#4915);
#4914 = CARTESIAN_POINT('',(735.,-273.3,675.));
#4915 = VECTOR('',#4916,1.);
#4916 = DIRECTION('',(0.,-1.,2.22044604925E-16));
#4917 = PCURVE('',#3982,#4918);
#4918 = DEFINITIONAL_REPRESENTATION('',(#4919),#4923);
#4919 = LINE('',#4920,#4921);
#4920 = CARTESIAN_POINT('',(6.28318530718,-0.));
#4921 = VECTOR('',#4922,1.);
#4922 = DIRECTION('',(0.,1.));
#4923 = ( GEOMETRIC_REPRESENTATION_CONTEXT(2) 
PARAMETRIC_REPRESENTATION_CONTEXT() REPRESENTATION_CONTEXT('2D SPACE',''
  ) );
#4924 = PCURVE('',#3982,#4925);
#4925 = DEFINITIONAL_REPRESENTATION('',(#4926),#4930);
#4926 = LINE('',#4927,#4928);
#4927 = CARTESIAN_POINT('',(0.,-0.));
#4928 = VECTOR('',#4929,1.);
#4929 = DIRECTION('',(0.,1.));
#4930 = ( GEOMETRIC_REPRESENTATION_CONTEXT(2) 
PARAMETRIC_REPRESENTATION_CONTEXT() REPRESENTATION_CONTEXT('2D SPACE',''
  ) );
#4931 = ORIENTED_EDGE('',*,*,#4932,.F.);
#4932 = EDGE_CURVE('',#4910,#4910,#4933,.T.);
#4933 = SURFACE_CURVE('',#4934,(#5057,#5183),.PCURVE_S1.);
#4934 = B_SPLINE_CURVE_WITH_KNOTS('',7,(#4935,#4936,#4937,#4938,#4939,
    #4940,#4941,#4942,#4943,#4944,#4945,#4946,#4947,#4948,#4949,#4950,
    #4951,#4952,#4953,#4954,#4955,#4956,#4957,#4958,#4959,#4960,#4961,
    #4962,#4963,#4964,#4965,#4966,#4967,#4968,#4969,#4970,#4971,#4972,
    #4973,#4974,#4975,#4976,#4977,#4978,#4979,#4980,#4981,#4982,#4983,
    #4984,#4985,#4986,#4987,#4988,#4989,#4990,#4991,#4992,#4993,#4994,
    #4995,#4996,#4997,#4998,#4999,#5000,#5001,#5002,#5003,#5004,#5005,
    #5006,#5007,#5008,#5009,#5010,#5011,#5012,#5013,#5014,#5015,#5016,
    #5017,#5018,#5019,#5020,#5021,#5022,#5023,#5024,#5025,#5026,#5027,
    #5028,#5029,#5030,#5031,#5032,#5033,#5034,#5035,#5036,#5037,#5038,
    #5039,#5040,#5041,#5042,#5043,#5044,#5045,#5046,#5047,#5048,#5049,
    #5050,#5051,#5052,#5053,#5054,#5055,#5056),.UNSPECIFIED.,.T.,.F.,(8,
    6,6,6,6,6,6,6,6,6,6,6,6,6,6,6,6,6,6,6,8),(0.,4.334998661272E-02,
    0.106576445228,0.175722679651,0.220934335921,0.272472616435,
    0.300922107468,0.326852962065,0.396094221513,0.459053160249,
    0.501224107715,0.544362352682,0.60727998365,0.676088475467,
    0.721079299504,0.772365842931,0.800676373136,0.826480569122,
    0.895383620567,0.958035036463,1.),.UNSPECIFIED.);
#4935 = CARTESIAN_POINT('',(735.,-282.9833752096,675.));
#4936 = CARTESIAN_POINT('',(735.,-282.9833752096,675.18374801324));
#4937 = CARTESIAN_POINT('',(734.99212197656,-282.9714989633,
    675.36658475346));
#4938 = CARTESIAN_POINT('',(734.9765060944,-282.9479560788,675.548133843
    ));
#4939 = CARTESIAN_POINT('',(734.9533117424,-282.9133762803,
    675.72793638582));
#4940 = CARTESIAN_POINT('',(734.92275404959,-282.8688143725,
    675.90536219822));
#4941 = CARTESIAN_POINT('',(734.88521572301,-282.8157265911,
    676.07952558689));
#4942 = CARTESIAN_POINT('',(734.77757835846,-282.6686873102,
    676.49668605092));
#4943 = CARTESIAN_POINT('',(734.69994738012,-282.5664856538,
    676.73654588823));
#4944 = CARTESIAN_POINT('',(734.60929930574,-282.4529396125,
    676.96922789094));
#4945 = CARTESIAN_POINT('',(734.50604763316,-282.3312171929,
    677.19493145981));
#4946 = CARTESIAN_POINT('',(734.39037210803,-282.2037527761,
    677.4138686367));
#4947 = CARTESIAN_POINT('',(734.2620394346,-282.0723460345,
    677.62633782964));
#4948 = CARTESIAN_POINT('',(733.96521294643,-281.7919426772,
    678.0581029777));
#4949 = CARTESIAN_POINT('',(733.79449448308,-281.6428390128,
    678.27557852919));
#4950 = CARTESIAN_POINT('',(733.60713592019,-281.4928962261,
    678.48549779354));
#4951 = CARTESIAN_POINT('',(733.40172949454,-281.3436777846,
    678.68766682052));
#4952 = CARTESIAN_POINT('',(733.17660242681,-281.1970453042,
    678.88113332888));
#4953 = CARTESIAN_POINT('',(732.93001504227,-281.0554287469,
    679.06404347334));
#4954 = CARTESIAN_POINT('',(732.48402331348,-280.8348077677,
    679.34430609769));
#4955 = CARTESIAN_POINT('',(732.29720651689,-280.7507894527,
    679.44975128535));
#4956 = CARTESIAN_POINT('',(732.09966271868,-280.6710852,679.54873967893
    ));
#4957 = CARTESIAN_POINT('',(731.89122450449,-280.5969094729,
    679.64005572694));
#4958 = CARTESIAN_POINT('',(731.67181902778,-280.5295838813,
    679.72235251182));
#4959 = CARTESIAN_POINT('',(731.44149592666,-280.4705392292,
    679.79413642968));
#4960 = CARTESIAN_POINT('',(730.92568489364,-280.3652081343,
    679.92170950601));
#4961 = CARTESIAN_POINT('',(730.63586801208,-280.3216337894,
    679.9741316662));
#4962 = CARTESIAN_POINT('',(730.33598836999,-280.294066422,
    680.00711900979));
#4963 = CARTESIAN_POINT('',(730.03122478752,-280.2845528992,
    680.01848742977));
#4964 = CARTESIAN_POINT('',(729.72687194712,-280.2936141888,
    680.00768581417));
#4965 = CARTESIAN_POINT('',(729.42821450511,-280.3202289877,
    679.9757862444));
#4966 = CARTESIAN_POINT('',(728.98145376321,-280.3849055647,
    679.89781401293));
#4967 = CARTESIAN_POINT('',(728.82599535205,-280.4124756615,
    679.86451941377));
#4968 = CARTESIAN_POINT('',(728.67426168247,-280.4442588124,
    679.82604702137));
#4969 = CARTESIAN_POINT('',(728.52651386002,-280.4798767095,
    679.7828014706));
#4970 = CARTESIAN_POINT('',(728.38299151136,-280.5189281463,
    679.73520946182));
#4971 = CARTESIAN_POINT('',(728.24391261737,-280.5609910969,
    679.68372137964));
#4972 = CARTESIAN_POINT('',(727.98693599766,-280.6463070678,
    679.57876549607));
#4973 = CARTESIAN_POINT('',(727.8681056962,-280.6891740047,
    679.5258163831));
#4974 = CARTESIAN_POINT('',(727.7529266255,-280.733974851,
    679.47022275857));
#4975 = CARTESIAN_POINT('',(727.6413342264,-280.7804776247,
    679.4122181736));
#4976 = CARTESIAN_POINT('',(727.53325542068,-280.828468989,
    679.35201251662));
#4977 = CARTESIAN_POINT('',(727.42860883484,-280.8777541233,
    679.28979198537));
#4978 = CARTESIAN_POINT('',(727.05680088684,-281.0627426197,
    679.05462982224));
#4979 = CARTESIAN_POINT('',(726.80961128782,-281.2055543524,
    678.8700034132));
#4980 = CARTESIAN_POINT('',(726.58408519511,-281.3533483859,
    678.67475998153));
#4981 = CARTESIAN_POINT('',(726.37845582578,-281.5036665239,
    678.47075987312));
#4982 = CARTESIAN_POINT('',(726.19103095514,-281.6546237441,
    678.25894640358));
#4983 = CARTESIAN_POINT('',(726.02039618224,-281.8046262436,
    678.03949479279));
#4984 = CARTESIAN_POINT('',(725.72482861314,-282.0856629709,
    677.60491041141));
#4985 = CARTESIAN_POINT('',(725.5974829748,-282.2168704512,
    677.39167600644));
#4986 = CARTESIAN_POINT('',(725.48279222955,-282.3440041244,
    677.17193719822));
#4987 = CARTESIAN_POINT('',(725.38055100485,-282.465224088,
    676.94539884607));
#4988 = CARTESIAN_POINT('',(725.29096118265,-282.578044812,
    676.71185594489));
#4989 = CARTESIAN_POINT('',(725.21445296817,-282.6792477314,
    676.47111106579));
#4990 = CARTESIAN_POINT('',(725.10984445133,-282.8227235057,
    676.05632526838));
#4991 = CARTESIAN_POINT('',(725.07389967265,-282.8736975863,
    675.88570469659));
#4992 = CARTESIAN_POINT('',(725.04465313173,-282.91641082,
    675.71199555461));
#4993 = CARTESIAN_POINT('',(725.02246211343,-282.9495116696,
    675.53603646295));
#4994 = CARTESIAN_POINT('',(725.00752869461,-282.9720255507,
    675.35843129402));
#4995 = CARTESIAN_POINT('',(725.,-282.9833752096,675.17962779475));
#4996 = CARTESIAN_POINT('',(725.,-282.9833752096,674.81625198676));
#4997 = CARTESIAN_POINT('',(725.00787802343,-282.9714989633,
    674.63341524653));
#4998 = CARTESIAN_POINT('',(725.02349390559,-282.9479560788,
    674.45186615699));
#4999 = CARTESIAN_POINT('',(725.04668825759,-282.9133762803,
    674.27206361417));
#5000 = CARTESIAN_POINT('',(725.0772459504,-282.8688143725,
    674.09463780177));
#5001 = CARTESIAN_POINT('',(725.11478427698,-282.8157265911,
    673.9204744131));
#5002 = CARTESIAN_POINT('',(725.22242164153,-282.6686873102,
    673.50331394907));
#5003 = CARTESIAN_POINT('',(725.30005261987,-282.5664856538,
    673.26345411176));
#5004 = CARTESIAN_POINT('',(725.39070069425,-282.4529396125,
    673.03077210905));
#5005 = CARTESIAN_POINT('',(725.49395236683,-282.3312171929,
    672.80506854018));
#5006 = CARTESIAN_POINT('',(725.60962789196,-282.2037527761,
    672.58613136329));
#5007 = CARTESIAN_POINT('',(725.73796056539,-282.0723460345,
    672.37366217035));
#5008 = CARTESIAN_POINT('',(726.03478705356,-281.7919426772,
    671.94189702229));
#5009 = CARTESIAN_POINT('',(726.20550551691,-281.6428390128,
    671.7244214708));
#5010 = CARTESIAN_POINT('',(726.3928640798,-281.4928962262,
    671.51450220646));
#5011 = CARTESIAN_POINT('',(726.59827050545,-281.3436777846,
    671.31233317947));
#5012 = CARTESIAN_POINT('',(726.82339757318,-281.1970453042,
    671.11886667111));
#5013 = CARTESIAN_POINT('',(727.06998495772,-281.0554287469,
    670.93595652665));
#5014 = CARTESIAN_POINT('',(727.51597669702,-280.8348077625,
    670.6556938957));
#5015 = CARTESIAN_POINT('',(727.70279347228,-280.750789456,
    670.55024871873));
#5016 = CARTESIAN_POINT('',(727.90033727344,-280.6710852038,
    670.45126032581));
#5017 = CARTESIAN_POINT('',(728.10877550514,-280.5969094708,
    670.35994427053));
#5018 = CARTESIAN_POINT('',(728.3281809829,-280.5295838775,
    670.27764748337));
#5019 = CARTESIAN_POINT('',(728.55850406082,-280.4705392317,
    670.20586357341));
#5020 = CARTESIAN_POINT('',(729.07431510437,-280.3652081347,
    670.07829049447));
#5021 = CARTESIAN_POINT('',(729.36413199271,-280.321633789,
    670.02586833325));
#5022 = CARTESIAN_POINT('',(729.66401162707,-280.2940664218,
    669.99288098999));
#5023 = CARTESIAN_POINT('',(729.96877520955,-280.2845528995,
    669.98151257062));
#5024 = CARTESIAN_POINT('',(730.27312805769,-280.2936141889,
    669.99231418604));
#5025 = CARTESIAN_POINT('',(730.57178549288,-280.3202289874,
    670.02421375525));
#5026 = CARTESIAN_POINT('',(731.01854623678,-280.3849055647,
    670.10218598706));
#5027 = CARTESIAN_POINT('',(731.17400464794,-280.4124756615,
    670.13548058622));
#5028 = CARTESIAN_POINT('',(731.32573831752,-280.4442588124,
    670.17395297862));
#5029 = CARTESIAN_POINT('',(731.47348613997,-280.4798767095,
    670.21719852939));
#5030 = CARTESIAN_POINT('',(731.61700848863,-280.5189281463,
    670.26479053817));
#5031 = CARTESIAN_POINT('',(731.75608738262,-280.5609910969,
    670.31627862035));
#5032 = CARTESIAN_POINT('',(732.01306400234,-280.6463070678,
    670.42123450392));
#5033 = CARTESIAN_POINT('',(732.13189430379,-280.6891740047,
    670.47418361689));
#5034 = CARTESIAN_POINT('',(732.24707337449,-280.733974851,
    670.52977724142));
#5035 = CARTESIAN_POINT('',(732.35866577359,-280.7804776247,
    670.58778182639));
#5036 = CARTESIAN_POINT('',(732.46674457932,-280.828468989,
    670.64798748337));
#5037 = CARTESIAN_POINT('',(732.57139116515,-280.8777541233,
    670.71020801463));
#5038 = CARTESIAN_POINT('',(732.94319910999,-281.0627426182,
    670.94537017575));
#5039 = CARTESIAN_POINT('',(733.19038871994,-281.2055543561,
    671.12999659122));
#5040 = CARTESIAN_POINT('',(733.41591479835,-281.3533483839,
    671.32524001675));
#5041 = CARTESIAN_POINT('',(733.62154417386,-281.5036665212,
    671.52924012205));
#5042 = CARTESIAN_POINT('',(733.80896904863,-281.6546237483,
    671.74105360292));
#5043 = CARTESIAN_POINT('',(733.9796038159,-281.8046262418,
    671.96050520448));
#5044 = CARTESIAN_POINT('',(734.27517138685,-282.0856629709,
    672.39508958858));
#5045 = CARTESIAN_POINT('',(734.40251702519,-282.2168704512,
    672.60832399355));
#5046 = CARTESIAN_POINT('',(734.51720777044,-282.3440041244,
    672.82806280177));
#5047 = CARTESIAN_POINT('',(734.61944899514,-282.465224088,
    673.05460115392));
#5048 = CARTESIAN_POINT('',(734.70903881735,-282.578044812,
    673.2881440551));
#5049 = CARTESIAN_POINT('',(734.78554703182,-282.6792477314,
    673.5288889342));
#5050 = CARTESIAN_POINT('',(734.89015554866,-282.8227235057,
    673.94367473161));
#5051 = CARTESIAN_POINT('',(734.92610032734,-282.8736975863,
    674.1142953034));
#5052 = CARTESIAN_POINT('',(734.95534686826,-282.91641082,
    674.28800444538));
#5053 = CARTESIAN_POINT('',(734.97753788656,-282.9495116696,
    674.46396353704));
#5054 = CARTESIAN_POINT('',(734.99247130538,-282.9720255507,
    674.64156870597));
#5055 = CARTESIAN_POINT('',(735.,-282.9833752096,674.82037220524));
#5056 = CARTESIAN_POINT('',(735.,-282.9833752096,675.));
#5057 = PCURVE('',#3982,#5058);
#5058 = DEFINITIONAL_REPRESENTATION('',(#5059),#5182);
#5059 = B_SPLINE_CURVE_WITH_KNOTS('',7,(#5060,#5061,#5062,#5063,#5064,
    #5065,#5066,#5067,#5068,#5069,#5070,#5071,#5072,#5073,#5074,#5075,
    #5076,#5077,#5078,#5079,#5080,#5081,#5082,#5083,#5084,#5085,#5086,
    #5087,#5088,#5089,#5090,#5091,#5092,#5093,#5094,#5095,#5096,#5097,
    #5098,#5099,#5100,#5101,#5102,#5103,#5104,#5105,#5106,#5107,#5108,
    #5109,#5110,#5111,#5112,#5113,#5114,#5115,#5116,#5117,#5118,#5119,
    #5120,#5121,#5122,#5123,#5124,#5125,#5126,#5127,#5128,#5129,#5130,
    #5131,#5132,#5133,#5134,#5135,#5136,#5137,#5138,#5139,#5140,#5141,
    #5142,#5143,#5144,#5145,#5146,#5147,#5148,#5149,#5150,#5151,#5152,
    #5153,#5154,#5155,#5156,#5157,#5158,#5159,#5160,#5161,#5162,#5163,
    #5164,#5165,#5166,#5167,#5168,#5169,#5170,#5171,#5172,#5173,#5174,
    #5175,#5176,#5177,#5178,#5179,#5180,#5181),.UNSPECIFIED.,.F.,.F.,(8,
    6,6,6,6,6,6,6,6,6,6,6,6,6,6,6,6,6,6,6,8),(0.,4.334998661272E-02,
    0.106576445228,0.175722679651,0.220934335921,0.272472616435,
    0.300922107468,0.326852962065,0.396094221513,0.459053160249,
    0.501224107715,0.544362352682,0.60727998365,0.676088475467,
    0.721079299504,0.772365842931,0.800676373136,0.826480569122,
    0.895383620567,0.958035036463,1.),.UNSPECIFIED.);
#5060 = CARTESIAN_POINT('',(0.,9.683375209645));
#5061 = CARTESIAN_POINT('',(3.674960264806E-02,9.683375209645));
#5062 = CARTESIAN_POINT('',(7.331689328974E-02,9.671498963338));
#5063 = CARTESIAN_POINT('',(0.109707978515,9.647956078854));
#5064 = CARTESIAN_POINT('',(0.145907774879,9.613376280352));
#5065 = CARTESIAN_POINT('',(0.181865006022,9.56881437253));
#5066 = CARTESIAN_POINT('',(0.217468699511,9.515726591138));
#5067 = CARTESIAN_POINT('',(0.303633345393,9.368687310266));
#5068 = CARTESIAN_POINT('',(0.353963068691,9.266485653877));
#5069 = CARTESIAN_POINT('',(0.403771242612,9.152939612571));
#5070 = CARTESIAN_POINT('',(0.453264241922,9.03121719292));
#5071 = CARTESIAN_POINT('',(0.502658630513,8.903752776107));
#5072 = CARTESIAN_POINT('',(0.552216205076,8.772346034578));
#5073 = CARTESIAN_POINT('',(0.657006873967,8.491942677256));
#5074 = CARTESIAN_POINT('',(0.712191979455,8.342839012806));
#5075 = CARTESIAN_POINT('',(0.768285030522,8.192896226199));
#5076 = CARTESIAN_POINT('',(0.825700985476,8.043677784679));
#5077 = CARTESIAN_POINT('',(0.88483368332,7.897045304203));
#5078 = CARTESIAN_POINT('',(0.946055008146,7.755428746932));
#5079 = CARTESIAN_POINT('',(1.051403147334,7.534807767708));
#5080 = CARTESIAN_POINT('',(1.09425928479,7.450789452753));
#5081 = CARTESIAN_POINT('',(1.138363592031,7.37108520009));
#5082 = CARTESIAN_POINT('',(1.183762731695,7.296909472942));
#5083 = CARTESIAN_POINT('',(1.230511505203,7.229583881346));
#5084 = CARTESIAN_POINT('',(1.27867599142,7.170539229202));
#5085 = CARTESIAN_POINT('',(1.384946572785,7.065208134304));
#5086 = CARTESIAN_POINT('',(1.443731824042,7.021633789484));
#5087 = CARTESIAN_POINT('',(1.503833535967,6.994066422034));
#5088 = CARTESIAN_POINT('',(1.564541241817,6.984552899248));
#5089 = CARTESIAN_POINT('',(1.625202690564,6.993614188804));
#5090 = CARTESIAN_POINT('',(1.68514167702,7.02022898776));
#5091 = CARTESIAN_POINT('',(1.775844450822,7.084905564742));
#5092 = CARTESIAN_POINT('',(1.80761803069,7.112475661531));
#5093 = CARTESIAN_POINT('',(1.83889060271,7.144258812437));
#5094 = CARTESIAN_POINT('',(1.869644258039,7.179876709525));
#5095 = CARTESIAN_POINT('',(1.899856775037,7.218928146313));
#5096 = CARTESIAN_POINT('',(1.929501155677,7.26099109695));
#5097 = CARTESIAN_POINT('',(1.985017899305,7.346307067806));
#5098 = CARTESIAN_POINT('',(2.011023706188,7.389174004736));
#5099 = CARTESIAN_POINT('',(2.036583732676,7.433974851001));
#5100 = CARTESIAN_POINT('',(2.061717817687,7.480477624748));
#5101 = CARTESIAN_POINT('',(2.08644522037,7.528468989021));
#5102 = CARTESIAN_POINT('',(2.110785351488,7.577754123332));
#5103 = CARTESIAN_POINT('',(2.198772258051,7.762742619791));
#5104 = CARTESIAN_POINT('',(2.260292415196,7.905554352496));
#5105 = CARTESIAN_POINT('',(2.319714278964,8.053348385932));
#5106 = CARTESIAN_POINT('',(2.377416015782,8.20366652396));
#5107 = CARTESIAN_POINT('',(2.433798188008,8.354623744196));
#5108 = CARTESIAN_POINT('',(2.489282457503,8.50462624362));
#5109 = CARTESIAN_POINT('',(2.594396447522,8.785662970931));
#5110 = CARTESIAN_POINT('',(2.643983580909,8.916870451242));
#5111 = CARTESIAN_POINT('',(2.693428032821,9.044004124404));
#5112 = CARTESIAN_POINT('',(2.742988784464,9.165224088041));
#5113 = CARTESIAN_POINT('',(2.792880513296,9.278044812035));
#5114 = CARTESIAN_POINT('',(2.843309534008,9.379247731488));
#5115 = CARTESIAN_POINT('',(2.928864241542,9.522723505782));
#5116 = CARTESIAN_POINT('',(2.963710257303,9.573697586341));
#5117 = CARTESIAN_POINT('',(2.998893866828,9.616410820095));
#5118 = CARTESIAN_POINT('',(3.034309498768,9.649511669662));
#5119 = CARTESIAN_POINT('',(3.069906445781,9.672025550764));
#5120 = CARTESIAN_POINT('',(3.105667094638,9.683375209645));
#5121 = CARTESIAN_POINT('',(3.178342256238,9.683375209645));
#5122 = CARTESIAN_POINT('',(3.21490954688,9.671498963338));
#5123 = CARTESIAN_POINT('',(3.251300632105,9.647956078854));
#5124 = CARTESIAN_POINT('',(3.287500428469,9.613376280352));
#5125 = CARTESIAN_POINT('',(3.323457659612,9.56881437253));
#5126 = CARTESIAN_POINT('',(3.359061353101,9.515726591138));
#5127 = CARTESIAN_POINT('',(3.445225998982,9.368687310266));
#5128 = CARTESIAN_POINT('',(3.495555722282,9.266485653876));
#5129 = CARTESIAN_POINT('',(3.545363896202,9.15293961257));
#5130 = CARTESIAN_POINT('',(3.594856895512,9.031217192921));
#5131 = CARTESIAN_POINT('',(3.644251284103,8.903752776107));
#5132 = CARTESIAN_POINT('',(3.693808858666,8.772346034578));
#5133 = CARTESIAN_POINT('',(3.798599527557,8.491942677257));
#5134 = CARTESIAN_POINT('',(3.853784633046,8.342839012805));
#5135 = CARTESIAN_POINT('',(3.909877684111,8.192896226201));
#5136 = CARTESIAN_POINT('',(3.967293639066,8.043677784678));
#5137 = CARTESIAN_POINT('',(4.02642633691,7.897045304202));
#5138 = CARTESIAN_POINT('',(4.087647661736,7.755428746932));
#5139 = CARTESIAN_POINT('',(4.192995803405,7.534807762511));
#5140 = CARTESIAN_POINT('',(4.235851936045,7.450789456048));
#5141 = CARTESIAN_POINT('',(4.279956243781,7.371085203839));
#5142 = CARTESIAN_POINT('',(4.325355387277,7.296909470861));
#5143 = CARTESIAN_POINT('',(4.372104161158,7.22958387751));
#5144 = CARTESIAN_POINT('',(4.420268642431,7.170539231757));
#5145 = CARTESIAN_POINT('',(4.526539225966,7.065208134709));
#5146 = CARTESIAN_POINT('',(4.585324478611,7.021633789039));
#5147 = CARTESIAN_POINT('',(4.645426188962,6.994066421859));
#5148 = CARTESIAN_POINT('',(4.706133894811,6.984552899584));
#5149 = CARTESIAN_POINT('',(4.766795345133,6.99361418898));
#5150 = CARTESIAN_POINT('',(4.826734330203,7.02022898747));
#5151 = CARTESIAN_POINT('',(4.917437104411,7.084905564742));
#5152 = CARTESIAN_POINT('',(4.949210684279,7.112475661531));
#5153 = CARTESIAN_POINT('',(4.9804832563,7.144258812437));
#5154 = CARTESIAN_POINT('',(5.011236911629,7.179876709525));
#5155 = CARTESIAN_POINT('',(5.041449428627,7.218928146313));
#5156 = CARTESIAN_POINT('',(5.071093809267,7.26099109695));
#5157 = CARTESIAN_POINT('',(5.126610552895,7.346307067808));
#5158 = CARTESIAN_POINT('',(5.152616359778,7.389174004736));
#5159 = CARTESIAN_POINT('',(5.178176386265,7.433974851));
#5160 = CARTESIAN_POINT('',(5.203310471276,7.480477624746));
#5161 = CARTESIAN_POINT('',(5.22803787396,7.528468989021));
#5162 = CARTESIAN_POINT('',(5.252378005079,7.577754123334));
#5163 = CARTESIAN_POINT('',(5.340364910893,7.762742618218));
#5164 = CARTESIAN_POINT('',(5.40188507055,7.905554356128));
#5165 = CARTESIAN_POINT('',(5.461306931356,8.053348383959));
#5166 = CARTESIAN_POINT('',(5.519008668639,8.203666521275));
#5167 = CARTESIAN_POINT('',(5.575390843072,8.354623748328));
#5168 = CARTESIAN_POINT('',(5.630875110436,8.504626241863));
#5169 = CARTESIAN_POINT('',(5.735989101112,8.785662970931));
#5170 = CARTESIAN_POINT('',(5.785576234498,8.916870451242));
#5171 = CARTESIAN_POINT('',(5.835020686411,9.044004124404));
#5172 = CARTESIAN_POINT('',(5.884581438053,9.16522408804));
#5173 = CARTESIAN_POINT('',(5.934473166886,9.278044812036));
#5174 = CARTESIAN_POINT('',(5.984902187598,9.379247731488));
#5175 = CARTESIAN_POINT('',(6.070456895131,9.522723505783));
#5176 = CARTESIAN_POINT('',(6.105302910893,9.573697586341));
#5177 = CARTESIAN_POINT('',(6.140486520418,9.616410820095));
#5178 = CARTESIAN_POINT('',(6.175902152358,9.649511669662));
#5179 = CARTESIAN_POINT('',(6.211499099371,9.672025550764));
#5180 = CARTESIAN_POINT('',(6.247259748228,9.683375209645));
#5181 = CARTESIAN_POINT('',(6.28318530718,9.683375209645));
#5182 = ( GEOMETRIC_REPRESENTATION_CONTEXT(2) 
PARAMETRIC_REPRESENTATION_CONTEXT() REPRESENTATION_CONTEXT('2D SPACE',''
  ) );
#5183 = PCURVE('',#5184,#5189);
#5184 = CYLINDRICAL_SURFACE('',#5185,6.);
#5185 = AXIS2_PLACEMENT_3D('',#5186,#5187,#5188);
#5186 = CARTESIAN_POINT('',(730.,-286.3,660.));
#5187 = DIRECTION('',(0.,0.,1.));
#5188 = DIRECTION('',(1.,0.,-0.));
#5189 = DEFINITIONAL_REPRESENTATION('',(#5190),#5313);
#5190 = B_SPLINE_CURVE_WITH_KNOTS('',7,(#5191,#5192,#5193,#5194,#5195,
    #5196,#5197,#5198,#5199,#5200,#5201,#5202,#5203,#5204,#5205,#5206,
    #5207,#5208,#5209,#5210,#5211,#5212,#5213,#5214,#5215,#5216,#5217,
    #5218,#5219,#5220,#5221,#5222,#5223,#5224,#5225,#5226,#5227,#5228,
    #5229,#5230,#5231,#5232,#5233,#5234,#5235,#5236,#5237,#5238,#5239,
    #5240,#5241,#5242,#5243,#5244,#5245,#5246,#5247,#5248,#5249,#5250,
    #5251,#5252,#5253,#5254,#5255,#5256,#5257,#5258,#5259,#5260,#5261,
    #5262,#5263,#5264,#5265,#5266,#5267,#5268,#5269,#5270,#5271,#5272,
    #5273,#5274,#5275,#5276,#5277,#5278,#5279,#5280,#5281,#5282,#5283,
    #5284,#5285,#5286,#5287,#5288,#5289,#5290,#5291,#5292,#5293,#5294,
    #5295,#5296,#5297,#5298,#5299,#5300,#5301,#5302,#5303,#5304,#5305,
    #5306,#5307,#5308,#5309,#5310,#5311,#5312),.UNSPECIFIED.,.T.,.F.,(8,
    6,6,6,6,6,6,6,6,6,6,6,6,6,6,6,6,6,6,6,8),(0.,4.334998661272E-02,
    0.106576445228,0.175722679651,0.220934335921,0.272472616435,
    0.300922107468,0.326852962065,0.396094221513,0.459053160249,
    0.501224107715,0.544362352682,0.60727998365,0.676088475467,
    0.721079299504,0.772365842931,0.800676373136,0.826480569122,
    0.895383620567,0.958035036463,1.),.UNSPECIFIED.);
#5191 = CARTESIAN_POINT('',(0.585685543457,15.));
#5192 = CARTESIAN_POINT('',(0.585685543457,15.18374801324));
#5193 = CARTESIAN_POINT('',(0.588060770889,15.366584753462));
#5194 = CARTESIAN_POINT('',(0.592769424394,15.548133843009));
#5195 = CARTESIAN_POINT('',(0.599708854356,15.727936385829));
#5196 = CARTESIAN_POINT('',(0.608713283784,15.905362198226));
#5197 = CARTESIAN_POINT('',(0.619548233178,16.079525586895));
#5198 = CARTESIAN_POINT('',(0.649919250231,16.496686050925));
#5199 = CARTESIAN_POINT('',(0.671306281415,16.736545888233));
#5200 = CARTESIAN_POINT('',(0.695510000857,16.969227890941));
#5201 = CARTESIAN_POINT('',(0.722089253498,17.194931459812));
#5202 = CARTESIAN_POINT('',(0.750748589809,17.413868636701));
#5203 = CARTESIAN_POINT('',(0.78133648371,17.626337829644));
#5204 = CARTESIAN_POINT('',(0.849391201662,18.058102977709));
#5205 = CARTESIAN_POINT('',(0.887139792108,18.275578529191));
#5206 = CARTESIAN_POINT('',(0.927073886584,18.485497793542));
#5207 = CARTESIAN_POINT('',(0.969299125218,18.687666820524));
#5208 = CARTESIAN_POINT('',(1.013972211466,18.881133328884));
#5209 = CARTESIAN_POINT('',(1.061274681024,19.064043473342));
#5210 = CARTESIAN_POINT('',(1.144204075127,19.344306097693));
#5211 = CARTESIAN_POINT('',(1.178321017181,19.44975128535));
#5212 = CARTESIAN_POINT('',(1.213779429344,19.548739678932));
#5213 = CARTESIAN_POINT('',(1.250592818947,19.640055726941));
#5214 = CARTESIAN_POINT('',(1.288778452944,19.722352511826));
#5215 = CARTESIAN_POINT('',(1.3283584658,19.794136429682));
#5216 = CARTESIAN_POINT('',(1.416101091533,19.921709506018));
#5217 = CARTESIAN_POINT('',(1.464880508741,19.974131666204));
#5218 = CARTESIAN_POINT('',(1.514935073188,20.007119009794));
#5219 = CARTESIAN_POINT('',(1.565586301449,20.018487429779));
#5220 = CARTESIAN_POINT('',(1.616190067503,20.00768581417));
#5221 = CARTESIAN_POINT('',(1.666088536656,19.975786244401));
#5222 = CARTESIAN_POINT('',(1.741324871723,19.897814012938));
#5223 = CARTESIAN_POINT('',(1.767625634364,19.864519413775));
#5224 = CARTESIAN_POINT('',(1.793443939907,19.826047021376));
#5225 = CARTESIAN_POINT('',(1.818754112358,19.782801470603));
#5226 = CARTESIAN_POINT('',(1.843528307023,19.735209461823));
#5227 = CARTESIAN_POINT('',(1.867736331406,19.683721379641));
#5228 = CARTESIAN_POINT('',(1.912864481638,19.578765496075));
#5229 = CARTESIAN_POINT('',(1.933911859606,19.525816383101));
#5230 = CARTESIAN_POINT('',(1.954499514131,19.47022275857));
#5231 = CARTESIAN_POINT('',(1.974638570656,19.412218173604));
#5232 = CARTESIAN_POINT('',(1.994339777091,19.352012516622));
#5233 = CARTESIAN_POINT('',(2.013613914964,19.289791985373));
#5234 = CARTESIAN_POINT('',(2.082828134364,19.054629822249));
#5235 = CARTESIAN_POINT('',(2.130315810966,18.870003413207));
#5236 = CARTESIAN_POINT('',(2.175149292791,18.674759981537));
#5237 = CARTESIAN_POINT('',(2.217511652428,18.470759873122));
#5238 = CARTESIAN_POINT('',(2.257559734964,18.258946403584));
#5239 = CARTESIAN_POINT('',(2.29539645457,18.039494792796));
#5240 = CARTESIAN_POINT('',(2.363371496968,17.604910411417));
#5241 = CARTESIAN_POINT('',(2.393821133791,17.391676006441));
#5242 = CARTESIAN_POINT('',(2.42232985903,17.17193719823));
#5243 = CARTESIAN_POINT('',(2.448736855125,16.945398846074));
#5244 = CARTESIAN_POINT('',(2.472736550218,16.711855944894));
#5245 = CARTESIAN_POINT('',(2.49387807258,16.471111065794));
#5246 = CARTESIAN_POINT('',(2.52347172787,16.056325268385));
#5247 = CARTESIAN_POINT('',(2.533865877512,15.885704696599));
#5248 = CARTESIAN_POINT('',(2.542492744309,15.711995554616));
#5249 = CARTESIAN_POINT('',(2.549134355051,15.536036462953));
#5250 = CARTESIAN_POINT('',(2.5536371971,15.358431294021));
#5251 = CARTESIAN_POINT('',(2.555907110133,15.179627794759));
#5252 = CARTESIAN_POINT('',(2.555907110133,14.81625198676));
#5253 = CARTESIAN_POINT('',(2.553531882701,14.633415246538));
#5254 = CARTESIAN_POINT('',(2.548823229196,14.451866156991));
#5255 = CARTESIAN_POINT('',(2.541883799234,14.272063614172));
#5256 = CARTESIAN_POINT('',(2.532879369805,14.094637801773));
#5257 = CARTESIAN_POINT('',(2.522044420412,13.920474413105));
#5258 = CARTESIAN_POINT('',(2.491673403359,13.503313949076));
#5259 = CARTESIAN_POINT('',(2.470286372175,13.263454111765));
#5260 = CARTESIAN_POINT('',(2.446082652733,13.03077210906));
#5261 = CARTESIAN_POINT('',(2.419503400092,12.805068540187));
#5262 = CARTESIAN_POINT('',(2.39084406378,12.586131363299));
#5263 = CARTESIAN_POINT('',(2.36025616988,12.373662170356));
#5264 = CARTESIAN_POINT('',(2.292201451928,11.941897022292));
#5265 = CARTESIAN_POINT('',(2.254452861481,11.724421470806));
#5266 = CARTESIAN_POINT('',(2.214518767007,11.514502206461));
#5267 = CARTESIAN_POINT('',(2.172293528371,11.312333179474));
#5268 = CARTESIAN_POINT('',(2.127620442124,11.118866671116));
#5269 = CARTESIAN_POINT('',(2.080317972566,10.935956526658));
#5270 = CARTESIAN_POINT('',(1.99738857651,10.655693895705));
#5271 = CARTESIAN_POINT('',(1.963271638305,10.550248718735));
#5272 = CARTESIAN_POINT('',(1.927813225699,10.451260325815));
#5273 = CARTESIAN_POINT('',(1.890999833,10.359944270538));
#5274 = CARTESIAN_POINT('',(1.852814198742,10.277647483377));
#5275 = CARTESIAN_POINT('',(1.813234189919,10.205863573413));
#5276 = CARTESIAN_POINT('',(1.725491562394,10.078290494473));
#5277 = CARTESIAN_POINT('',(1.676712144037,10.025868333257));
#5278 = CARTESIAN_POINT('',(1.626657580895,9.992880989995));
#5279 = CARTESIAN_POINT('',(1.576006352634,9.981512570629));
#5280 = CARTESIAN_POINT('',(1.525402585275,9.992314186041));
#5281 = CARTESIAN_POINT('',(1.475504117271,10.02421375525));
#5282 = CARTESIAN_POINT('',(1.400267781867,10.102185987062));
#5283 = CARTESIAN_POINT('',(1.373967019226,10.135480586225));
#5284 = CARTESIAN_POINT('',(1.348148713683,10.173952978624));
#5285 = CARTESIAN_POINT('',(1.322838541231,10.217198529397));
#5286 = CARTESIAN_POINT('',(1.298064346567,10.264790538177));
#5287 = CARTESIAN_POINT('',(1.273856322184,10.316278620359));
#5288 = CARTESIAN_POINT('',(1.228728171951,10.421234503926));
#5289 = CARTESIAN_POINT('',(1.207680793984,10.474183616899));
#5290 = CARTESIAN_POINT('',(1.187093139459,10.529777241429));
#5291 = CARTESIAN_POINT('',(1.166954082934,10.587781826394));
#5292 = CARTESIAN_POINT('',(1.147252876498,10.647987483378));
#5293 = CARTESIAN_POINT('',(1.127978738625,10.71020801463));
#5294 = CARTESIAN_POINT('',(1.058764519814,10.945370175752));
#5295 = CARTESIAN_POINT('',(1.011276841203,11.129996591221));
#5296 = CARTESIAN_POINT('',(0.96644336189,11.32524001675));
#5297 = CARTESIAN_POINT('',(0.924081001468,11.52924012205));
#5298 = CARTESIAN_POINT('',(0.884032917706,11.741053602923));
#5299 = CARTESIAN_POINT('',(0.846196199445,11.960505204488));
#5300 = CARTESIAN_POINT('',(0.778221156622,12.395089588584));
#5301 = CARTESIAN_POINT('',(0.747771519799,12.608323993558));
#5302 = CARTESIAN_POINT('',(0.71926279456,12.828062801773));
#5303 = CARTESIAN_POINT('',(0.692855798465,13.054601153922));
#5304 = CARTESIAN_POINT('',(0.668856103372,13.288144055108));
#5305 = CARTESIAN_POINT('',(0.64771458101,13.528888934205));
#5306 = CARTESIAN_POINT('',(0.61812092572,13.943674731615));
#5307 = CARTESIAN_POINT('',(0.607726776078,14.114295303401));
#5308 = CARTESIAN_POINT('',(0.59909990928,14.288004445383));
#5309 = CARTESIAN_POINT('',(0.592458298539,14.463963537046));
#5310 = CARTESIAN_POINT('',(0.58795545649,14.641568705979));
#5311 = CARTESIAN_POINT('',(0.585685543457,14.82037220524));
#5312 = CARTESIAN_POINT('',(0.585685543457,15.));
#5313 = ( GEOMETRIC_REPRESENTATION_CONTEXT(2) 
PARAMETRIC_REPRESENTATION_CONTEXT() REPRESENTATION_CONTEXT('2D SPACE',''
  ) );
#5314 = ORIENTED_EDGE('',*,*,#4909,.F.);
#5315 = ORIENTED_EDGE('',*,*,#3872,.T.);
#5316 = ADVANCED_FACE('',(#5317),#4369,.T.);
#5317 = FACE_BOUND('',#5318,.T.);
#5318 = EDGE_LOOP('',(#5319,#5320,#5343,#5370));
#5319 = ORIENTED_EDGE('',*,*,#4043,.F.);
#5320 = ORIENTED_EDGE('',*,*,#5321,.F.);
#5321 = EDGE_CURVE('',#5322,#4044,#5324,.T.);
#5322 = VERTEX_POINT('',#5323);
#5323 = CARTESIAN_POINT('',(751.1,-150.,1.55E+03));
#5324 = SEAM_CURVE('',#5325,(#5329,#5336),.PCURVE_S1.);
#5325 = LINE('',#5326,#5327);
#5326 = CARTESIAN_POINT('',(751.1,-150.,1.55E+03));
#5327 = VECTOR('',#5328,1.);
#5328 = DIRECTION('',(0.,-1.,2.22044604925E-16));
#5329 = PCURVE('',#4369,#5330);
#5330 = DEFINITIONAL_REPRESENTATION('',(#5331),#5335);
#5331 = LINE('',#5332,#5333);
#5332 = CARTESIAN_POINT('',(6.28318530718,-0.));
#5333 = VECTOR('',#5334,1.);
#5334 = DIRECTION('',(0.,1.));
#5335 = ( GEOMETRIC_REPRESENTATION_CONTEXT(2) 
PARAMETRIC_REPRESENTATION_CONTEXT() REPRESENTATION_CONTEXT('2D SPACE',''
  ) );
#5336 = PCURVE('',#4369,#5337);
#5337 = DEFINITIONAL_REPRESENTATION('',(#5338),#5342);
#5338 = LINE('',#5339,#5340);
#5339 = CARTESIAN_POINT('',(0.,-0.));
#5340 = VECTOR('',#5341,1.);
#5341 = DIRECTION('',(0.,1.));
#5342 = ( GEOMETRIC_REPRESENTATION_CONTEXT(2) 
PARAMETRIC_REPRESENTATION_CONTEXT() REPRESENTATION_CONTEXT('2D SPACE',''
  ) );
#5343 = ORIENTED_EDGE('',*,*,#5344,.T.);
#5344 = EDGE_CURVE('',#5322,#5322,#5345,.T.);
#5345 = SURFACE_CURVE('',#5346,(#5351,#5358),.PCURVE_S1.);
#5346 = CIRCLE('',#5347,21.1);
#5347 = AXIS2_PLACEMENT_3D('',#5348,#5349,#5350);
#5348 = CARTESIAN_POINT('',(730.,-150.,1.55E+03));
#5349 = DIRECTION('',(0.,-1.,2.22044604925E-16));
#5350 = DIRECTION('',(1.,0.,0.));
#5351 = PCURVE('',#4369,#5352);
#5352 = DEFINITIONAL_REPRESENTATION('',(#5353),#5357);
#5353 = LINE('',#5354,#5355);
#5354 = CARTESIAN_POINT('',(0.,0.));
#5355 = VECTOR('',#5356,1.);
#5356 = DIRECTION('',(1.,0.));
#5357 = ( GEOMETRIC_REPRESENTATION_CONTEXT(2) 
PARAMETRIC_REPRESENTATION_CONTEXT() REPRESENTATION_CONTEXT('2D SPACE',''
  ) );
#5358 = PCURVE('',#5359,#5364);
#5359 = PLANE('',#5360);
#5360 = AXIS2_PLACEMENT_3D('',#5361,#5362,#5363);
#5361 = CARTESIAN_POINT('',(730.,-150.,1.55E+03));
#5362 = DIRECTION('',(0.,-1.,2.22044604925E-16));
#5363 = DIRECTION('',(1.,0.,0.));
#5364 = DEFINITIONAL_REPRESENTATION('',(#5365),#5369);
#5365 = CIRCLE('',#5366,21.1);
#5366 = AXIS2_PLACEMENT_2D('',#5367,#5368);
#5367 = CARTESIAN_POINT('',(0.,0.));
#5368 = DIRECTION('',(1.,0.));
#5369 = ( GEOMETRIC_REPRESENTATION_CONTEXT(2) 
PARAMETRIC_REPRESENTATION_CONTEXT() REPRESENTATION_CONTEXT('2D SPACE',''
  ) );
#5370 = ORIENTED_EDGE('',*,*,#5321,.T.);
#5371 = ADVANCED_FACE('',(#5372),#4648,.T.);
#5372 = FACE_BOUND('',#5373,.T.);
#5373 = EDGE_LOOP('',(#5374,#5397,#5775,#5776));
#5374 = ORIENTED_EDGE('',*,*,#5375,.T.);
#5375 = EDGE_CURVE('',#4539,#5376,#5378,.T.);
#5376 = VERTEX_POINT('',#5377);
#5377 = CARTESIAN_POINT('',(735.,-282.9833752096,1.645E+03));
#5378 = SEAM_CURVE('',#5379,(#5383,#5390),.PCURVE_S1.);
#5379 = LINE('',#5380,#5381);
#5380 = CARTESIAN_POINT('',(735.,-273.3,1.645E+03));
#5381 = VECTOR('',#5382,1.);
#5382 = DIRECTION('',(0.,-1.,2.22044604925E-16));
#5383 = PCURVE('',#4648,#5384);
#5384 = DEFINITIONAL_REPRESENTATION('',(#5385),#5389);
#5385 = LINE('',#5386,#5387);
#5386 = CARTESIAN_POINT('',(6.28318530718,-0.));
#5387 = VECTOR('',#5388,1.);
#5388 = DIRECTION('',(0.,1.));
#5389 = ( GEOMETRIC_REPRESENTATION_CONTEXT(2) 
PARAMETRIC_REPRESENTATION_CONTEXT() REPRESENTATION_CONTEXT('2D SPACE',''
  ) );
#5390 = PCURVE('',#4648,#5391);
#5391 = DEFINITIONAL_REPRESENTATION('',(#5392),#5396);
#5392 = LINE('',#5393,#5394);
#5393 = CARTESIAN_POINT('',(0.,-0.));
#5394 = VECTOR('',#5395,1.);
#5395 = DIRECTION('',(0.,1.));
#5396 = ( GEOMETRIC_REPRESENTATION_CONTEXT(2) 
PARAMETRIC_REPRESENTATION_CONTEXT() REPRESENTATION_CONTEXT('2D SPACE',''
  ) );
#5397 = ORIENTED_EDGE('',*,*,#5398,.F.);
#5398 = EDGE_CURVE('',#5376,#5376,#5399,.T.);
#5399 = SURFACE_CURVE('',#5400,(#5523,#5649),.PCURVE_S1.);
#5400 = B_SPLINE_CURVE_WITH_KNOTS('',7,(#5401,#5402,#5403,#5404,#5405,
    #5406,#5407,#5408,#5409,#5410,#5411,#5412,#5413,#5414,#5415,#5416,
    #5417,#5418,#5419,#5420,#5421,#5422,#5423,#5424,#5425,#5426,#5427,
    #5428,#5429,#5430,#5431,#5432,#5433,#5434,#5435,#5436,#5437,#5438,
    #5439,#5440,#5441,#5442,#5443,#5444,#5445,#5446,#5447,#5448,#5449,
    #5450,#5451,#5452,#5453,#5454,#5455,#5456,#5457,#5458,#5459,#5460,
    #5461,#5462,#5463,#5464,#5465,#5466,#5467,#5468,#5469,#5470,#5471,
    #5472,#5473,#5474,#5475,#5476,#5477,#5478,#5479,#5480,#5481,#5482,
    #5483,#5484,#5485,#5486,#5487,#5488,#5489,#5490,#5491,#5492,#5493,
    #5494,#5495,#5496,#5497,#5498,#5499,#5500,#5501,#5502,#5503,#5504,
    #5505,#5506,#5507,#5508,#5509,#5510,#5511,#5512,#5513,#5514,#5515,
    #5516,#5517,#5518,#5519,#5520,#5521,#5522),.UNSPECIFIED.,.T.,.F.,(8,
    6,6,6,6,6,6,6,6,6,6,6,6,6,6,6,6,6,6,6,8),(0.,4.334998814515E-02,
    0.106576448995,0.175722685082,0.220934341946,0.27247262314,
    0.300922114548,0.326852969487,0.396094229039,0.459053167117,
    0.501224114142,0.544362358659,0.60727998897,0.676088480068,
    0.721079300956,0.772365843827,0.800676373922,0.826480569807,
    0.89538362098,0.958035036628,1.),.UNSPECIFIED.);
#5401 = CARTESIAN_POINT('',(735.,-282.9833752096,1.645E+03));
#5402 = CARTESIAN_POINT('',(735.,-282.9833752096,1.645183748013E+03));
#5403 = CARTESIAN_POINT('',(734.99212197656,-282.9714989633,
    1.645366584753E+03));
#5404 = CARTESIAN_POINT('',(734.9765060944,-282.9479560788,
    1.645548133843E+03));
#5405 = CARTESIAN_POINT('',(734.9533117424,-282.9133762803,
    1.645727936386E+03));
#5406 = CARTESIAN_POINT('',(734.92275404959,-282.8688143725,
    1.645905362198E+03));
#5407 = CARTESIAN_POINT('',(734.88521572301,-282.8157265911,
    1.646079525587E+03));
#5408 = CARTESIAN_POINT('',(734.77757835846,-282.6686873102,
    1.646496686051E+03));
#5409 = CARTESIAN_POINT('',(734.69994738013,-282.5664856538,
    1.646736545888E+03));
#5410 = CARTESIAN_POINT('',(734.60929930574,-282.4529396125,
    1.646969227891E+03));
#5411 = CARTESIAN_POINT('',(734.50604763316,-282.3312171929,
    1.64719493146E+03));
#5412 = CARTESIAN_POINT('',(734.39037210803,-282.2037527761,
    1.647413868637E+03));
#5413 = CARTESIAN_POINT('',(734.2620394346,-282.0723460345,
    1.64762633783E+03));
#5414 = CARTESIAN_POINT('',(733.96521294818,-281.7919426789,
    1.648058102975E+03));
#5415 = CARTESIAN_POINT('',(733.7944944795,-281.6428390089,
    1.648275578535E+03));
#5416 = CARTESIAN_POINT('',(733.60713592054,-281.4928962287,
    1.648485497789E+03));
#5417 = CARTESIAN_POINT('',(733.40172950067,-281.3436777865,
    1.648687666819E+03));
#5418 = CARTESIAN_POINT('',(733.17660241954,-281.1970453008,
    1.648881133333E+03));
#5419 = CARTESIAN_POINT('',(732.93001504523,-281.0554287483,
    1.649064043471E+03));
#5420 = CARTESIAN_POINT('',(732.48402331347,-280.8348077677,
    1.649344306098E+03));
#5421 = CARTESIAN_POINT('',(732.29720651689,-280.7507894527,
    1.649449751285E+03));
#5422 = CARTESIAN_POINT('',(732.09966271869,-280.6710852,
    1.649548739679E+03));
#5423 = CARTESIAN_POINT('',(731.8912245045,-280.5969094729,
    1.649640055727E+03));
#5424 = CARTESIAN_POINT('',(731.67181902778,-280.5295838813,
    1.649722352512E+03));
#5425 = CARTESIAN_POINT('',(731.44149592665,-280.4705392292,
    1.64979413643E+03));
#5426 = CARTESIAN_POINT('',(730.92568489364,-280.3652081343,
    1.649921709506E+03));
#5427 = CARTESIAN_POINT('',(730.63586801208,-280.3216337894,
    1.649974131666E+03));
#5428 = CARTESIAN_POINT('',(730.33598836999,-280.294066422,
    1.65000711901E+03));
#5429 = CARTESIAN_POINT('',(730.03122478752,-280.2845528992,
    1.65001848743E+03));
#5430 = CARTESIAN_POINT('',(729.72687194712,-280.2936141888,
    1.650007685814E+03));
#5431 = CARTESIAN_POINT('',(729.42821450511,-280.3202289877,
    1.649975786244E+03));
#5432 = CARTESIAN_POINT('',(728.98145376321,-280.3849055647,
    1.649897814013E+03));
#5433 = CARTESIAN_POINT('',(728.82599535205,-280.4124756615,
    1.649864519414E+03));
#5434 = CARTESIAN_POINT('',(728.67426168247,-280.4442588124,
    1.649826047021E+03));
#5435 = CARTESIAN_POINT('',(728.52651386002,-280.4798767095,
    1.649782801471E+03));
#5436 = CARTESIAN_POINT('',(728.38299151136,-280.5189281463,
    1.649735209462E+03));
#5437 = CARTESIAN_POINT('',(728.24391261737,-280.5609910969,
    1.64968372138E+03));
#5438 = CARTESIAN_POINT('',(727.98693599766,-280.6463070678,
    1.649578765496E+03));
#5439 = CARTESIAN_POINT('',(727.8681056962,-280.6891740047,
    1.649525816383E+03));
#5440 = CARTESIAN_POINT('',(727.7529266255,-280.733974851,
    1.649470222759E+03));
#5441 = CARTESIAN_POINT('',(727.6413342264,-280.7804776247,
    1.649412218174E+03));
#5442 = CARTESIAN_POINT('',(727.53325542068,-280.828468989,
    1.649352012517E+03));
#5443 = CARTESIAN_POINT('',(727.42860883484,-280.8777541233,
    1.649289791985E+03));
#5444 = CARTESIAN_POINT('',(727.05680089,-281.0627426182,
    1.649054629824E+03));
#5445 = CARTESIAN_POINT('',(726.80961128006,-281.2055543561,
    1.648870003409E+03));
#5446 = CARTESIAN_POINT('',(726.58408520164,-281.3533483839,
    1.648674759983E+03));
#5447 = CARTESIAN_POINT('',(726.37845582613,-281.5036665212,
    1.648470759878E+03));
#5448 = CARTESIAN_POINT('',(726.19103095136,-281.6546237483,
    1.648258946397E+03));
#5449 = CARTESIAN_POINT('',(726.02039618409,-281.8046262418,
    1.648039494796E+03));
#5450 = CARTESIAN_POINT('',(725.72482861314,-282.0856629709,
    1.647604910411E+03));
#5451 = CARTESIAN_POINT('',(725.5974829748,-282.2168704512,
    1.647391676006E+03));
#5452 = CARTESIAN_POINT('',(725.48279222955,-282.3440041244,
    1.647171937198E+03));
#5453 = CARTESIAN_POINT('',(725.38055100485,-282.465224088,
    1.646945398846E+03));
#5454 = CARTESIAN_POINT('',(725.29096118264,-282.578044812,
    1.646711855945E+03));
#5455 = CARTESIAN_POINT('',(725.21445296817,-282.6792477314,
    1.646471111066E+03));
#5456 = CARTESIAN_POINT('',(725.10984445134,-282.8227235057,
    1.646056325268E+03));
#5457 = CARTESIAN_POINT('',(725.07389967265,-282.8736975863,
    1.645885704697E+03));
#5458 = CARTESIAN_POINT('',(725.04465313173,-282.91641082,
    1.645711995555E+03));
#5459 = CARTESIAN_POINT('',(725.02246211343,-282.9495116696,
    1.645536036463E+03));
#5460 = CARTESIAN_POINT('',(725.00752869461,-282.9720255507,
    1.645358431294E+03));
#5461 = CARTESIAN_POINT('',(725.,-282.9833752096,1.645179627795E+03));
#5462 = CARTESIAN_POINT('',(725.,-282.9833752096,1.644816251987E+03));
#5463 = CARTESIAN_POINT('',(725.00787802343,-282.9714989633,
    1.644633415247E+03));
#5464 = CARTESIAN_POINT('',(725.02349390559,-282.9479560788,
    1.644451866157E+03));
#5465 = CARTESIAN_POINT('',(725.04668825759,-282.9133762803,
    1.644272063614E+03));
#5466 = CARTESIAN_POINT('',(725.0772459504,-282.8688143725,
    1.644094637802E+03));
#5467 = CARTESIAN_POINT('',(725.11478427698,-282.8157265911,
    1.643920474413E+03));
#5468 = CARTESIAN_POINT('',(725.22242164153,-282.6686873102,
    1.643503313949E+03));
#5469 = CARTESIAN_POINT('',(725.30005261987,-282.5664856538,
    1.643263454112E+03));
#5470 = CARTESIAN_POINT('',(725.39070069425,-282.4529396125,
    1.643030772109E+03));
#5471 = CARTESIAN_POINT('',(725.49395236683,-282.3312171929,
    1.64280506854E+03));
#5472 = CARTESIAN_POINT('',(725.60962789196,-282.2037527761,
    1.642586131363E+03));
#5473 = CARTESIAN_POINT('',(725.73796056539,-282.0723460345,
    1.64237366217E+03));
#5474 = CARTESIAN_POINT('',(726.03478705356,-281.7919426772,
    1.641941897022E+03));
#5475 = CARTESIAN_POINT('',(726.20550551691,-281.6428390128,
    1.641724421471E+03));
#5476 = CARTESIAN_POINT('',(726.3928640798,-281.4928962262,
    1.641514502206E+03));
#5477 = CARTESIAN_POINT('',(726.59827050545,-281.3436777846,
    1.641312333179E+03));
#5478 = CARTESIAN_POINT('',(726.82339757318,-281.1970453042,
    1.641118866671E+03));
#5479 = CARTESIAN_POINT('',(727.06998495771,-281.0554287469,
    1.640935956527E+03));
#5480 = CARTESIAN_POINT('',(727.51597668651,-280.8348077677,
    1.640655693902E+03));
#5481 = CARTESIAN_POINT('',(727.7027934831,-280.7507894527,
    1.640550248715E+03));
#5482 = CARTESIAN_POINT('',(727.90033728131,-280.6710852,
    1.640451260321E+03));
#5483 = CARTESIAN_POINT('',(728.1087754955,-280.5969094729,
    1.640359944273E+03));
#5484 = CARTESIAN_POINT('',(728.32818097222,-280.5295838813,
    1.640277647488E+03));
#5485 = CARTESIAN_POINT('',(728.55850407334,-280.4705392292,
    1.64020586357E+03));
#5486 = CARTESIAN_POINT('',(729.07431510635,-280.3652081343,
    1.640078290494E+03));
#5487 = CARTESIAN_POINT('',(729.36413198791,-280.3216337894,
    1.640025868334E+03));
#5488 = CARTESIAN_POINT('',(729.66401163,-280.294066422,
    1.63999288099E+03));
#5489 = CARTESIAN_POINT('',(729.96877521247,-280.2845528992,
    1.63998151257E+03));
#5490 = CARTESIAN_POINT('',(730.27312805287,-280.2936141888,
    1.639992314186E+03));
#5491 = CARTESIAN_POINT('',(730.57178549488,-280.3202289877,
    1.640024213756E+03));
#5492 = CARTESIAN_POINT('',(731.01854623678,-280.3849055647,
    1.640102185987E+03));
#5493 = CARTESIAN_POINT('',(731.17400464794,-280.4124756615,
    1.640135480586E+03));
#5494 = CARTESIAN_POINT('',(731.32573831752,-280.4442588124,
    1.640173952979E+03));
#5495 = CARTESIAN_POINT('',(731.47348613997,-280.4798767095,
    1.640217198529E+03));
#5496 = CARTESIAN_POINT('',(731.61700848863,-280.5189281463,
    1.640264790538E+03));
#5497 = CARTESIAN_POINT('',(731.75608738262,-280.5609910969,
    1.64031627862E+03));
#5498 = CARTESIAN_POINT('',(732.01306400234,-280.6463070678,
    1.640421234504E+03));
#5499 = CARTESIAN_POINT('',(732.13189430379,-280.6891740047,
    1.640474183617E+03));
#5500 = CARTESIAN_POINT('',(732.24707337449,-280.733974851,
    1.640529777241E+03));
#5501 = CARTESIAN_POINT('',(732.35866577359,-280.7804776247,
    1.640587781826E+03));
#5502 = CARTESIAN_POINT('',(732.46674457932,-280.828468989,
    1.640647987483E+03));
#5503 = CARTESIAN_POINT('',(732.57139116515,-280.8777541233,
    1.640710208015E+03));
#5504 = CARTESIAN_POINT('',(732.94319910999,-281.0627426182,
    1.640945370176E+03));
#5505 = CARTESIAN_POINT('',(733.19038871994,-281.2055543561,
    1.641129996591E+03));
#5506 = CARTESIAN_POINT('',(733.41591479835,-281.3533483839,
    1.641325240017E+03));
#5507 = CARTESIAN_POINT('',(733.62154417386,-281.5036665212,
    1.641529240122E+03));
#5508 = CARTESIAN_POINT('',(733.80896904863,-281.6546237483,
    1.641741053603E+03));
#5509 = CARTESIAN_POINT('',(733.9796038159,-281.8046262418,
    1.641960505204E+03));
#5510 = CARTESIAN_POINT('',(734.27517138685,-282.0856629709,
    1.642395089589E+03));
#5511 = CARTESIAN_POINT('',(734.40251702519,-282.2168704512,
    1.642608323994E+03));
#5512 = CARTESIAN_POINT('',(734.51720777044,-282.3440041244,
    1.642828062802E+03));
#5513 = CARTESIAN_POINT('',(734.61944899514,-282.465224088,
    1.643054601154E+03));
#5514 = CARTESIAN_POINT('',(734.70903881735,-282.578044812,
    1.643288144055E+03));
#5515 = CARTESIAN_POINT('',(734.78554703182,-282.6792477314,
    1.643528888934E+03));
#5516 = CARTESIAN_POINT('',(734.89015554866,-282.8227235057,
    1.643943674732E+03));
#5517 = CARTESIAN_POINT('',(734.92610032734,-282.8736975863,
    1.644114295303E+03));
#5518 = CARTESIAN_POINT('',(734.95534686826,-282.91641082,
    1.644288004445E+03));
#5519 = CARTESIAN_POINT('',(734.97753788656,-282.9495116696,
    1.644463963537E+03));
#5520 = CARTESIAN_POINT('',(734.99247130538,-282.9720255507,
    1.644641568706E+03));
#5521 = CARTESIAN_POINT('',(735.,-282.9833752096,1.644820372205E+03));
#5522 = CARTESIAN_POINT('',(735.,-282.9833752096,1.645E+03));
#5523 = PCURVE('',#4648,#5524);
#5524 = DEFINITIONAL_REPRESENTATION('',(#5525),#5648);
#5525 = B_SPLINE_CURVE_WITH_KNOTS('',7,(#5526,#5527,#5528,#5529,#5530,
    #5531,#5532,#5533,#5534,#5535,#5536,#5537,#5538,#5539,#5540,#5541,
    #5542,#5543,#5544,#5545,#5546,#5547,#5548,#5549,#5550,#5551,#5552,
    #5553,#5554,#5555,#5556,#5557,#5558,#5559,#5560,#5561,#5562,#5563,
    #5564,#5565,#5566,#5567,#5568,#5569,#5570,#5571,#5572,#5573,#5574,
    #5575,#5576,#5577,#5578,#5579,#5580,#5581,#5582,#5583,#5584,#5585,
    #5586,#5587,#5588,#5589,#5590,#5591,#5592,#5593,#5594,#5595,#5596,
    #5597,#5598,#5599,#5600,#5601,#5602,#5603,#5604,#5605,#5606,#5607,
    #5608,#5609,#5610,#5611,#5612,#5613,#5614,#5615,#5616,#5617,#5618,
    #5619,#5620,#5621,#5622,#5623,#5624,#5625,#5626,#5627,#5628,#5629,
    #5630,#5631,#5632,#5633,#5634,#5635,#5636,#5637,#5638,#5639,#5640,
    #5641,#5642,#5643,#5644,#5645,#5646,#5647),.UNSPECIFIED.,.F.,.F.,(8,
    6,6,6,6,6,6,6,6,6,6,6,6,6,6,6,6,6,6,6,8),(0.,4.334998814515E-02,
    0.106576448995,0.175722685082,0.220934341946,0.27247262314,
    0.300922114548,0.326852969487,0.396094229039,0.459053167117,
    0.501224114142,0.544362358659,0.60727998897,0.676088480068,
    0.721079300956,0.772365843827,0.800676373922,0.826480569807,
    0.89538362098,0.958035036628,1.),.UNSPECIFIED.);
#5526 = CARTESIAN_POINT('',(0.,9.683375209645));
#5527 = CARTESIAN_POINT('',(3.674960264797E-02,9.683375209645));
#5528 = CARTESIAN_POINT('',(7.331689328971E-02,9.671498963338));
#5529 = CARTESIAN_POINT('',(0.109707978515,9.647956078855));
#5530 = CARTESIAN_POINT('',(0.145907774879,9.613376280352));
#5531 = CARTESIAN_POINT('',(0.181865006022,9.56881437253));
#5532 = CARTESIAN_POINT('',(0.217468699511,9.515726591139));
#5533 = CARTESIAN_POINT('',(0.303633345392,9.368687310267));
#5534 = CARTESIAN_POINT('',(0.353963068691,9.266485653877));
#5535 = CARTESIAN_POINT('',(0.403771242611,9.152939612572));
#5536 = CARTESIAN_POINT('',(0.453264241922,9.031217192921));
#5537 = CARTESIAN_POINT('',(0.502658630512,8.903752776109));
#5538 = CARTESIAN_POINT('',(0.552216205076,8.772346034579));
#5539 = CARTESIAN_POINT('',(0.657006873348,8.491942678912));
#5540 = CARTESIAN_POINT('',(0.712191980839,8.342839008923));
#5541 = CARTESIAN_POINT('',(0.768285029836,8.192896228723));
#5542 = CARTESIAN_POINT('',(0.82570098435,8.043677786518));
#5543 = CARTESIAN_POINT('',(0.88483368497,7.89704530082));
#5544 = CARTESIAN_POINT('',(0.946055007447,7.755428748396));
#5545 = CARTESIAN_POINT('',(1.051403147336,7.534807767705));
#5546 = CARTESIAN_POINT('',(1.09425928479,7.450789452754));
#5547 = CARTESIAN_POINT('',(1.138363592029,7.371085200094));
#5548 = CARTESIAN_POINT('',(1.183762731693,7.296909472944));
#5549 = CARTESIAN_POINT('',(1.230511505203,7.229583881345));
#5550 = CARTESIAN_POINT('',(1.278675991422,7.1705392292));
#5551 = CARTESIAN_POINT('',(1.384946572785,7.065208134304));
#5552 = CARTESIAN_POINT('',(1.443731824042,7.021633789484));
#5553 = CARTESIAN_POINT('',(1.503833535967,6.994066422033));
#5554 = CARTESIAN_POINT('',(1.564541241817,6.984552899248));
#5555 = CARTESIAN_POINT('',(1.625202690564,6.993614188804));
#5556 = CARTESIAN_POINT('',(1.68514167702,7.02022898776));
#5557 = CARTESIAN_POINT('',(1.775844450822,7.084905564742));
#5558 = CARTESIAN_POINT('',(1.80761803069,7.112475661531));
#5559 = CARTESIAN_POINT('',(1.83889060271,7.144258812437));
#5560 = CARTESIAN_POINT('',(1.869644258039,7.179876709525));
#5561 = CARTESIAN_POINT('',(1.899856775037,7.218928146313));
#5562 = CARTESIAN_POINT('',(1.929501155677,7.26099109695));
#5563 = CARTESIAN_POINT('',(1.985017899305,7.346307067806));
#5564 = CARTESIAN_POINT('',(2.011023706188,7.389174004736));
#5565 = CARTESIAN_POINT('',(2.036583732676,7.433974851001));
#5566 = CARTESIAN_POINT('',(2.061717817687,7.480477624748));
#5567 = CARTESIAN_POINT('',(2.08644522037,7.528468989021));
#5568 = CARTESIAN_POINT('',(2.110785351488,7.577754123332));
#5569 = CARTESIAN_POINT('',(2.198772257304,7.762742618219));
#5570 = CARTESIAN_POINT('',(2.26029241696,7.905554356128));
#5571 = CARTESIAN_POINT('',(2.319714277766,8.053348383959));
#5572 = CARTESIAN_POINT('',(2.377416015049,8.203666521276));
#5573 = CARTESIAN_POINT('',(2.433798189482,8.354623748329));
#5574 = CARTESIAN_POINT('',(2.489282456846,8.504626241862));
#5575 = CARTESIAN_POINT('',(2.594396447522,8.785662970931));
#5576 = CARTESIAN_POINT('',(2.643983580908,8.916870451241));
#5577 = CARTESIAN_POINT('',(2.693428032821,9.044004124404));
#5578 = CARTESIAN_POINT('',(2.742988784464,9.16522408804));
#5579 = CARTESIAN_POINT('',(2.792880513296,9.278044812035));
#5580 = CARTESIAN_POINT('',(2.843309534008,9.379247731487));
#5581 = CARTESIAN_POINT('',(2.928864241541,9.522723505782));
#5582 = CARTESIAN_POINT('',(2.963710257303,9.573697586341));
#5583 = CARTESIAN_POINT('',(2.998893866828,9.616410820095));
#5584 = CARTESIAN_POINT('',(3.034309498768,9.649511669662));
#5585 = CARTESIAN_POINT('',(3.069906445781,9.672025550764));
#5586 = CARTESIAN_POINT('',(3.105667094638,9.683375209645));
#5587 = CARTESIAN_POINT('',(3.178342256238,9.683375209645));
#5588 = CARTESIAN_POINT('',(3.214909546879,9.671498963338));
#5589 = CARTESIAN_POINT('',(3.251300632105,9.647956078855));
#5590 = CARTESIAN_POINT('',(3.287500428468,9.613376280352));
#5591 = CARTESIAN_POINT('',(3.323457659612,9.56881437253));
#5592 = CARTESIAN_POINT('',(3.359061353101,9.515726591139));
#5593 = CARTESIAN_POINT('',(3.445225998982,9.368687310267));
#5594 = CARTESIAN_POINT('',(3.495555722281,9.266485653876));
#5595 = CARTESIAN_POINT('',(3.545363896201,9.152939612573));
#5596 = CARTESIAN_POINT('',(3.594856895512,9.03121719292));
#5597 = CARTESIAN_POINT('',(3.644251284102,8.903752776109));
#5598 = CARTESIAN_POINT('',(3.693808858666,8.77234603458));
#5599 = CARTESIAN_POINT('',(3.798599527556,8.491942677258));
#5600 = CARTESIAN_POINT('',(3.853784633045,8.342839012807));
#5601 = CARTESIAN_POINT('',(3.90987768411,8.192896226202));
#5602 = CARTESIAN_POINT('',(3.967293639066,8.04367778468));
#5603 = CARTESIAN_POINT('',(4.026426336909,7.897045304204));
#5604 = CARTESIAN_POINT('',(4.087647661735,7.755428746934));
#5605 = CARTESIAN_POINT('',(4.192995800924,7.534807767707));
#5606 = CARTESIAN_POINT('',(4.235851938379,7.450789452754));
#5607 = CARTESIAN_POINT('',(4.279956245619,7.371085200093));
#5608 = CARTESIAN_POINT('',(4.325355385284,7.296909472943));
#5609 = CARTESIAN_POINT('',(4.372104158793,7.229583881345));
#5610 = CARTESIAN_POINT('',(4.420268645011,7.170539229201));
#5611 = CARTESIAN_POINT('',(4.526539226375,7.065208134304));
#5612 = CARTESIAN_POINT('',(4.585324477632,7.021633789484));
#5613 = CARTESIAN_POINT('',(4.645426189557,6.994066422033));
#5614 = CARTESIAN_POINT('',(4.706133895406,6.984552899248));
#5615 = CARTESIAN_POINT('',(4.766795344154,6.993614188804));
#5616 = CARTESIAN_POINT('',(4.82673433061,7.02022898776));
#5617 = CARTESIAN_POINT('',(4.917437104411,7.084905564742));
#5618 = CARTESIAN_POINT('',(4.949210684279,7.112475661531));
#5619 = CARTESIAN_POINT('',(4.9804832563,7.144258812437));
#5620 = CARTESIAN_POINT('',(5.011236911629,7.179876709525));
#5621 = CARTESIAN_POINT('',(5.041449428627,7.218928146313));
#5622 = CARTESIAN_POINT('',(5.071093809267,7.26099109695));
#5623 = CARTESIAN_POINT('',(5.126610552894,7.346307067806));
#5624 = CARTESIAN_POINT('',(5.152616359778,7.389174004736));
#5625 = CARTESIAN_POINT('',(5.178176386266,7.433974851001));
#5626 = CARTESIAN_POINT('',(5.203310471277,7.480477624748));
#5627 = CARTESIAN_POINT('',(5.22803787396,7.528468989021));
#5628 = CARTESIAN_POINT('',(5.252378005078,7.577754123332));
#5629 = CARTESIAN_POINT('',(5.340364910893,7.762742618218));
#5630 = CARTESIAN_POINT('',(5.40188507055,7.905554356129));
#5631 = CARTESIAN_POINT('',(5.461306931356,8.053348383959));
#5632 = CARTESIAN_POINT('',(5.519008668638,8.203666521276));
#5633 = CARTESIAN_POINT('',(5.575390843072,8.354623748329));
#5634 = CARTESIAN_POINT('',(5.630875110436,8.504626241862));
#5635 = CARTESIAN_POINT('',(5.735989101112,8.785662970931));
#5636 = CARTESIAN_POINT('',(5.785576234498,8.916870451241));
#5637 = CARTESIAN_POINT('',(5.835020686411,9.044004124403));
#5638 = CARTESIAN_POINT('',(5.884581438053,9.165224088041));
#5639 = CARTESIAN_POINT('',(5.934473166885,9.278044812034));
#5640 = CARTESIAN_POINT('',(5.984902187598,9.379247731488));
#5641 = CARTESIAN_POINT('',(6.070456895131,9.522723505782));
#5642 = CARTESIAN_POINT('',(6.105302910893,9.573697586341));
#5643 = CARTESIAN_POINT('',(6.140486520418,9.616410820095));
#5644 = CARTESIAN_POINT('',(6.175902152358,9.649511669662));
#5645 = CARTESIAN_POINT('',(6.21149909937,9.672025550764));
#5646 = CARTESIAN_POINT('',(6.247259748228,9.683375209645));
#5647 = CARTESIAN_POINT('',(6.28318530718,9.683375209645));
#5648 = ( GEOMETRIC_REPRESENTATION_CONTEXT(2) 
PARAMETRIC_REPRESENTATION_CONTEXT() REPRESENTATION_CONTEXT('2D SPACE',''
  ) );
#5649 = PCURVE('',#5184,#5650);
#5650 = DEFINITIONAL_REPRESENTATION('',(#5651),#5774);
#5651 = B_SPLINE_CURVE_WITH_KNOTS('',7,(#5652,#5653,#5654,#5655,#5656,
    #5657,#5658,#5659,#5660,#5661,#5662,#5663,#5664,#5665,#5666,#5667,
    #5668,#5669,#5670,#5671,#5672,#5673,#5674,#5675,#5676,#5677,#5678,
    #5679,#5680,#5681,#5682,#5683,#5684,#5685,#5686,#5687,#5688,#5689,
    #5690,#5691,#5692,#5693,#5694,#5695,#5696,#5697,#5698,#5699,#5700,
    #5701,#5702,#5703,#5704,#5705,#5706,#5707,#5708,#5709,#5710,#5711,
    #5712,#5713,#5714,#5715,#5716,#5717,#5718,#5719,#5720,#5721,#5722,
    #5723,#5724,#5725,#5726,#5727,#5728,#5729,#5730,#5731,#5732,#5733,
    #5734,#5735,#5736,#5737,#5738,#5739,#5740,#5741,#5742,#5743,#5744,
    #5745,#5746,#5747,#5748,#5749,#5750,#5751,#5752,#5753,#5754,#5755,
    #5756,#5757,#5758,#5759,#5760,#5761,#5762,#5763,#5764,#5765,#5766,
    #5767,#5768,#5769,#5770,#5771,#5772,#5773),.UNSPECIFIED.,.T.,.F.,(8,
    6,6,6,6,6,6,6,6,6,6,6,6,6,6,6,6,6,6,6,8),(0.,4.334998814515E-02,
    0.106576448995,0.175722685082,0.220934341946,0.27247262314,
    0.300922114548,0.326852969487,0.396094229039,0.459053167117,
    0.501224114142,0.544362358659,0.60727998897,0.676088480068,
    0.721079300956,0.772365843827,0.800676373922,0.826480569807,
    0.89538362098,0.958035036628,1.),.UNSPECIFIED.);
#5652 = CARTESIAN_POINT('',(0.585685543457,985.));
#5653 = CARTESIAN_POINT('',(0.585685543457,985.18374801324));
#5654 = CARTESIAN_POINT('',(0.588060770889,985.36658475346));
#5655 = CARTESIAN_POINT('',(0.592769424394,985.548133843));
#5656 = CARTESIAN_POINT('',(0.599708854356,985.72793638582));
#5657 = CARTESIAN_POINT('',(0.608713283784,985.90536219822));
#5658 = CARTESIAN_POINT('',(0.619548233178,986.07952558689));
#5659 = CARTESIAN_POINT('',(0.649919250231,986.49668605092));
#5660 = CARTESIAN_POINT('',(0.671306281415,986.73654588823));
#5661 = CARTESIAN_POINT('',(0.695510000857,986.96922789093));
#5662 = CARTESIAN_POINT('',(0.722089253498,987.19493145981));
#5663 = CARTESIAN_POINT('',(0.750748589809,987.41386863669));
#5664 = CARTESIAN_POINT('',(0.78133648371,987.62633782964));
#5665 = CARTESIAN_POINT('',(0.84939120126,988.05810297515));
#5666 = CARTESIAN_POINT('',(0.887139792975,988.27557853527));
#5667 = CARTESIAN_POINT('',(0.927073886294,988.48549778903));
#5668 = CARTESIAN_POINT('',(0.969299124195,988.68766681891));
#5669 = CARTESIAN_POINT('',(1.013972212795,988.881133333));
#5670 = CARTESIAN_POINT('',(1.061274680474,989.06404347148));
#5671 = CARTESIAN_POINT('',(1.144204075128,989.34430609769));
#5672 = CARTESIAN_POINT('',(1.178321017181,989.44975128534));
#5673 = CARTESIAN_POINT('',(1.213779429343,989.54873967892));
#5674 = CARTESIAN_POINT('',(1.250592818945,989.64005572693));
#5675 = CARTESIAN_POINT('',(1.288778452944,989.72235251182));
#5676 = CARTESIAN_POINT('',(1.328358465802,989.79413642968));
#5677 = CARTESIAN_POINT('',(1.416101091533,989.92170950601));
#5678 = CARTESIAN_POINT('',(1.464880508742,989.9741316662));
#5679 = CARTESIAN_POINT('',(1.514935073188,990.00711900979));
#5680 = CARTESIAN_POINT('',(1.565586301449,990.01848742977));
#5681 = CARTESIAN_POINT('',(1.616190067503,990.00768581417));
#5682 = CARTESIAN_POINT('',(1.666088536656,989.9757862444));
#5683 = CARTESIAN_POINT('',(1.741324871723,989.89781401293));
#5684 = CARTESIAN_POINT('',(1.767625634364,989.86451941377));
#5685 = CARTESIAN_POINT('',(1.793443939907,989.82604702137));
#5686 = CARTESIAN_POINT('',(1.818754112358,989.7828014706));
#5687 = CARTESIAN_POINT('',(1.843528307023,989.73520946182));
#5688 = CARTESIAN_POINT('',(1.867736331406,989.68372137964));
#5689 = CARTESIAN_POINT('',(1.912864481638,989.57876549607));
#5690 = CARTESIAN_POINT('',(1.933911859606,989.5258163831));
#5691 = CARTESIAN_POINT('',(1.954499514131,989.47022275857));
#5692 = CARTESIAN_POINT('',(1.974638570656,989.4122181736));
#5693 = CARTESIAN_POINT('',(1.994339777091,989.35201251662));
#5694 = CARTESIAN_POINT('',(2.013613914964,989.28979198537));
#5695 = CARTESIAN_POINT('',(2.082828133776,989.05462982424));
#5696 = CARTESIAN_POINT('',(2.130315812387,988.87000340877));
#5697 = CARTESIAN_POINT('',(2.1751492917,988.67475998325));
#5698 = CARTESIAN_POINT('',(2.217511652122,988.47075987794));
#5699 = CARTESIAN_POINT('',(2.257559735884,988.25894639707));
#5700 = CARTESIAN_POINT('',(2.295396454145,988.03949479551));
#5701 = CARTESIAN_POINT('',(2.363371496967,987.60491041141));
#5702 = CARTESIAN_POINT('',(2.393821133791,987.39167600644));
#5703 = CARTESIAN_POINT('',(2.42232985903,987.17193719822));
#5704 = CARTESIAN_POINT('',(2.448736855125,986.94539884607));
#5705 = CARTESIAN_POINT('',(2.472736550218,986.71185594489));
#5706 = CARTESIAN_POINT('',(2.49387807258,986.47111106579));
#5707 = CARTESIAN_POINT('',(2.52347172787,986.05632526838));
#5708 = CARTESIAN_POINT('',(2.533865877512,985.8857046966));
#5709 = CARTESIAN_POINT('',(2.542492744309,985.71199555461));
#5710 = CARTESIAN_POINT('',(2.549134355051,985.53603646295));
#5711 = CARTESIAN_POINT('',(2.5536371971,985.35843129402));
#5712 = CARTESIAN_POINT('',(2.555907110133,985.17962779476));
#5713 = CARTESIAN_POINT('',(2.555907110133,984.81625198676));
#5714 = CARTESIAN_POINT('',(2.553531882701,984.63341524653));
#5715 = CARTESIAN_POINT('',(2.548823229196,984.45186615699));
#5716 = CARTESIAN_POINT('',(2.541883799234,984.27206361417));
#5717 = CARTESIAN_POINT('',(2.532879369805,984.09463780177));
#5718 = CARTESIAN_POINT('',(2.522044420412,983.9204744131));
#5719 = CARTESIAN_POINT('',(2.491673403359,983.50331394907));
#5720 = CARTESIAN_POINT('',(2.470286372175,983.26345411176));
#5721 = CARTESIAN_POINT('',(2.446082652734,983.03077210906));
#5722 = CARTESIAN_POINT('',(2.419503400092,982.80506854018));
#5723 = CARTESIAN_POINT('',(2.390844063781,982.5861313633));
#5724 = CARTESIAN_POINT('',(2.36025616988,982.37366217035));
#5725 = CARTESIAN_POINT('',(2.292201451928,981.94189702229));
#5726 = CARTESIAN_POINT('',(2.254452861482,981.72442147081));
#5727 = CARTESIAN_POINT('',(2.214518767007,981.51450220646));
#5728 = CARTESIAN_POINT('',(2.172293528372,981.31233317947));
#5729 = CARTESIAN_POINT('',(2.127620442125,981.11886667111));
#5730 = CARTESIAN_POINT('',(2.080317972566,980.93595652666));
#5731 = CARTESIAN_POINT('',(1.997388578463,980.6556939023));
#5732 = CARTESIAN_POINT('',(1.963271636409,980.55024871465));
#5733 = CARTESIAN_POINT('',(1.927813224247,980.45126032107));
#5734 = CARTESIAN_POINT('',(1.890999834644,980.35994427306));
#5735 = CARTESIAN_POINT('',(1.852814200646,980.27764748817));
#5736 = CARTESIAN_POINT('',(1.813234187789,980.20586357031));
#5737 = CARTESIAN_POINT('',(1.725491562057,980.07829049398));
#5738 = CARTESIAN_POINT('',(1.676712144848,980.02586833379));
#5739 = CARTESIAN_POINT('',(1.626657580402,979.9928809902));
#5740 = CARTESIAN_POINT('',(1.576006352141,979.98151257022));
#5741 = CARTESIAN_POINT('',(1.525402586087,979.99231418583));
#5742 = CARTESIAN_POINT('',(1.475504116934,980.02421375559));
#5743 = CARTESIAN_POINT('',(1.400267781867,980.10218598706));
#5744 = CARTESIAN_POINT('',(1.373967019226,980.13548058622));
#5745 = CARTESIAN_POINT('',(1.348148713683,980.17395297862));
#5746 = CARTESIAN_POINT('',(1.322838541231,980.21719852939));
#5747 = CARTESIAN_POINT('',(1.298064346567,980.26479053817));
#5748 = CARTESIAN_POINT('',(1.273856322184,980.31627862035));
#5749 = CARTESIAN_POINT('',(1.228728171951,980.42123450392));
#5750 = CARTESIAN_POINT('',(1.207680793984,980.47418361689));
#5751 = CARTESIAN_POINT('',(1.187093139459,980.52977724143));
#5752 = CARTESIAN_POINT('',(1.166954082934,980.58778182639));
#5753 = CARTESIAN_POINT('',(1.147252876499,980.64798748337));
#5754 = CARTESIAN_POINT('',(1.127978738626,980.71020801462));
#5755 = CARTESIAN_POINT('',(1.058764519814,980.94537017575));
#5756 = CARTESIAN_POINT('',(1.011276841203,981.12999659122));
#5757 = CARTESIAN_POINT('',(0.96644336189,981.32524001674));
#5758 = CARTESIAN_POINT('',(0.924081001468,981.52924012205));
#5759 = CARTESIAN_POINT('',(0.884032917706,981.74105360292));
#5760 = CARTESIAN_POINT('',(0.846196199445,981.96050520448));
#5761 = CARTESIAN_POINT('',(0.778221156622,982.39508958858));
#5762 = CARTESIAN_POINT('',(0.747771519799,982.60832399355));
#5763 = CARTESIAN_POINT('',(0.71926279456,982.82806280177));
#5764 = CARTESIAN_POINT('',(0.692855798465,983.05460115392));
#5765 = CARTESIAN_POINT('',(0.668856103372,983.2881440551));
#5766 = CARTESIAN_POINT('',(0.64771458101,983.5288889342));
#5767 = CARTESIAN_POINT('',(0.61812092572,983.94367473161));
#5768 = CARTESIAN_POINT('',(0.607726776078,984.1142953034));
#5769 = CARTESIAN_POINT('',(0.599099909281,984.28800444538));
#5770 = CARTESIAN_POINT('',(0.592458298539,984.46396353704));
#5771 = CARTESIAN_POINT('',(0.58795545649,984.64156870597));
#5772 = CARTESIAN_POINT('',(0.585685543457,984.82037220524));
#5773 = CARTESIAN_POINT('',(0.585685543457,985.));
#5774 = ( GEOMETRIC_REPRESENTATION_CONTEXT(2) 
PARAMETRIC_REPRESENTATION_CONTEXT() REPRESENTATION_CONTEXT('2D SPACE',''
  ) );
#5775 = ORIENTED_EDGE('',*,*,#5375,.F.);
#5776 = ORIENTED_EDGE('',*,*,#4538,.T.);
#5777 = ADVANCED_FACE('',(#5778),#4856,.T.);
#5778 = FACE_BOUND('',#5779,.T.);
#5779 = EDGE_LOOP('',(#5780));
#5780 = ORIENTED_EDGE('',*,*,#4841,.T.);
#5781 = ADVANCED_FACE('',(#5782),#4894,.T.);
#5782 = FACE_BOUND('',#5783,.T.);
#5783 = EDGE_LOOP('',(#5784,#5813,#5834,#5835));
#5784 = ORIENTED_EDGE('',*,*,#5785,.F.);
#5785 = EDGE_CURVE('',#5786,#5786,#5788,.T.);
#5786 = VERTEX_POINT('',#5787);
#5787 = CARTESIAN_POINT('',(751.1,-217.15,2.3E+03));
#5788 = SURFACE_CURVE('',#5789,(#5794,#5801),.PCURVE_S1.);
#5789 = CIRCLE('',#5790,21.1);
#5790 = AXIS2_PLACEMENT_3D('',#5791,#5792,#5793);
#5791 = CARTESIAN_POINT('',(730.,-217.15,2.3E+03));
#5792 = DIRECTION('',(0.,0.,1.));
#5793 = DIRECTION('',(1.,0.,-0.));
#5794 = PCURVE('',#4894,#5795);
#5795 = DEFINITIONAL_REPRESENTATION('',(#5796),#5800);
#5796 = LINE('',#5797,#5798);
#5797 = CARTESIAN_POINT('',(0.,590.));
#5798 = VECTOR('',#5799,1.);
#5799 = DIRECTION('',(1.,0.));
#5800 = ( GEOMETRIC_REPRESENTATION_CONTEXT(2) 
PARAMETRIC_REPRESENTATION_CONTEXT() REPRESENTATION_CONTEXT('2D SPACE',''
  ) );
#5801 = PCURVE('',#5802,#5807);
#5802 = PLANE('',#5803);
#5803 = AXIS2_PLACEMENT_3D('',#5804,#5805,#5806);
#5804 = CARTESIAN_POINT('',(730.,-217.15,2.3E+03));
#5805 = DIRECTION('',(0.,0.,1.));
#5806 = DIRECTION('',(1.,0.,-0.));
#5807 = DEFINITIONAL_REPRESENTATION('',(#5808),#5812);
#5808 = CIRCLE('',#5809,21.1);
#5809 = AXIS2_PLACEMENT_2D('',#5810,#5811);
#5810 = CARTESIAN_POINT('',(0.,0.));
#5811 = DIRECTION('',(1.,0.));
#5812 = ( GEOMETRIC_REPRESENTATION_CONTEXT(2) 
PARAMETRIC_REPRESENTATION_CONTEXT() REPRESENTATION_CONTEXT('2D SPACE',''
  ) );
#5813 = ORIENTED_EDGE('',*,*,#5814,.F.);
#5814 = EDGE_CURVE('',#4878,#5786,#5815,.T.);
#5815 = SEAM_CURVE('',#5816,(#5820,#5827),.PCURVE_S1.);
#5816 = LINE('',#5817,#5818);
#5817 = CARTESIAN_POINT('',(751.1,-217.15,1.71E+03));
#5818 = VECTOR('',#5819,1.);
#5819 = DIRECTION('',(0.,0.,1.));
#5820 = PCURVE('',#4894,#5821);
#5821 = DEFINITIONAL_REPRESENTATION('',(#5822),#5826);
#5822 = LINE('',#5823,#5824);
#5823 = CARTESIAN_POINT('',(6.28318530718,-0.));
#5824 = VECTOR('',#5825,1.);
#5825 = DIRECTION('',(0.,1.));
#5826 = ( GEOMETRIC_REPRESENTATION_CONTEXT(2) 
PARAMETRIC_REPRESENTATION_CONTEXT() REPRESENTATION_CONTEXT('2D SPACE',''
  ) );
#5827 = PCURVE('',#4894,#5828);
#5828 = DEFINITIONAL_REPRESENTATION('',(#5829),#5833);
#5829 = LINE('',#5830,#5831);
#5830 = CARTESIAN_POINT('',(0.,-0.));
#5831 = VECTOR('',#5832,1.);
#5832 = DIRECTION('',(0.,1.));
#5833 = ( GEOMETRIC_REPRESENTATION_CONTEXT(2) 
PARAMETRIC_REPRESENTATION_CONTEXT() REPRESENTATION_CONTEXT('2D SPACE',''
  ) );
#5834 = ORIENTED_EDGE('',*,*,#4877,.T.);
#5835 = ORIENTED_EDGE('',*,*,#5814,.T.);
#5836 = ADVANCED_FACE('',(#5837,#5919,#5922),#5184,.T.);
#5837 = FACE_BOUND('',#5838,.T.);
#5838 = EDGE_LOOP('',(#5839,#5868,#5891,#5918));
#5839 = ORIENTED_EDGE('',*,*,#5840,.F.);
#5840 = EDGE_CURVE('',#5841,#5841,#5843,.T.);
#5841 = VERTEX_POINT('',#5842);
#5842 = CARTESIAN_POINT('',(736.,-286.3,1.66E+03));
#5843 = SURFACE_CURVE('',#5844,(#5849,#5856),.PCURVE_S1.);
#5844 = CIRCLE('',#5845,6.);
#5845 = AXIS2_PLACEMENT_3D('',#5846,#5847,#5848);
#5846 = CARTESIAN_POINT('',(730.,-286.3,1.66E+03));
#5847 = DIRECTION('',(0.,0.,1.));
#5848 = DIRECTION('',(1.,0.,-0.));
#5849 = PCURVE('',#5184,#5850);
#5850 = DEFINITIONAL_REPRESENTATION('',(#5851),#5855);
#5851 = LINE('',#5852,#5853);
#5852 = CARTESIAN_POINT('',(0.,1.E+03));
#5853 = VECTOR('',#5854,1.);
#5854 = DIRECTION('',(1.,0.));
#5855 = ( GEOMETRIC_REPRESENTATION_CONTEXT(2) 
PARAMETRIC_REPRESENTATION_CONTEXT() REPRESENTATION_CONTEXT('2D SPACE',''
  ) );
#5856 = PCURVE('',#5857,#5862);
#5857 = PLANE('',#5858);
#5858 = AXIS2_PLACEMENT_3D('',#5859,#5860,#5861);
#5859 = CARTESIAN_POINT('',(730.,-286.3,1.66E+03));
#5860 = DIRECTION('',(0.,0.,1.));
#5861 = DIRECTION('',(1.,0.,-0.));
#5862 = DEFINITIONAL_REPRESENTATION('',(#5863),#5867);
#5863 = CIRCLE('',#5864,6.);
#5864 = AXIS2_PLACEMENT_2D('',#5865,#5866);
#5865 = CARTESIAN_POINT('',(0.,0.));
#5866 = DIRECTION('',(1.,0.));
#5867 = ( GEOMETRIC_REPRESENTATION_CONTEXT(2) 
PARAMETRIC_REPRESENTATION_CONTEXT() REPRESENTATION_CONTEXT('2D SPACE',''
  ) );
#5868 = ORIENTED_EDGE('',*,*,#5869,.F.);
#5869 = EDGE_CURVE('',#5870,#5841,#5872,.T.);
#5870 = VERTEX_POINT('',#5871);
#5871 = CARTESIAN_POINT('',(736.,-286.3,660.));
#5872 = SEAM_CURVE('',#5873,(#5877,#5884),.PCURVE_S1.);
#5873 = LINE('',#5874,#5875);
#5874 = CARTESIAN_POINT('',(736.,-286.3,660.));
#5875 = VECTOR('',#5876,1.);
#5876 = DIRECTION('',(0.,0.,1.));
#5877 = PCURVE('',#5184,#5878);
#5878 = DEFINITIONAL_REPRESENTATION('',(#5879),#5883);
#5879 = LINE('',#5880,#5881);
#5880 = CARTESIAN_POINT('',(6.28318530718,-0.));
#5881 = VECTOR('',#5882,1.);
#5882 = DIRECTION('',(0.,1.));
#5883 = ( GEOMETRIC_REPRESENTATION_CONTEXT(2) 
PARAMETRIC_REPRESENTATION_CONTEXT() REPRESENTATION_CONTEXT('2D SPACE',''
  ) );
#5884 = PCURVE('',#5184,#5885);
#5885 = DEFINITIONAL_REPRESENTATION('',(#5886),#5890);
#5886 = LINE('',#5887,#5888);
#5887 = CARTESIAN_POINT('',(0.,-0.));
#5888 = VECTOR('',#5889,1.);
#5889 = DIRECTION('',(0.,1.));
#5890 = ( GEOMETRIC_REPRESENTATION_CONTEXT(2) 
PARAMETRIC_REPRESENTATION_CONTEXT() REPRESENTATION_CONTEXT('2D SPACE',''
  ) );
#5891 = ORIENTED_EDGE('',*,*,#5892,.T.);
#5892 = EDGE_CURVE('',#5870,#5870,#5893,.T.);
#5893 = SURFACE_CURVE('',#5894,(#5899,#5906),.PCURVE_S1.);
#5894 = CIRCLE('',#5895,6.);
#5895 = AXIS2_PLACEMENT_3D('',#5896,#5897,#5898);
#5896 = CARTESIAN_POINT('',(730.,-286.3,660.));
#5897 = DIRECTION('',(0.,0.,1.));
#5898 = DIRECTION('',(1.,0.,-0.));
#5899 = PCURVE('',#5184,#5900);
#5900 = DEFINITIONAL_REPRESENTATION('',(#5901),#5905);
#5901 = LINE('',#5902,#5903);
#5902 = CARTESIAN_POINT('',(0.,0.));
#5903 = VECTOR('',#5904,1.);
#5904 = DIRECTION('',(1.,0.));
#5905 = ( GEOMETRIC_REPRESENTATION_CONTEXT(2) 
PARAMETRIC_REPRESENTATION_CONTEXT() REPRESENTATION_CONTEXT('2D SPACE',''
  ) );
#5906 = PCURVE('',#5907,#5912);
#5907 = PLANE('',#5908);
#5908 = AXIS2_PLACEMENT_3D('',#5909,#5910,#5911);
#5909 = CARTESIAN_POINT('',(730.,-286.3,660.));
#5910 = DIRECTION('',(0.,0.,1.));
#5911 = DIRECTION('',(1.,0.,-0.));
#5912 = DEFINITIONAL_REPRESENTATION('',(#5913),#5917);
#5913 = CIRCLE('',#5914,6.);
#5914 = AXIS2_PLACEMENT_2D('',#5915,#5916);
#5915 = CARTESIAN_POINT('',(0.,0.));
#5916 = DIRECTION('',(1.,0.));
#5917 = ( GEOMETRIC_REPRESENTATION_CONTEXT(2) 
PARAMETRIC_REPRESENTATION_CONTEXT() REPRESENTATION_CONTEXT('2D SPACE',''
  ) );
#5918 = ORIENTED_EDGE('',*,*,#5869,.T.);
#5919 = FACE_BOUND('',#5920,.T.);
#5920 = EDGE_LOOP('',(#5921));
#5921 = ORIENTED_EDGE('',*,*,#4932,.T.);
#5922 = FACE_BOUND('',#5923,.T.);
#5923 = EDGE_LOOP('',(#5924));
#5924 = ORIENTED_EDGE('',*,*,#5398,.T.);
#5925 = ADVANCED_FACE('',(#5926),#5359,.F.);
#5926 = FACE_BOUND('',#5927,.T.);
#5927 = EDGE_LOOP('',(#5928));
#5928 = ORIENTED_EDGE('',*,*,#5344,.F.);
#5929 = ADVANCED_FACE('',(#5930),#5802,.T.);
#5930 = FACE_BOUND('',#5931,.T.);
#5931 = EDGE_LOOP('',(#5932));
#5932 = ORIENTED_EDGE('',*,*,#5785,.T.);
#5933 = ADVANCED_FACE('',(#5934),#5857,.T.);
#5934 = FACE_BOUND('',#5935,.T.);
#5935 = EDGE_LOOP('',(#5936));
#5936 = ORIENTED_EDGE('',*,*,#5840,.T.);
#5937 = ADVANCED_FACE('',(#5938),#5907,.F.);
#5938 = FACE_BOUND('',#5939,.T.);
#5939 = EDGE_LOOP('',(#5940));
#5940 = ORIENTED_EDGE('',*,*,#5892,.F.);
#5941 = ORIENTED_CLOSED_SHELL('',*,#5942,.F.);
#5942 = CLOSED_SHELL('',(#5943,#6526,#6530,#6534,#6644,#6672,#6749,#6754
    ,#6789,#6911,#6982,#7010));
#5943 = ADVANCED_FACE('',(#5944,#6031),#5958,.T.);
#5944 = FACE_BOUND('',#5945,.T.);
#5945 = EDGE_LOOP('',(#5946,#5976,#6003,#6004));
#5946 = ORIENTED_EDGE('',*,*,#5947,.T.);
#5947 = EDGE_CURVE('',#5948,#5950,#5952,.T.);
#5948 = VERTEX_POINT('',#5949);
#5949 = CARTESIAN_POINT('',(784.1,-217.15,516.));
#5950 = VERTEX_POINT('',#5951);
#5951 = CARTESIAN_POINT('',(784.1,-217.15,1.704E+03));
#5952 = SEAM_CURVE('',#5953,(#5957,#5969),.PCURVE_S1.);
#5953 = LINE('',#5954,#5955);
#5954 = CARTESIAN_POINT('',(784.1,-217.15,516.));
#5955 = VECTOR('',#5956,1.);
#5956 = DIRECTION('',(0.,0.,1.));
#5957 = PCURVE('',#5958,#5963);
#5958 = CYLINDRICAL_SURFACE('',#5959,54.1);
#5959 = AXIS2_PLACEMENT_3D('',#5960,#5961,#5962);
#5960 = CARTESIAN_POINT('',(730.,-217.15,516.));
#5961 = DIRECTION('',(0.,0.,1.));
#5962 = DIRECTION('',(1.,0.,-0.));
#5963 = DEFINITIONAL_REPRESENTATION('',(#5964),#5968);
#5964 = LINE('',#5965,#5966);
#5965 = CARTESIAN_POINT('',(6.28318530718,-0.));
#5966 = VECTOR('',#5967,1.);
#5967 = DIRECTION('',(0.,1.));
#5968 = ( GEOMETRIC_REPRESENTATION_CONTEXT(2) 
PARAMETRIC_REPRESENTATION_CONTEXT() REPRESENTATION_CONTEXT('2D SPACE',''
  ) );
#5969 = PCURVE('',#5958,#5970);
#5970 = DEFINITIONAL_REPRESENTATION('',(#5971),#5975);
#5971 = LINE('',#5972,#5973);
#5972 = CARTESIAN_POINT('',(0.,-0.));
#5973 = VECTOR('',#5974,1.);
#5974 = DIRECTION('',(0.,1.));
#5975 = ( GEOMETRIC_REPRESENTATION_CONTEXT(2) 
PARAMETRIC_REPRESENTATION_CONTEXT() REPRESENTATION_CONTEXT('2D SPACE',''
  ) );
#5976 = ORIENTED_EDGE('',*,*,#5977,.F.);
#5977 = EDGE_CURVE('',#5950,#5950,#5978,.T.);
#5978 = SURFACE_CURVE('',#5979,(#5984,#5991),.PCURVE_S1.);
#5979 = CIRCLE('',#5980,54.1);
#5980 = AXIS2_PLACEMENT_3D('',#5981,#5982,#5983);
#5981 = CARTESIAN_POINT('',(730.,-217.15,1.704E+03));
#5982 = DIRECTION('',(0.,0.,1.));
#5983 = DIRECTION('',(1.,0.,-0.));
#5984 = PCURVE('',#5958,#5985);
#5985 = DEFINITIONAL_REPRESENTATION('',(#5986),#5990);
#5986 = LINE('',#5987,#5988);
#5987 = CARTESIAN_POINT('',(0.,1.188E+03));
#5988 = VECTOR('',#5989,1.);
#5989 = DIRECTION('',(1.,0.));
#5990 = ( GEOMETRIC_REPRESENTATION_CONTEXT(2) 
PARAMETRIC_REPRESENTATION_CONTEXT() REPRESENTATION_CONTEXT('2D SPACE',''
  ) );
#5991 = PCURVE('',#5992,#5997);
#5992 = PLANE('',#5993);
#5993 = AXIS2_PLACEMENT_3D('',#5994,#5995,#5996);
#5994 = CARTESIAN_POINT('',(730.,-217.15,1.704E+03));
#5995 = DIRECTION('',(0.,0.,1.));
#5996 = DIRECTION('',(1.,0.,-0.));
#5997 = DEFINITIONAL_REPRESENTATION('',(#5998),#6002);
#5998 = CIRCLE('',#5999,54.1);
#5999 = AXIS2_PLACEMENT_2D('',#6000,#6001);
#6000 = CARTESIAN_POINT('',(0.,0.));
#6001 = DIRECTION('',(1.,0.));
#6002 = ( GEOMETRIC_REPRESENTATION_CONTEXT(2) 
PARAMETRIC_REPRESENTATION_CONTEXT() REPRESENTATION_CONTEXT('2D SPACE',''
  ) );
#6003 = ORIENTED_EDGE('',*,*,#5947,.F.);
#6004 = ORIENTED_EDGE('',*,*,#6005,.T.);
#6005 = EDGE_CURVE('',#5948,#5948,#6006,.T.);
#6006 = SURFACE_CURVE('',#6007,(#6012,#6019),.PCURVE_S1.);
#6007 = CIRCLE('',#6008,54.1);
#6008 = AXIS2_PLACEMENT_3D('',#6009,#6010,#6011);
#6009 = CARTESIAN_POINT('',(730.,-217.15,516.));
#6010 = DIRECTION('',(0.,0.,1.));
#6011 = DIRECTION('',(1.,0.,-0.));
#6012 = PCURVE('',#5958,#6013);
#6013 = DEFINITIONAL_REPRESENTATION('',(#6014),#6018);
#6014 = LINE('',#6015,#6016);
#6015 = CARTESIAN_POINT('',(0.,0.));
#6016 = VECTOR('',#6017,1.);
#6017 = DIRECTION('',(1.,0.));
#6018 = ( GEOMETRIC_REPRESENTATION_CONTEXT(2) 
PARAMETRIC_REPRESENTATION_CONTEXT() REPRESENTATION_CONTEXT('2D SPACE',''
  ) );
#6019 = PCURVE('',#6020,#6025);
#6020 = PLANE('',#6021);
#6021 = AXIS2_PLACEMENT_3D('',#6022,#6023,#6024);
#6022 = CARTESIAN_POINT('',(730.,-217.15,516.));
#6023 = DIRECTION('',(0.,0.,1.));
#6024 = DIRECTION('',(1.,0.,-0.));
#6025 = DEFINITIONAL_REPRESENTATION('',(#6026),#6030);
#6026 = CIRCLE('',#6027,54.1);
#6027 = AXIS2_PLACEMENT_2D('',#6028,#6029);
#6028 = CARTESIAN_POINT('',(0.,0.));
#6029 = DIRECTION('',(1.,0.));
#6030 = ( GEOMETRIC_REPRESENTATION_CONTEXT(2) 
PARAMETRIC_REPRESENTATION_CONTEXT() REPRESENTATION_CONTEXT('2D SPACE',''
  ) );
#6031 = FACE_BOUND('',#6032,.T.);
#6032 = EDGE_LOOP('',(#6033));
#6033 = ORIENTED_EDGE('',*,*,#6034,.T.);
#6034 = EDGE_CURVE('',#6035,#6035,#6037,.T.);
#6035 = VERTEX_POINT('',#6036);
#6036 = CARTESIAN_POINT('',(751.1,-167.3343398116,1.55E+03));
#6037 = SURFACE_CURVE('',#6038,(#6197,#6359),.PCURVE_S1.);
#6038 = B_SPLINE_CURVE_WITH_KNOTS('',7,(#6039,#6040,#6041,#6042,#6043,
    #6044,#6045,#6046,#6047,#6048,#6049,#6050,#6051,#6052,#6053,#6054,
    #6055,#6056,#6057,#6058,#6059,#6060,#6061,#6062,#6063,#6064,#6065,
    #6066,#6067,#6068,#6069,#6070,#6071,#6072,#6073,#6074,#6075,#6076,
    #6077,#6078,#6079,#6080,#6081,#6082,#6083,#6084,#6085,#6086,#6087,
    #6088,#6089,#6090,#6091,#6092,#6093,#6094,#6095,#6096,#6097,#6098,
    #6099,#6100,#6101,#6102,#6103,#6104,#6105,#6106,#6107,#6108,#6109,
    #6110,#6111,#6112,#6113,#6114,#6115,#6116,#6117,#6118,#6119,#6120,
    #6121,#6122,#6123,#6124,#6125,#6126,#6127,#6128,#6129,#6130,#6131,
    #6132,#6133,#6134,#6135,#6136,#6137,#6138,#6139,#6140,#6141,#6142,
    #6143,#6144,#6145,#6146,#6147,#6148,#6149,#6150,#6151,#6152,#6153,
    #6154,#6155,#6156,#6157,#6158,#6159,#6160,#6161,#6162,#6163,#6164,
    #6165,#6166,#6167,#6168,#6169,#6170,#6171,#6172,#6173,#6174,#6175,
    #6176,#6177,#6178,#6179,#6180,#6181,#6182,#6183,#6184,#6185,#6186,
    #6187,#6188,#6189,#6190,#6191,#6192,#6193,#6194,#6195,#6196),
  .UNSPECIFIED.,.T.,.F.,(8,6,6,6,6,6,6,6,6,6,6,6,6,6,6,6,6,6,6,6,6,6,6,6
    ,6,6,8),(0.,0.130236920021,0.155784524595,0.187492759211,
    0.211814530781,0.249944500126,0.276093171975,0.313079764712,
    0.344569247139,0.37023814649,0.3916519462,0.409995818851,
    0.424910859909,0.499975146874,0.563224135568,0.590853106373,
    0.609159631644,0.630509245374,0.656048760491,0.687746954938,
    0.712061025209,0.750178920997,0.776319313072,0.813294194293,
    0.84477370582,0.870434477315,1.),.UNSPECIFIED.);
#6039 = CARTESIAN_POINT('',(751.1,-167.3343398116,1.55E+03));
#6040 = CARTESIAN_POINT('',(751.1,-167.3343398116,1.552156405216E+03));
#6041 = CARTESIAN_POINT('',(750.84288605289,-167.225435744,
    1.554305562405E+03));
#6042 = CARTESIAN_POINT('',(750.33177237572,-167.0089506697,
    1.556428788206E+03));
#6043 = CARTESIAN_POINT('',(749.56336728972,-166.6933328187,
    1.558506817258E+03));
#6044 = CARTESIAN_POINT('',(748.52985243738,-166.2943905954,
    1.560515651068E+03));
#6045 = CARTESIAN_POINT('',(747.21965114115,-165.8364148604,
    1.562423887806E+03));
#6046 = CARTESIAN_POINT('',(745.30662050592,-165.259492749,
    1.56453049001E+03));
#6047 = CARTESIAN_POINT('',(744.98156465969,-165.163882566,
    1.564870526221E+03));
#6048 = CARTESIAN_POINT('',(744.64501761603,-165.0675214136,
    1.565204807917E+03));
#6049 = CARTESIAN_POINT('',(744.29682107561,-164.9706767745,
    1.565532973575E+03));
#6050 = CARTESIAN_POINT('',(743.93681772359,-164.8736363446,
    1.565854622489E+03));
#6051 = CARTESIAN_POINT('',(743.56485112377,-164.7767086674,
    1.566169314843E+03));
#6052 = CARTESIAN_POINT('',(742.70406050853,-164.5604721946,
    1.566857921641E+03));
#6053 = CARTESIAN_POINT('',(742.20858292765,-164.4413767507,
    1.567227900667E+03));
#6054 = CARTESIAN_POINT('',(741.69414521992,-164.3235996223,
    1.56758548317E+03));
#6055 = CARTESIAN_POINT('',(741.16059132781,-164.2078562244,
    1.567929562055E+03));
#6056 = CARTESIAN_POINT('',(740.60780679637,-164.0949132142,
    1.568258941774E+03));
#6057 = CARTESIAN_POINT('',(740.0357287832,-163.9855865035,
    1.568572331271E+03));
#6058 = CARTESIAN_POINT('',(738.99074418334,-163.8003163024,
    1.56909538779E+03));
#6059 = CARTESIAN_POINT('',(738.52571616366,-163.722517473,
    1.569312242512E+03));
#6060 = CARTESIAN_POINT('',(738.04955455255,-163.6477844959,
    1.56951812237E+03));
#6061 = CARTESIAN_POINT('',(737.56257547313,-163.5765598426,
    1.569712266539E+03));
#6062 = CARTESIAN_POINT('',(737.06512873424,-163.5092819129,
    1.569893930545E+03));
#6063 = CARTESIAN_POINT('',(736.55759793621,-163.4463802043,
    1.570062384737E+03));
#6064 = CARTESIAN_POINT('',(735.22957479379,-163.2971701282,
    1.570459170925E+03));
#6065 = CARTESIAN_POINT('',(734.39376015964,-163.2177091409,
    1.570667569505E+03));
#6066 = CARTESIAN_POINT('',(733.53731604382,-163.1518772504,
    1.570838300024E+03));
#6067 = CARTESIAN_POINT('',(732.66486205895,-163.101299059,
    1.57096847053E+03));
#6068 = CARTESIAN_POINT('',(731.78120518979,-163.0671302307,
    1.571056078266E+03));
#6069 = CARTESIAN_POINT('',(730.89126544052,-163.05,1.5711E+03));
#6070 = CARTESIAN_POINT('',(729.38879028925,-163.05,1.5711E+03));
#6071 = CARTESIAN_POINT('',(728.77780483287,-163.058056195,
    1.571079344059E+03));
#6072 = CARTESIAN_POINT('',(728.16880245309,-163.0741579484,
    1.571038059501E+03));
#6073 = CARTESIAN_POINT('',(727.56353692625,-163.0981630775,
    1.57097640275E+03));
#6074 = CARTESIAN_POINT('',(726.96374396585,-163.1297987555,
    1.570894858212E+03));
#6075 = CARTESIAN_POINT('',(726.3711282854,-163.1686683631,
    1.570794139431E+03));
#6076 = CARTESIAN_POINT('',(724.96161311187,-163.2787585097,
    1.570506945343E+03));
#6077 = CARTESIAN_POINT('',(724.15436858408,-163.3566466879,
    1.570302393542E+03));
#6078 = CARTESIAN_POINT('',(723.36771611147,-163.4466443171,
    1.57006382634E+03));
#6079 = CARTESIAN_POINT('',(722.60358572389,-163.5473023952,
    1.569793709403E+03));
#6080 = CARTESIAN_POINT('',(721.8637251221,-163.6570550195,
    1.569494695369E+03));
#6081 = CARTESIAN_POINT('',(721.14968627282,-163.7742669771,
    1.56916963437E+03));
#6082 = CARTESIAN_POINT('',(719.87802401391,-164.0020127587,
    1.568525263435E+03));
#6083 = CARTESIAN_POINT('',(719.31228330251,-164.1110655119,
    1.568211953561E+03));
#6084 = CARTESIAN_POINT('',(718.76557744899,-164.2235982869,
    1.56788301061E+03));
#6085 = CARTESIAN_POINT('',(718.23783510636,-164.3388164767,
    1.567539689726E+03));
#6086 = CARTESIAN_POINT('',(717.7289357274,-164.455973893,
    1.567183152362E+03));
#6087 = CARTESIAN_POINT('',(717.2387192908,-164.574374484,
    1.566814473103E+03));
#6088 = CARTESIAN_POINT('',(716.38246709749,-164.7903774859,
    1.566125027871E+03));
#6089 = CARTESIAN_POINT('',(716.01016019516,-164.8877955382,
    1.565807948794E+03));
#6090 = CARTESIAN_POINT('',(715.64991683569,-164.9852951648,
    1.565483891603E+03));
#6091 = CARTESIAN_POINT('',(715.30157800922,-165.0825651321,
    1.565153299073E+03));
#6092 = CARTESIAN_POINT('',(714.96498405792,-165.1793153563,
    1.564816574344E+03));
#6093 = CARTESIAN_POINT('',(714.63997455336,-165.2752762432,
    1.564474080835E+03));
#6094 = CARTESIAN_POINT('',(714.06478459555,-165.4493847523,
    1.563835880821E+03));
#6095 = CARTESIAN_POINT('',(713.81113039094,-165.5278482857,
    1.563541829405E+03));
#6096 = CARTESIAN_POINT('',(713.56533925539,-165.6054418714,
    1.563244183028E+03));
#6097 = CARTESIAN_POINT('',(713.32732787783,-165.6820265026,
    1.562943123062E+03));
#6098 = CARTESIAN_POINT('',(713.09701594088,-165.757470922,
    1.56263881713E+03));
#6099 = CARTESIAN_POINT('',(712.87432612079,-165.8316516215,
    1.562331419115E+03));
#6100 = CARTESIAN_POINT('',(712.47488526542,-165.966817128,
    1.561755211603E+03));
#6101 = CARTESIAN_POINT('',(712.29612653964,-166.0281684817,
    1.561487189779E+03));
#6102 = CARTESIAN_POINT('',(712.1228662577,-166.0884322841,
    1.561217099143E+03));
#6103 = CARTESIAN_POINT('',(711.95506477144,-166.1475373608,
    1.560945030083E+03));
#6104 = CARTESIAN_POINT('',(711.79268443693,-166.2054159824,
    1.560671067904E+03));
#6105 = CARTESIAN_POINT('',(711.63568961446,-166.2620038644,
    1.56039529283E+03));
#6106 = CARTESIAN_POINT('',(711.36074878011,-166.3621517154,
    1.559892139801E+03));
#6107 = CARTESIAN_POINT('',(711.2409903961,-166.4061691777,
    1.559665353445E+03));
#6108 = CARTESIAN_POINT('',(711.12475456428,-166.4492593954,
    1.559437463385E+03));
#6109 = CARTESIAN_POINT('',(711.01202552306,-166.4913904553,
    1.559208511247E+03));
#6110 = CARTESIAN_POINT('',(710.90278870155,-166.5325316897,
    1.558978537833E+03));
#6111 = CARTESIAN_POINT('',(710.79703071951,-166.5726536762,
    1.558747583122E+03));
#6112 = CARTESIAN_POINT('',(710.17992847412,-166.8083823479,
    1.557348597851E+03));
#6113 = CARTESIAN_POINT('',(709.75263194458,-166.9786174649,
    1.556156987753E+03));
#6114 = CARTESIAN_POINT('',(709.41176951524,-167.1186706264,
    1.554946508075E+03));
#6115 = CARTESIAN_POINT('',(709.15648411182,-167.225708615,
    1.553722187849E+03));
#6116 = CARTESIAN_POINT('',(708.98619771688,-167.2978298016,
    1.552488628328E+03));
#6117 = CARTESIAN_POINT('',(708.90066189332,-167.3340594591,
    1.551250197146E+03));
#6118 = CARTESIAN_POINT('',(708.89944778832,-167.3345737072,
    1.548967263317E+03));
#6119 = CARTESIAN_POINT('',(708.95915293894,-167.309284916,
    1.547923505943E+03));
#6120 = CARTESIAN_POINT('',(709.07907132536,-167.2584887872,
    1.546882608595E+03));
#6121 = CARTESIAN_POINT('',(709.25931950064,-167.1826742435,
    1.54584724866E+03));
#6122 = CARTESIAN_POINT('',(709.50016283679,-167.0828067331,
    1.544820199514E+03));
#6123 = CARTESIAN_POINT('',(709.80199705385,-166.960327908,
    1.543804408685E+03));
#6124 = CARTESIAN_POINT('',(710.32403867132,-166.7546068851,
    1.542365665477E+03));
#6125 = CARTESIAN_POINT('',(710.49449946045,-166.6881079034,
    1.541930975334E+03));
#6126 = CARTESIAN_POINT('',(710.67677169034,-166.6178051981,
    1.541499226215E+03));
#6127 = CARTESIAN_POINT('',(710.8709276175,-166.5438657773,
    1.541070654795E+03));
#6128 = CARTESIAN_POINT('',(711.07704872483,-166.4664725857,
    1.540645513998E+03));
#6129 = CARTESIAN_POINT('',(711.29522589219,-166.3858248109,
    1.540224073014E+03));
#6130 = CARTESIAN_POINT('',(711.67817506862,-166.2466887391,
    1.539530017668E+03));
#6131 = CARTESIAN_POINT('',(711.83612908967,-166.1899046645,
    1.539255164847E+03));
#6132 = CARTESIAN_POINT('',(711.99945554996,-166.1318469177,
    1.538982133979E+03));
#6133 = CARTESIAN_POINT('',(712.1681903589,-166.0725798878,
    1.538711005306E+03));
#6134 = CARTESIAN_POINT('',(712.34237141554,-166.012171401,
    1.538441864186E+03));
#6135 = CARTESIAN_POINT('',(712.52203860856,-165.9506927206,
    1.538174801088E+03));
#6136 = CARTESIAN_POINT('',(712.92321397031,-165.8153593098,
    1.537600989591E+03));
#6137 = CARTESIAN_POINT('',(713.14671096263,-165.74114696,
    1.537295026483E+03));
#6138 = CARTESIAN_POINT('',(713.37779922807,-165.6656970777,
    1.536992162351E+03));
#6139 = CARTESIAN_POINT('',(713.61655610829,-165.5891329638,
    1.536692551023E+03));
#6140 = CARTESIAN_POINT('',(713.86306185171,-165.5115856404,
    1.536396360084E+03));
#6141 = CARTESIAN_POINT('',(714.11739961346,-165.4331938507,
    1.536103770866E+03));
#6142 = CARTESIAN_POINT('',(714.69337949407,-165.259492749,
    1.53546950999E+03));
#6143 = CARTESIAN_POINT('',(715.01843534031,-165.163882566,
    1.535129473779E+03));
#6144 = CARTESIAN_POINT('',(715.35498238396,-165.0675214136,
    1.534795192083E+03));
#6145 = CARTESIAN_POINT('',(715.70317892439,-164.9706767745,
    1.534467026425E+03));
#6146 = CARTESIAN_POINT('',(716.06318227641,-164.8736363446,
    1.534145377511E+03));
#6147 = CARTESIAN_POINT('',(716.43514887623,-164.7767086674,
    1.533830685157E+03));
#6148 = CARTESIAN_POINT('',(717.29593949153,-164.5604721946,
    1.533142078359E+03));
#6149 = CARTESIAN_POINT('',(717.79141707235,-164.4413767507,
    1.532772099333E+03));
#6150 = CARTESIAN_POINT('',(718.30585478001,-164.3235996223,
    1.53241451683E+03));
#6151 = CARTESIAN_POINT('',(718.83940867212,-164.2078562244,
    1.532070437945E+03));
#6152 = CARTESIAN_POINT('',(719.39219320363,-164.0949132142,
    1.531741058226E+03));
#6153 = CARTESIAN_POINT('',(719.96427121688,-163.9855865035,
    1.531427668729E+03));
#6154 = CARTESIAN_POINT('',(721.00925581665,-163.8003163024,
    1.53090461221E+03));
#6155 = CARTESIAN_POINT('',(721.47428383633,-163.722517473,
    1.530687757488E+03));
#6156 = CARTESIAN_POINT('',(721.95044544744,-163.6477844959,
    1.53048187763E+03));
#6157 = CARTESIAN_POINT('',(722.43742452686,-163.5765598426,
    1.530287733461E+03));
#6158 = CARTESIAN_POINT('',(722.93487126575,-163.5092819129,
    1.530106069455E+03));
#6159 = CARTESIAN_POINT('',(723.44240206379,-163.4463802043,
    1.529937615263E+03));
#6160 = CARTESIAN_POINT('',(724.77042520617,-163.2971701282,
    1.529540829075E+03));
#6161 = CARTESIAN_POINT('',(725.60623984035,-163.2177091409,
    1.529332430495E+03));
#6162 = CARTESIAN_POINT('',(726.46268395619,-163.1518772504,
    1.529161699976E+03));
#6163 = CARTESIAN_POINT('',(727.33513794106,-163.101299059,
    1.52903152947E+03));
#6164 = CARTESIAN_POINT('',(728.2187948102,-163.0671302307,
    1.528943921734E+03));
#6165 = CARTESIAN_POINT('',(729.10873455944,-163.05,1.5289E+03));
#6166 = CARTESIAN_POINT('',(730.61120971075,-163.05,1.5289E+03));
#6167 = CARTESIAN_POINT('',(731.22219516712,-163.058056195,
    1.528920655941E+03));
#6168 = CARTESIAN_POINT('',(731.83119754689,-163.0741579484,
    1.528961940499E+03));
#6169 = CARTESIAN_POINT('',(732.43646307373,-163.0981630775,
    1.52902359725E+03));
#6170 = CARTESIAN_POINT('',(733.03625603414,-163.1297987555,
    1.529105141788E+03));
#6171 = CARTESIAN_POINT('',(733.62887171461,-163.1686683631,
    1.529205860569E+03));
#6172 = CARTESIAN_POINT('',(735.03838688812,-163.2787585097,
    1.529493054657E+03));
#6173 = CARTESIAN_POINT('',(735.84563141591,-163.3566466879,
    1.529697606458E+03));
#6174 = CARTESIAN_POINT('',(736.63228388852,-163.4466443171,
    1.52993617366E+03));
#6175 = CARTESIAN_POINT('',(737.3964142761,-163.5473023952,
    1.530206290597E+03));
#6176 = CARTESIAN_POINT('',(738.13627487789,-163.6570550195,
    1.530505304631E+03));
#6177 = CARTESIAN_POINT('',(738.85031372717,-163.7742669771,
    1.53083036563E+03));
#6178 = CARTESIAN_POINT('',(740.12197598608,-164.0020127587,
    1.531474736565E+03));
#6179 = CARTESIAN_POINT('',(740.68771669748,-164.1110655119,
    1.531788046439E+03));
#6180 = CARTESIAN_POINT('',(741.234422551,-164.2235982869,
    1.53211698939E+03));
#6181 = CARTESIAN_POINT('',(741.76216489363,-164.3388164767,
    1.532460310274E+03));
#6182 = CARTESIAN_POINT('',(742.27106427259,-164.455973893,
    1.532816847638E+03));
#6183 = CARTESIAN_POINT('',(742.76128070919,-164.574374484,
    1.533185526897E+03));
#6184 = CARTESIAN_POINT('',(743.6175329025,-164.7903774859,
    1.533874972129E+03));
#6185 = CARTESIAN_POINT('',(743.98983980483,-164.8877955382,
    1.534192051206E+03));
#6186 = CARTESIAN_POINT('',(744.3500831643,-164.9852951648,
    1.534516108397E+03));
#6187 = CARTESIAN_POINT('',(744.69842199077,-165.0825651321,
    1.534846700927E+03));
#6188 = CARTESIAN_POINT('',(745.03501594207,-165.1793153563,
    1.535183425656E+03));
#6189 = CARTESIAN_POINT('',(745.36002544663,-165.2752762432,
    1.535525919165E+03));
#6190 = CARTESIAN_POINT('',(747.25696185025,-165.849473975,
    1.537630658344E+03));
#6191 = CARTESIAN_POINT('',(748.55434688591,-166.3038504385,
    1.539532115946E+03));
#6192 = CARTESIAN_POINT('',(749.57794441665,-166.6993196029,
    1.541532692323E+03));
#6193 = CARTESIAN_POINT('',(750.33906416668,-167.012039167,
    1.543601518731E+03));
#6194 = CARTESIAN_POINT('',(750.84534507615,-167.2264772924,
    1.545714946638E+03));
#6195 = CARTESIAN_POINT('',(751.1,-167.3343398116,1.547853931262E+03));
#6196 = CARTESIAN_POINT('',(751.1,-167.3343398116,1.55E+03));
#6197 = PCURVE('',#5958,#6198);
#6198 = DEFINITIONAL_REPRESENTATION('',(#6199),#6358);
#6199 = B_SPLINE_CURVE_WITH_KNOTS('',7,(#6200,#6201,#6202,#6203,#6204,
    #6205,#6206,#6207,#6208,#6209,#6210,#6211,#6212,#6213,#6214,#6215,
    #6216,#6217,#6218,#6219,#6220,#6221,#6222,#6223,#6224,#6225,#6226,
    #6227,#6228,#6229,#6230,#6231,#6232,#6233,#6234,#6235,#6236,#6237,
    #6238,#6239,#6240,#6241,#6242,#6243,#6244,#6245,#6246,#6247,#6248,
    #6249,#6250,#6251,#6252,#6253,#6254,#6255,#6256,#6257,#6258,#6259,
    #6260,#6261,#6262,#6263,#6264,#6265,#6266,#6267,#6268,#6269,#6270,
    #6271,#6272,#6273,#6274,#6275,#6276,#6277,#6278,#6279,#6280,#6281,
    #6282,#6283,#6284,#6285,#6286,#6287,#6288,#6289,#6290,#6291,#6292,
    #6293,#6294,#6295,#6296,#6297,#6298,#6299,#6300,#6301,#6302,#6303,
    #6304,#6305,#6306,#6307,#6308,#6309,#6310,#6311,#6312,#6313,#6314,
    #6315,#6316,#6317,#6318,#6319,#6320,#6321,#6322,#6323,#6324,#6325,
    #6326,#6327,#6328,#6329,#6330,#6331,#6332,#6333,#6334,#6335,#6336,
    #6337,#6338,#6339,#6340,#6341,#6342,#6343,#6344,#6345,#6346,#6347,
    #6348,#6349,#6350,#6351,#6352,#6353,#6354,#6355,#6356,#6357),
  .UNSPECIFIED.,.T.,.F.,(8,6,6,6,6,6,6,6,6,6,6,6,6,6,6,6,6,6,6,6,6,6,6,6
    ,6,6,8),(0.,0.130236920021,0.155784524595,0.187492759211,
    0.211814530781,0.249944500126,0.276093171975,0.313079764712,
    0.344569247139,0.37023814649,0.3916519462,0.409995818851,
    0.424910859909,0.499975146874,0.563224135568,0.590853106373,
    0.609159631644,0.630509245374,0.656048760491,0.687746954938,
    0.712061025209,0.750178920997,0.776319313072,0.813294194293,
    0.84477370582,0.870434477315,1.),.UNSPECIFIED.);
#6200 = CARTESIAN_POINT('',(1.17014466017,1.034E+03));
#6201 = CARTESIAN_POINT('',(1.17014466017,1.036156405216E+03));
#6202 = CARTESIAN_POINT('',(1.175305961994,1.038305562405E+03));
#6203 = CARTESIAN_POINT('',(1.185566091761,1.040428788206E+03));
#6204 = CARTESIAN_POINT('',(1.200919905917,1.042506817258E+03));
#6205 = CARTESIAN_POINT('',(1.221387249295,1.044515651068E+03));
#6206 = CARTESIAN_POINT('',(1.247018163296,1.046423887806E+03));
#6207 = CARTESIAN_POINT('',(1.283952182883,1.04853049001E+03));
#6208 = CARTESIAN_POINT('',(1.290214981601,1.048870526221E+03));
#6209 = CARTESIAN_POINT('',(1.296685512278,1.049204807917E+03));
#6210 = CARTESIAN_POINT('',(1.303365621396,1.049532973575E+03));
#6211 = CARTESIAN_POINT('',(1.31025716404,1.049854622489E+03));
#6212 = CARTESIAN_POINT('',(1.317362027748,1.050169314843E+03));
#6213 = CARTESIAN_POINT('',(1.333767483937,1.050857921641E+03));
#6214 = CARTESIAN_POINT('',(1.343186396196,1.051227900667E+03));
#6215 = CARTESIAN_POINT('',(1.35294050053,1.05158548317E+03));
#6216 = CARTESIAN_POINT('',(1.363031001357,1.051929562055E+03));
#6217 = CARTESIAN_POINT('',(1.373458612685,1.052258941774E+03));
#6218 = CARTESIAN_POINT('',(1.384223470647,1.052572331271E+03));
#6219 = CARTESIAN_POINT('',(1.403840499034,1.05309538779E+03));
#6220 = CARTESIAN_POINT('',(1.412555263927,1.053312242512E+03));
#6221 = CARTESIAN_POINT('',(1.421463778479,1.05351812237E+03));
#6222 = CARTESIAN_POINT('',(1.43056008593,1.053712266539E+03));
#6223 = CARTESIAN_POINT('',(1.439837846787,1.053893930545E+03));
#6224 = CARTESIAN_POINT('',(1.449290350592,1.054062384737E+03));
#6225 = CARTESIAN_POINT('',(1.47399236733,1.054459170925E+03));
#6226 = CARTESIAN_POINT('',(1.489509200715,1.054667569505E+03));
#6227 = CARTESIAN_POINT('',(1.505382436264,1.054838300024E+03));
#6228 = CARTESIAN_POINT('',(1.52153095101,1.05496847053E+03));
#6229 = CARTESIAN_POINT('',(1.537872014119,1.055056078266E+03));
#6230 = CARTESIAN_POINT('',(1.554321919391,1.0551E+03));
#6231 = CARTESIAN_POINT('',(1.582094103334,1.0551E+03));
#6232 = CARTESIAN_POINT('',(1.59338773491,1.055079344059E+03));
#6233 = CARTESIAN_POINT('',(1.604647065068,1.055038059501E+03));
#6234 = CARTESIAN_POINT('',(1.615842026976,1.05497640275E+03));
#6235 = CARTESIAN_POINT('',(1.626942714724,1.054894858212E+03));
#6236 = CARTESIAN_POINT('',(1.637919480342,1.054794139431E+03));
#6237 = CARTESIAN_POINT('',(1.66405271381,1.054506945343E+03));
#6238 = CARTESIAN_POINT('',(1.679040842275,1.054302393542E+03));
#6239 = CARTESIAN_POINT('',(1.69367282522,1.05406382634E+03));
#6240 = CARTESIAN_POINT('',(1.707915700986,1.053793709403E+03));
#6241 = CARTESIAN_POINT('',(1.721738433229,1.053494695369E+03));
#6242 = CARTESIAN_POINT('',(1.73511218119,1.05316963437E+03));
#6243 = CARTESIAN_POINT('',(1.758991943403,1.052525263435E+03));
#6244 = CARTESIAN_POINT('',(1.769640837019,1.052211953561E+03));
#6245 = CARTESIAN_POINT('',(1.779956897396,1.05188301061E+03));
#6246 = CARTESIAN_POINT('',(1.789940407621,1.051539689726E+03));
#6247 = CARTESIAN_POINT('',(1.799592201366,1.051183152362E+03));
#6248 = CARTESIAN_POINT('',(1.808913576955,1.050814473103E+03));
#6249 = CARTESIAN_POINT('',(1.825236628196,1.050125027871E+03));
#6250 = CARTESIAN_POINT('',(1.832349866946,1.049807948794E+03));
#6251 = CARTESIAN_POINT('',(1.839247904541,1.049483891603E+03));
#6252 = CARTESIAN_POINT('',(1.845932657035,1.049153299073E+03));
#6253 = CARTESIAN_POINT('',(1.852406004153,1.048816574344E+03));
#6254 = CARTESIAN_POINT('',(1.858669813754,1.048474080835E+03));
#6255 = CARTESIAN_POINT('',(1.869778198411,1.047835880821E+03));
#6256 = CARTESIAN_POINT('',(1.874685924812,1.047541829405E+03));
#6257 = CARTESIAN_POINT('',(1.879450087742,1.047244183028E+03));
#6258 = CARTESIAN_POINT('',(1.884071575774,1.046943123062E+03));
#6259 = CARTESIAN_POINT('',(1.888551223814,1.04663881713E+03));
#6260 = CARTESIAN_POINT('',(1.892889813098,1.046331419115E+03));
#6261 = CARTESIAN_POINT('',(1.900684458243,1.045755211603E+03));
#6262 = CARTESIAN_POINT('',(1.904177843593,1.045487189779E+03));
#6263 = CARTESIAN_POINT('',(1.907568587147,1.045217099143E+03));
#6264 = CARTESIAN_POINT('',(1.910857018715,1.044945030083E+03));
#6265 = CARTESIAN_POINT('',(1.914043438018,1.044671067904E+03));
#6266 = CARTESIAN_POINT('',(1.917128114687,1.04439529283E+03));
#6267 = CARTESIAN_POINT('',(1.922536847859,1.043892139801E+03));
#6268 = CARTESIAN_POINT('',(1.924895277534,1.043665353445E+03));
#6269 = CARTESIAN_POINT('',(1.927186684333,1.043437463385E+03));
#6270 = CARTESIAN_POINT('',(1.929411157866,1.043208511247E+03));
#6271 = CARTESIAN_POINT('',(1.931568770303,1.042978537833E+03));
#6272 = CARTESIAN_POINT('',(1.933659576376,1.042747583122E+03));
#6273 = CARTESIAN_POINT('',(1.94587016894,1.041348597851E+03));
#6274 = CARTESIAN_POINT('',(1.954371322015,1.040156987753E+03));
#6275 = CARTESIAN_POINT('',(1.961182635205,1.038946508075E+03));
#6276 = CARTESIAN_POINT('',(1.966299368435,1.037722187849E+03));
#6277 = CARTESIAN_POINT('',(1.96971766041,1.036488628328E+03));
#6278 = CARTESIAN_POINT('',(1.971434706568,1.035250197146E+03));
#6279 = CARTESIAN_POINT('',(1.971459078521,1.032967263317E+03));
#6280 = CARTESIAN_POINT('',(1.970260557111,1.031923505943E+03));
#6281 = CARTESIAN_POINT('',(1.967853289906,1.030882608595E+03));
#6282 = CARTESIAN_POINT('',(1.964238820071,1.02984724866E+03));
#6283 = CARTESIAN_POINT('',(1.959419589841,1.028820199514E+03));
#6284 = CARTESIAN_POINT('',(1.953398869993,1.027804408685E+03));
#6285 = CARTESIAN_POINT('',(1.943027082474,1.026365665477E+03));
#6286 = CARTESIAN_POINT('',(1.939644983143,1.025930975334E+03));
#6287 = CARTESIAN_POINT('',(1.936033931177,1.025499226215E+03));
#6288 = CARTESIAN_POINT('',(1.932193732159,1.025070654795E+03));
#6289 = CARTESIAN_POINT('',(1.928124094368,1.024645513998E+03));
#6290 = CARTESIAN_POINT('',(1.923824612802,1.024224073014E+03));
#6291 = CARTESIAN_POINT('',(1.916293338864,1.023530017668E+03));
#6292 = CARTESIAN_POINT('',(1.913190752063,1.023255164847E+03));
#6293 = CARTESIAN_POINT('',(1.909986747195,1.022982133979E+03));
#6294 = CARTESIAN_POINT('',(1.906681048589,1.022711005306E+03));
#6295 = CARTESIAN_POINT('',(1.903273350504,1.022441864186E+03));
#6296 = CARTESIAN_POINT('',(1.899763317135,1.022174801088E+03));
#6297 = CARTESIAN_POINT('',(1.891937304258,1.021600989591E+03));
#6298 = CARTESIAN_POINT('',(1.887584373352,1.021295026483E+03));
#6299 = CARTESIAN_POINT('',(1.883091055772,1.020992162351E+03));
#6300 = CARTESIAN_POINT('',(1.87845656491,1.020692551023E+03));
#6301 = CARTESIAN_POINT('',(1.873680061669,1.020396360084E+03));
#6302 = CARTESIAN_POINT('',(1.868760654461,1.020103770866E+03));
#6303 = CARTESIAN_POINT('',(1.857640470706,1.01946950999E+03));
#6304 = CARTESIAN_POINT('',(1.851377671988,1.019129473779E+03));
#6305 = CARTESIAN_POINT('',(1.844907141312,1.018795192083E+03));
#6306 = CARTESIAN_POINT('',(1.838227032193,1.018467026425E+03));
#6307 = CARTESIAN_POINT('',(1.83133548955,1.018145377511E+03));
#6308 = CARTESIAN_POINT('',(1.824230625842,1.017830685157E+03));
#6309 = CARTESIAN_POINT('',(1.807825169651,1.017142078359E+03));
#6310 = CARTESIAN_POINT('',(1.798406257393,1.016772099333E+03));
#6311 = CARTESIAN_POINT('',(1.788652153061,1.01641451683E+03));
#6312 = CARTESIAN_POINT('',(1.778561652234,1.016070437945E+03));
#6313 = CARTESIAN_POINT('',(1.768134040905,1.015741058226E+03));
#6314 = CARTESIAN_POINT('',(1.757369182941,1.015427668729E+03));
#6315 = CARTESIAN_POINT('',(1.737752154555,1.01490461221E+03));
#6316 = CARTESIAN_POINT('',(1.729037389663,1.014687757488E+03));
#6317 = CARTESIAN_POINT('',(1.720128875111,1.01448187763E+03));
#6318 = CARTESIAN_POINT('',(1.71103256766,1.014287733461E+03));
#6319 = CARTESIAN_POINT('',(1.701754806803,1.014106069455E+03));
#6320 = CARTESIAN_POINT('',(1.692302302998,1.013937615263E+03));
#6321 = CARTESIAN_POINT('',(1.667600286261,1.013540829075E+03));
#6322 = CARTESIAN_POINT('',(1.652083452874,1.013332430495E+03));
#6323 = CARTESIAN_POINT('',(1.636210217326,1.013161699976E+03));
#6324 = CARTESIAN_POINT('',(1.620061702579,1.01303152947E+03));
#6325 = CARTESIAN_POINT('',(1.603720639471,1.012943921734E+03));
#6326 = CARTESIAN_POINT('',(1.587270734199,1.0129E+03));
#6327 = CARTESIAN_POINT('',(1.559498550256,1.0129E+03));
#6328 = CARTESIAN_POINT('',(1.54820491868,1.012920655941E+03));
#6329 = CARTESIAN_POINT('',(1.536945588522,1.012961940499E+03));
#6330 = CARTESIAN_POINT('',(1.525750626614,1.01302359725E+03));
#6331 = CARTESIAN_POINT('',(1.514649938865,1.013105141788E+03));
#6332 = CARTESIAN_POINT('',(1.503673173248,1.013205860569E+03));
#6333 = CARTESIAN_POINT('',(1.47753993978,1.013493054657E+03));
#6334 = CARTESIAN_POINT('',(1.462551811315,1.013697606458E+03));
#6335 = CARTESIAN_POINT('',(1.44791982837,1.01393617366E+03));
#6336 = CARTESIAN_POINT('',(1.433676952603,1.014206290597E+03));
#6337 = CARTESIAN_POINT('',(1.419854220361,1.014505304631E+03));
#6338 = CARTESIAN_POINT('',(1.4064804724,1.01483036563E+03));
#6339 = CARTESIAN_POINT('',(1.382600710187,1.015474736565E+03));
#6340 = CARTESIAN_POINT('',(1.371951816571,1.015788046439E+03));
#6341 = CARTESIAN_POINT('',(1.361635756194,1.01611698939E+03));
#6342 = CARTESIAN_POINT('',(1.351652245969,1.016460310274E+03));
#6343 = CARTESIAN_POINT('',(1.342000452224,1.016816847638E+03));
#6344 = CARTESIAN_POINT('',(1.332679076635,1.017185526897E+03));
#6345 = CARTESIAN_POINT('',(1.316356025393,1.017874972129E+03));
#6346 = CARTESIAN_POINT('',(1.309242786644,1.018192051206E+03));
#6347 = CARTESIAN_POINT('',(1.302344749049,1.018516108397E+03));
#6348 = CARTESIAN_POINT('',(1.295659996554,1.018846700927E+03));
#6349 = CARTESIAN_POINT('',(1.289186649437,1.019183425656E+03));
#6350 = CARTESIAN_POINT('',(1.282922839836,1.019525919165E+03));
#6351 = CARTESIAN_POINT('',(1.246288161229,1.021630658344E+03));
#6352 = CARTESIAN_POINT('',(1.220902131355,1.023532115946E+03));
#6353 = CARTESIAN_POINT('',(1.200628641471,1.025532692323E+03));
#6354 = CARTESIAN_POINT('',(1.185419714637,1.027601518731E+03));
#6355 = CARTESIAN_POINT('',(1.175256599929,1.029714946638E+03));
#6356 = CARTESIAN_POINT('',(1.17014466017,1.031853931262E+03));
#6357 = CARTESIAN_POINT('',(1.17014466017,1.034E+03));
#6358 = ( GEOMETRIC_REPRESENTATION_CONTEXT(2) 
PARAMETRIC_REPRESENTATION_CONTEXT() REPRESENTATION_CONTEXT('2D SPACE',''
  ) );
#6359 = PCURVE('',#6360,#6365);
#6360 = CYLINDRICAL_SURFACE('',#6361,21.1);
#6361 = AXIS2_PLACEMENT_3D('',#6362,#6363,#6364);
#6362 = CARTESIAN_POINT('',(730.,-150.,1.55E+03));
#6363 = DIRECTION('',(0.,-1.,2.22044604925E-16));
#6364 = DIRECTION('',(1.,0.,0.));
#6365 = DEFINITIONAL_REPRESENTATION('',(#6366),#6525);
#6366 = B_SPLINE_CURVE_WITH_KNOTS('',7,(#6367,#6368,#6369,#6370,#6371,
    #6372,#6373,#6374,#6375,#6376,#6377,#6378,#6379,#6380,#6381,#6382,
    #6383,#6384,#6385,#6386,#6387,#6388,#6389,#6390,#6391,#6392,#6393,
    #6394,#6395,#6396,#6397,#6398,#6399,#6400,#6401,#6402,#6403,#6404,
    #6405,#6406,#6407,#6408,#6409,#6410,#6411,#6412,#6413,#6414,#6415,
    #6416,#6417,#6418,#6419,#6420,#6421,#6422,#6423,#6424,#6425,#6426,
    #6427,#6428,#6429,#6430,#6431,#6432,#6433,#6434,#6435,#6436,#6437,
    #6438,#6439,#6440,#6441,#6442,#6443,#6444,#6445,#6446,#6447,#6448,
    #6449,#6450,#6451,#6452,#6453,#6454,#6455,#6456,#6457,#6458,#6459,
    #6460,#6461,#6462,#6463,#6464,#6465,#6466,#6467,#6468,#6469,#6470,
    #6471,#6472,#6473,#6474,#6475,#6476,#6477,#6478,#6479,#6480,#6481,
    #6482,#6483,#6484,#6485,#6486,#6487,#6488,#6489,#6490,#6491,#6492,
    #6493,#6494,#6495,#6496,#6497,#6498,#6499,#6500,#6501,#6502,#6503,
    #6504,#6505,#6506,#6507,#6508,#6509,#6510,#6511,#6512,#6513,#6514,
    #6515,#6516,#6517,#6518,#6519,#6520,#6521,#6522,#6523,#6524),
  .UNSPECIFIED.,.F.,.F.,(8,6,6,6,6,6,6,6,6,6,6,6,6,6,6,6,6,6,6,6,6,6,6,6
    ,6,6,8),(0.,0.130236920021,0.155784524595,0.187492759211,
    0.211814530781,0.249944500126,0.276093171975,0.313079764712,
    0.344569247139,0.37023814649,0.3916519462,0.409995818851,
    0.424910859909,0.499975146874,0.563224135568,0.590853106373,
    0.609159631644,0.630509245374,0.656048760491,0.687746954938,
    0.712061025209,0.750178920997,0.776319313072,0.813294194293,
    0.84477370582,0.870434477315,1.),.UNSPECIFIED.);
#6367 = CARTESIAN_POINT('',(0.,17.334339811662));
#6368 = CARTESIAN_POINT('',(0.102199299335,17.334339811662));
#6369 = CARTESIAN_POINT('',(0.204054958728,17.225435744061));
#6370 = CARTESIAN_POINT('',(0.30642589743,17.008950669777));
#6371 = CARTESIAN_POINT('',(0.410086987144,16.693332818712));
#6372 = CARTESIAN_POINT('',(0.515836426701,16.294390595405));
#6373 = CARTESIAN_POINT('',(0.624532655754,15.83641486043));
#6374 = CARTESIAN_POINT('',(0.759395378999,15.259492749059));
#6375 = CARTESIAN_POINT('',(0.781682402298,15.163882566076));
#6376 = CARTESIAN_POINT('',(0.804151329867,15.067521413696));
#6377 = CARTESIAN_POINT('',(0.826813405297,14.970676774577));
#6378 = CARTESIAN_POINT('',(0.849679937881,14.873636344693));
#6379 = CARTESIAN_POINT('',(0.872762576872,14.776708667437));
#6380 = CARTESIAN_POINT('',(0.925005884906,14.560472194638));
#6381 = CARTESIAN_POINT('',(0.954296270343,14.441376750716));
#6382 = CARTESIAN_POINT('',(0.983960930953,14.3235996223));
#6383 = CARTESIAN_POINT('',(1.014016766643,14.207856224484));
#6384 = CARTESIAN_POINT('',(1.044481668221,14.094913214249));
#6385 = CARTESIAN_POINT('',(1.075374797283,13.985586503569));
#6386 = CARTESIAN_POINT('',(1.130757770558,13.800316302474));
#6387 = CARTESIAN_POINT('',(1.155066202931,13.722517473008));
#6388 = CARTESIAN_POINT('',(1.179636376236,13.647784495941));
#6389 = CARTESIAN_POINT('',(1.204463707105,13.576559842612));
#6390 = CARTESIAN_POINT('',(1.229544753853,13.50928191292));
#6391 = CARTESIAN_POINT('',(1.254877154528,13.446380204349));
#6392 = CARTESIAN_POINT('',(1.320565875613,13.297170128207));
#6393 = CARTESIAN_POINT('',(1.361347531704,13.21770914095));
#6394 = CARTESIAN_POINT('',(1.402660287492,13.151877250412));
#6395 = CARTESIAN_POINT('',(1.444376441139,13.101299059054));
#6396 = CARTESIAN_POINT('',(1.486379022,13.06713023076));
#6397 = CARTESIAN_POINT('',(1.528556258524,13.05));
#6398 = CARTESIAN_POINT('',(1.599763611664,13.05));
#6399 = CARTESIAN_POINT('',(1.628720268124,13.058056195084));
#6400 = CARTESIAN_POINT('',(1.657622641764,13.074157948422));
#6401 = CARTESIAN_POINT('',(1.68642718124,13.098163077571));
#6402 = CARTESIAN_POINT('',(1.715089437833,13.129798755503));
#6403 = CARTESIAN_POINT('',(1.743563048209,13.168668363133));
#6404 = CARTESIAN_POINT('',(1.811737270595,13.278758509745));
#6405 = CARTESIAN_POINT('',(1.851160592428,13.356646687925));
#6406 = CARTESIAN_POINT('',(1.890053443612,13.446644317121));
#6407 = CARTESIAN_POINT('',(1.928395010501,13.547302395256));
#6408 = CARTESIAN_POINT('',(1.966158024583,13.657055019554));
#6409 = CARTESIAN_POINT('',(2.003307899011,13.77426697717));
#6410 = CARTESIAN_POINT('',(2.07087193727,14.002012758701));
#6411 = CARTESIAN_POINT('',(2.101500716004,14.111065511911));
#6412 = CARTESIAN_POINT('',(2.13170861525,14.223598286969));
#6413 = CARTESIAN_POINT('',(2.161514568005,14.338816476752));
#6414 = CARTESIAN_POINT('',(2.190936297936,14.455973893034));
#6415 = CARTESIAN_POINT('',(2.219990590979,14.574374484028));
#6416 = CARTESIAN_POINT('',(2.272091023615,14.790377485956));
#6417 = CARTESIAN_POINT('',(2.2952590616,14.887795538215));
#6418 = CARTESIAN_POINT('',(2.318210105248,14.985295164825));
#6419 = CARTESIAN_POINT('',(2.34095595384,15.082565132148));
#6420 = CARTESIAN_POINT('',(2.363508061734,15.179315356395));
#6421 = CARTESIAN_POINT('',(2.385877818508,15.275276243231));
#6422 = CARTESIAN_POINT('',(2.426595938947,15.449384752371));
#6423 = CARTESIAN_POINT('',(2.444996292953,15.52784828575));
#6424 = CARTESIAN_POINT('',(2.463284033602,15.605441871429));
#6425 = CARTESIAN_POINT('',(2.481465221761,15.682026502664));
#6426 = CARTESIAN_POINT('',(2.499545836684,15.757470922048));
#6427 = CARTESIAN_POINT('',(2.517531776011,15.831651621518));
#6428 = CARTESIAN_POINT('',(2.550760172788,15.966817128085));
#6429 = CARTESIAN_POINT('',(2.566026214541,16.028168481772));
#6430 = CARTESIAN_POINT('',(2.581230238825,16.088432284146));
#6431 = CARTESIAN_POINT('',(2.596375465248,16.147537360854));
#6432 = CARTESIAN_POINT('',(2.611465075235,16.205415982452));
#6433 = CARTESIAN_POINT('',(2.626502212024,16.262003864411));
#6434 = CARTESIAN_POINT('',(2.653676239746,16.362151715409));
#6435 = CARTESIAN_POINT('',(2.665829731974,16.406169177727));
#6436 = CARTESIAN_POINT('',(2.677952023769,16.449259395437));
#6437 = CARTESIAN_POINT('',(2.69004462917,16.491390455353));
#6438 = CARTESIAN_POINT('',(2.702109009843,16.532531689732));
#6439 = CARTESIAN_POINT('',(2.714146575074,16.572653676269));
#6440 = CARTESIAN_POINT('',(2.78661310633,16.808382347957));
#6441 = CARTESIAN_POINT('',(2.846456953902,16.978617464984));
#6442 = CARTESIAN_POINT('',(2.905826516496,17.118670626436));
#6443 = CARTESIAN_POINT('',(2.964848592179,17.225708615076));
#6444 = CARTESIAN_POINT('',(3.023645997729,17.297829801691));
#6445 = CARTESIAN_POINT('',(3.08234159568,17.334059459125));
#6446 = CARTESIAN_POINT('',(3.19053752706,17.334573707276));
#6447 = CARTESIAN_POINT('',(3.240003196878,17.309284916069));
#6448 = CARTESIAN_POINT('',(3.289529592172,17.258488787259));
#6449 = CARTESIAN_POINT('',(3.339187341274,17.182674243546));
#6450 = CARTESIAN_POINT('',(3.389047106524,17.082806733166));
#6451 = CARTESIAN_POINT('',(3.43918111292,16.960327908087));
#6452 = CARTESIAN_POINT('',(3.511717884474,16.754606885128));
#6453 = CARTESIAN_POINT('',(3.533839422541,16.688107903498));
#6454 = CARTESIAN_POINT('',(3.556038389611,16.617805198132));
#6455 = CARTESIAN_POINT('',(3.578323413608,16.543865777345));
#6456 = CARTESIAN_POINT('',(3.600703186235,16.466472585777));
#6457 = CARTESIAN_POINT('',(3.623186621422,16.385824810914));
#6458 = CARTESIAN_POINT('',(3.66075503105,16.246688739169));
#6459 = CARTESIAN_POINT('',(3.675776805159,16.18990466456));
#6460 = CARTESIAN_POINT('',(3.690851443532,16.131846917749));
#6461 = CARTESIAN_POINT('',(3.705982091934,16.072579887823));
#6462 = CARTESIAN_POINT('',(3.721171934484,16.012171401002));
#6463 = CARTESIAN_POINT('',(3.736424193649,15.950692720635));
#6464 = CARTESIAN_POINT('',(3.76960636306,15.8153593098));
#6465 = CARTESIAN_POINT('',(3.787559833792,15.741146960077));
#6466 = CARTESIAN_POINT('',(3.805608339067,15.66569707779));
#6467 = CARTESIAN_POINT('',(3.823757756175,15.589132963869));
#6468 = CARTESIAN_POINT('',(3.842014043076,15.511585640416));
#6469 = CARTESIAN_POINT('',(3.860383238394,15.433193850707));
#6470 = CARTESIAN_POINT('',(3.90098803259,15.259492749058));
#6471 = CARTESIAN_POINT('',(3.923275055888,15.163882566074));
#6472 = CARTESIAN_POINT('',(3.945743983457,15.067521413695));
#6473 = CARTESIAN_POINT('',(3.968406058887,14.970676774576));
#6474 = CARTESIAN_POINT('',(3.991272591471,14.873636344691));
#6475 = CARTESIAN_POINT('',(4.014355230462,14.776708667435));
#6476 = CARTESIAN_POINT('',(4.0665985385,14.560472194619));
#6477 = CARTESIAN_POINT('',(4.095888923933,14.441376750716));
#6478 = CARTESIAN_POINT('',(4.125553584539,14.323599622314));
#6479 = CARTESIAN_POINT('',(4.15560942023,14.207856224495));
#6480 = CARTESIAN_POINT('',(4.186074321811,14.094913214244));
#6481 = CARTESIAN_POINT('',(4.216967450878,13.985586503553));
#6482 = CARTESIAN_POINT('',(4.272350424148,13.800316302473));
#6483 = CARTESIAN_POINT('',(4.29665885652,13.722517473008));
#6484 = CARTESIAN_POINT('',(4.321229029825,13.647784495941));
#6485 = CARTESIAN_POINT('',(4.346056360695,13.576559842612));
#6486 = CARTESIAN_POINT('',(4.371137407443,13.50928191292));
#6487 = CARTESIAN_POINT('',(4.396469808117,13.446380204349));
#6488 = CARTESIAN_POINT('',(4.462158529201,13.29717012821));
#6489 = CARTESIAN_POINT('',(4.502940185293,13.217709140949));
#6490 = CARTESIAN_POINT('',(4.544252941082,13.15187725041));
#6491 = CARTESIAN_POINT('',(4.58596909473,13.101299059054));
#6492 = CARTESIAN_POINT('',(4.62797167559,13.067130230761));
#6493 = CARTESIAN_POINT('',(4.670148912112,13.05));
#6494 = CARTESIAN_POINT('',(4.741356265255,13.05));
#6495 = CARTESIAN_POINT('',(4.770312921713,13.058056195084));
#6496 = CARTESIAN_POINT('',(4.799215295353,13.074157948422));
#6497 = CARTESIAN_POINT('',(4.828019834829,13.098163077571));
#6498 = CARTESIAN_POINT('',(4.856682091423,13.129798755503));
#6499 = CARTESIAN_POINT('',(4.885155701799,13.168668363134));
#6500 = CARTESIAN_POINT('',(4.953329924184,13.278758509745));
#6501 = CARTESIAN_POINT('',(4.992753246018,13.356646687925));
#6502 = CARTESIAN_POINT('',(5.031646097202,13.446644317122));
#6503 = CARTESIAN_POINT('',(5.069987664091,13.547302395256));
#6504 = CARTESIAN_POINT('',(5.107750678173,13.657055019554));
#6505 = CARTESIAN_POINT('',(5.144900552601,13.77426697717));
#6506 = CARTESIAN_POINT('',(5.21246459086,14.002012758701));
#6507 = CARTESIAN_POINT('',(5.243093369594,14.111065511911));
#6508 = CARTESIAN_POINT('',(5.27330126884,14.223598286969));
#6509 = CARTESIAN_POINT('',(5.303107221595,14.338816476752));
#6510 = CARTESIAN_POINT('',(5.332528951526,14.455973893034));
#6511 = CARTESIAN_POINT('',(5.361583244569,14.574374484028));
#6512 = CARTESIAN_POINT('',(5.413683677205,14.790377485955));
#6513 = CARTESIAN_POINT('',(5.43685171519,14.887795538215));
#6514 = CARTESIAN_POINT('',(5.459802758837,14.985295164825));
#6515 = CARTESIAN_POINT('',(5.48254860743,15.082565132148));
#6516 = CARTESIAN_POINT('',(5.505100715324,15.179315356395));
#6517 = CARTESIAN_POINT('',(5.527470472098,15.275276243231));
#6518 = CARTESIAN_POINT('',(5.661755996209,15.849473975097));
#6519 = CARTESIAN_POINT('',(5.769861942085,16.303850438562));
#6520 = CARTESIAN_POINT('',(5.875068891588,16.699319602956));
#6521 = CARTESIAN_POINT('',(5.978220731787,17.012039167038));
#6522 = CARTESIAN_POINT('',(6.080102335109,17.226477292413));
#6523 = CARTESIAN_POINT('',(6.181475888304,17.334339811662));
#6524 = CARTESIAN_POINT('',(6.28318530718,17.334339811662));
#6525 = ( GEOMETRIC_REPRESENTATION_CONTEXT(2) 
PARAMETRIC_REPRESENTATION_CONTEXT() REPRESENTATION_CONTEXT('2D SPACE',''
  ) );
#6526 = ADVANCED_FACE('',(#6527),#6020,.F.);
#6527 = FACE_BOUND('',#6528,.T.);
#6528 = EDGE_LOOP('',(#6529));
#6529 = ORIENTED_EDGE('',*,*,#6005,.F.);
#6530 = ADVANCED_FACE('',(#6531),#5992,.T.);
#6531 = FACE_BOUND('',#6532,.T.);
#6532 = EDGE_LOOP('',(#6533));
#6533 = ORIENTED_EDGE('',*,*,#5977,.T.);
#6534 = ADVANCED_FACE('',(#6535),#6360,.F.);
#6535 = FACE_BOUND('',#6536,.F.);
#6536 = EDGE_LOOP('',(#6537,#6568,#6589,#6590,#6591));
#6537 = ORIENTED_EDGE('',*,*,#6538,.F.);
#6538 = EDGE_CURVE('',#6539,#6541,#6543,.T.);
#6539 = VERTEX_POINT('',#6540);
#6540 = CARTESIAN_POINT('',(751.1,-185.15,1.55E+03));
#6541 = VERTEX_POINT('',#6542);
#6542 = CARTESIAN_POINT('',(708.9,-185.15,1.55E+03));
#6543 = SURFACE_CURVE('',#6544,(#6549,#6556),.PCURVE_S1.);
#6544 = CIRCLE('',#6545,21.1);
#6545 = AXIS2_PLACEMENT_3D('',#6546,#6547,#6548);
#6546 = CARTESIAN_POINT('',(730.,-185.15,1.55E+03));
#6547 = DIRECTION('',(0.,-1.,2.22044604925E-16));
#6548 = DIRECTION('',(1.,0.,0.));
#6549 = PCURVE('',#6360,#6550);
#6550 = DEFINITIONAL_REPRESENTATION('',(#6551),#6555);
#6551 = LINE('',#6552,#6553);
#6552 = CARTESIAN_POINT('',(0.,35.15));
#6553 = VECTOR('',#6554,1.);
#6554 = DIRECTION('',(1.,0.));
#6555 = ( GEOMETRIC_REPRESENTATION_CONTEXT(2) 
PARAMETRIC_REPRESENTATION_CONTEXT() REPRESENTATION_CONTEXT('2D SPACE',''
  ) );
#6556 = PCURVE('',#6557,#6562);
#6557 = PLANE('',#6558);
#6558 = AXIS2_PLACEMENT_3D('',#6559,#6560,#6561);
#6559 = CARTESIAN_POINT('',(730.,-185.15,1.55E+03));
#6560 = DIRECTION('',(0.,-1.,2.22044604925E-16));
#6561 = DIRECTION('',(1.,0.,0.));
#6562 = DEFINITIONAL_REPRESENTATION('',(#6563),#6567);
#6563 = CIRCLE('',#6564,21.1);
#6564 = AXIS2_PLACEMENT_2D('',#6565,#6566);
#6565 = CARTESIAN_POINT('',(0.,0.));
#6566 = DIRECTION('',(1.,0.));
#6567 = ( GEOMETRIC_REPRESENTATION_CONTEXT(2) 
PARAMETRIC_REPRESENTATION_CONTEXT() REPRESENTATION_CONTEXT('2D SPACE',''
  ) );
#6568 = ORIENTED_EDGE('',*,*,#6569,.F.);
#6569 = EDGE_CURVE('',#6035,#6539,#6570,.T.);
#6570 = SEAM_CURVE('',#6571,(#6575,#6582),.PCURVE_S1.);
#6571 = LINE('',#6572,#6573);
#6572 = CARTESIAN_POINT('',(751.1,-150.,1.55E+03));
#6573 = VECTOR('',#6574,1.);
#6574 = DIRECTION('',(0.,-1.,2.22044604925E-16));
#6575 = PCURVE('',#6360,#6576);
#6576 = DEFINITIONAL_REPRESENTATION('',(#6577),#6581);
#6577 = LINE('',#6578,#6579);
#6578 = CARTESIAN_POINT('',(6.28318530718,-0.));
#6579 = VECTOR('',#6580,1.);
#6580 = DIRECTION('',(0.,1.));
#6581 = ( GEOMETRIC_REPRESENTATION_CONTEXT(2) 
PARAMETRIC_REPRESENTATION_CONTEXT() REPRESENTATION_CONTEXT('2D SPACE',''
  ) );
#6582 = PCURVE('',#6360,#6583);
#6583 = DEFINITIONAL_REPRESENTATION('',(#6584),#6588);
#6584 = LINE('',#6585,#6586);
#6585 = CARTESIAN_POINT('',(0.,-0.));
#6586 = VECTOR('',#6587,1.);
#6587 = DIRECTION('',(0.,1.));
#6588 = ( GEOMETRIC_REPRESENTATION_CONTEXT(2) 
PARAMETRIC_REPRESENTATION_CONTEXT() REPRESENTATION_CONTEXT('2D SPACE',''
  ) );
#6589 = ORIENTED_EDGE('',*,*,#6034,.T.);
#6590 = ORIENTED_EDGE('',*,*,#6569,.T.);
#6591 = ORIENTED_EDGE('',*,*,#6592,.T.);
#6592 = EDGE_CURVE('',#6539,#6541,#6593,.T.);
#6593 = SURFACE_CURVE('',#6594,(#6599,#6619),.PCURVE_S1.);
#6594 = ELLIPSE('',#6595,29.839906166072,21.1);
#6595 = AXIS2_PLACEMENT_3D('',#6596,#6597,#6598);
#6596 = CARTESIAN_POINT('',(730.,-185.15,1.55E+03));
#6597 = DIRECTION('',(0.,0.707106781187,0.707106781187));
#6598 = DIRECTION('',(0.,-0.707106781187,0.707106781187));
#6599 = PCURVE('',#6360,#6600);
#6600 = DEFINITIONAL_REPRESENTATION('',(#6601),#6618);
#6601 = B_SPLINE_CURVE_WITH_KNOTS('',8,(#6602,#6603,#6604,#6605,#6606,
    #6607,#6608,#6609,#6610,#6611,#6612,#6613,#6614,#6615,#6616,#6617),
  .UNSPECIFIED.,.F.,.F.,(9,7,9),(1.570796125219,3.141592581238,
    4.712389037257),.UNSPECIFIED.);
#6602 = CARTESIAN_POINT('',(6.283185508755,35.150004253248));
#6603 = CARTESIAN_POINT('',(6.086835951753,31.007028600498));
#6604 = CARTESIAN_POINT('',(5.890486394751,26.86405177666));
#6605 = CARTESIAN_POINT('',(5.69413683775,22.964472917134));
#6606 = CARTESIAN_POINT('',(5.497787280746,19.551642383871));
#6607 = CARTESIAN_POINT('',(5.301437723744,16.83904056278));
#6608 = CARTESIAN_POINT('',(5.105088166741,14.979683125763));
#6609 = CARTESIAN_POINT('',(4.908738609739,14.050000299752));
#6610 = CARTESIAN_POINT('',(4.516039495734,14.049999700248));
#6611 = CARTESIAN_POINT('',(4.319689938735,14.979681926729));
#6612 = CARTESIAN_POINT('',(4.123340381723,16.839038799546));
#6613 = CARTESIAN_POINT('',(3.92699082474,19.551640126738));
#6614 = CARTESIAN_POINT('',(3.730641267718,22.964470267485));
#6615 = CARTESIAN_POINT('',(3.534291710726,26.864048857926));
#6616 = CARTESIAN_POINT('',(3.33794215372,31.00702554725));
#6617 = CARTESIAN_POINT('',(3.141592596718,35.1500012));
#6618 = ( GEOMETRIC_REPRESENTATION_CONTEXT(2) 
PARAMETRIC_REPRESENTATION_CONTEXT() REPRESENTATION_CONTEXT('2D SPACE',''
  ) );
#6619 = PCURVE('',#6620,#6625);
#6620 = CYLINDRICAL_SURFACE('',#6621,21.1);
#6621 = AXIS2_PLACEMENT_3D('',#6622,#6623,#6624);
#6622 = CARTESIAN_POINT('',(730.,-185.15,610.));
#6623 = DIRECTION('',(0.,0.,1.));
#6624 = DIRECTION('',(1.,0.,-0.));
#6625 = DEFINITIONAL_REPRESENTATION('',(#6626),#6643);
#6626 = B_SPLINE_CURVE_WITH_KNOTS('',8,(#6627,#6628,#6629,#6630,#6631,
    #6632,#6633,#6634,#6635,#6636,#6637,#6638,#6639,#6640,#6641,#6642),
  .UNSPECIFIED.,.F.,.F.,(9,7,9),(1.570796125219,3.141592581238,
    4.712389037257),.UNSPECIFIED.);
#6627 = CARTESIAN_POINT('',(-2.015757170071E-07,940.00000425324));
#6628 = CARTESIAN_POINT('',(0.196349355427,935.85702860049));
#6629 = CARTESIAN_POINT('',(0.392698912429,931.71405177656));
#6630 = CARTESIAN_POINT('',(0.589048469431,927.8144729156));
#6631 = CARTESIAN_POINT('',(0.785398026434,924.4016423868));
#6632 = CARTESIAN_POINT('',(0.981747583434,921.6890405626));
#6633 = CARTESIAN_POINT('',(1.178097140438,919.82968312571));
#6634 = CARTESIAN_POINT('',(1.374446697441,918.90000029975));
#6635 = CARTESIAN_POINT('',(1.767145811445,918.89999970024));
#6636 = CARTESIAN_POINT('',(1.963495368442,919.82968192698));
#6637 = CARTESIAN_POINT('',(2.159844925464,921.68903879914));
#6638 = CARTESIAN_POINT('',(2.356194482432,924.40164012834));
#6639 = CARTESIAN_POINT('',(2.552544039472,927.81447026692));
#6640 = CARTESIAN_POINT('',(2.748893596452,931.71404885791));
#6641 = CARTESIAN_POINT('',(2.945243153459,935.85702554725));
#6642 = CARTESIAN_POINT('',(3.141592710462,940.0000012));
#6643 = ( GEOMETRIC_REPRESENTATION_CONTEXT(2) 
PARAMETRIC_REPRESENTATION_CONTEXT() REPRESENTATION_CONTEXT('2D SPACE',''
  ) );
#6644 = ADVANCED_FACE('',(#6645),#6557,.F.);
#6645 = FACE_BOUND('',#6646,.F.);
#6646 = EDGE_LOOP('',(#6647,#6671));
#6647 = ORIENTED_EDGE('',*,*,#6648,.T.);
#6648 = EDGE_CURVE('',#6541,#6539,#6649,.T.);
#6649 = SURFACE_CURVE('',#6650,(#6654,#6660),.PCURVE_S1.);
#6650 = LINE('',#6651,#6652);
#6651 = CARTESIAN_POINT('',(730.,-185.15,1.55E+03));
#6652 = VECTOR('',#6653,1.);
#6653 = DIRECTION('',(1.,0.,-0.));
#6654 = PCURVE('',#6557,#6655);
#6655 = DEFINITIONAL_REPRESENTATION('',(#6656),#6659);
#6656 = B_SPLINE_CURVE_WITH_KNOTS('',1,(#6657,#6658),.UNSPECIFIED.,.F.,
  .F.,(2,2),(-21.1,21.1),.PIECEWISE_BEZIER_KNOTS.);
#6657 = CARTESIAN_POINT('',(-21.1,0.));
#6658 = CARTESIAN_POINT('',(21.1,0.));
#6659 = ( GEOMETRIC_REPRESENTATION_CONTEXT(2) 
PARAMETRIC_REPRESENTATION_CONTEXT() REPRESENTATION_CONTEXT('2D SPACE',''
  ) );
#6660 = PCURVE('',#6661,#6666);
#6661 = PLANE('',#6662);
#6662 = AXIS2_PLACEMENT_3D('',#6663,#6664,#6665);
#6663 = CARTESIAN_POINT('',(730.,-185.15,1.55E+03));
#6664 = DIRECTION('',(0.,0.,1.));
#6665 = DIRECTION('',(1.,0.,-0.));
#6666 = DEFINITIONAL_REPRESENTATION('',(#6667),#6670);
#6667 = B_SPLINE_CURVE_WITH_KNOTS('',1,(#6668,#6669),.UNSPECIFIED.,.F.,
  .F.,(2,2),(-21.1,21.1),.PIECEWISE_BEZIER_KNOTS.);
#6668 = CARTESIAN_POINT('',(-21.1,0.));
#6669 = CARTESIAN_POINT('',(21.1,0.));
#6670 = ( GEOMETRIC_REPRESENTATION_CONTEXT(2) 
PARAMETRIC_REPRESENTATION_CONTEXT() REPRESENTATION_CONTEXT('2D SPACE',''
  ) );
#6671 = ORIENTED_EDGE('',*,*,#6538,.T.);
#6672 = ADVANCED_FACE('',(#6673),#6620,.F.);
#6673 = FACE_BOUND('',#6674,.F.);
#6674 = EDGE_LOOP('',(#6675,#6698,#6720,#6721,#6722));
#6675 = ORIENTED_EDGE('',*,*,#6676,.T.);
#6676 = EDGE_CURVE('',#6677,#6539,#6679,.T.);
#6677 = VERTEX_POINT('',#6678);
#6678 = CARTESIAN_POINT('',(751.1,-185.15,610.));
#6679 = SEAM_CURVE('',#6680,(#6684,#6691),.PCURVE_S1.);
#6680 = LINE('',#6681,#6682);
#6681 = CARTESIAN_POINT('',(751.1,-185.15,610.));
#6682 = VECTOR('',#6683,1.);
#6683 = DIRECTION('',(0.,0.,1.));
#6684 = PCURVE('',#6620,#6685);
#6685 = DEFINITIONAL_REPRESENTATION('',(#6686),#6690);
#6686 = LINE('',#6687,#6688);
#6687 = CARTESIAN_POINT('',(6.28318530718,-0.));
#6688 = VECTOR('',#6689,1.);
#6689 = DIRECTION('',(0.,1.));
#6690 = ( GEOMETRIC_REPRESENTATION_CONTEXT(2) 
PARAMETRIC_REPRESENTATION_CONTEXT() REPRESENTATION_CONTEXT('2D SPACE',''
  ) );
#6691 = PCURVE('',#6620,#6692);
#6692 = DEFINITIONAL_REPRESENTATION('',(#6693),#6697);
#6693 = LINE('',#6694,#6695);
#6694 = CARTESIAN_POINT('',(0.,-0.));
#6695 = VECTOR('',#6696,1.);
#6696 = DIRECTION('',(0.,1.));
#6697 = ( GEOMETRIC_REPRESENTATION_CONTEXT(2) 
PARAMETRIC_REPRESENTATION_CONTEXT() REPRESENTATION_CONTEXT('2D SPACE',''
  ) );
#6698 = ORIENTED_EDGE('',*,*,#6699,.F.);
#6699 = EDGE_CURVE('',#6541,#6539,#6700,.T.);
#6700 = SURFACE_CURVE('',#6701,(#6706,#6713),.PCURVE_S1.);
#6701 = CIRCLE('',#6702,21.1);
#6702 = AXIS2_PLACEMENT_3D('',#6703,#6704,#6705);
#6703 = CARTESIAN_POINT('',(730.,-185.15,1.55E+03));
#6704 = DIRECTION('',(0.,0.,1.));
#6705 = DIRECTION('',(1.,0.,-0.));
#6706 = PCURVE('',#6620,#6707);
#6707 = DEFINITIONAL_REPRESENTATION('',(#6708),#6712);
#6708 = LINE('',#6709,#6710);
#6709 = CARTESIAN_POINT('',(0.,940.));
#6710 = VECTOR('',#6711,1.);
#6711 = DIRECTION('',(1.,0.));
#6712 = ( GEOMETRIC_REPRESENTATION_CONTEXT(2) 
PARAMETRIC_REPRESENTATION_CONTEXT() REPRESENTATION_CONTEXT('2D SPACE',''
  ) );
#6713 = PCURVE('',#6661,#6714);
#6714 = DEFINITIONAL_REPRESENTATION('',(#6715),#6719);
#6715 = CIRCLE('',#6716,21.1);
#6716 = AXIS2_PLACEMENT_2D('',#6717,#6718);
#6717 = CARTESIAN_POINT('',(0.,0.));
#6718 = DIRECTION('',(1.,0.));
#6719 = ( GEOMETRIC_REPRESENTATION_CONTEXT(2) 
PARAMETRIC_REPRESENTATION_CONTEXT() REPRESENTATION_CONTEXT('2D SPACE',''
  ) );
#6720 = ORIENTED_EDGE('',*,*,#6592,.F.);
#6721 = ORIENTED_EDGE('',*,*,#6676,.F.);
#6722 = ORIENTED_EDGE('',*,*,#6723,.T.);
#6723 = EDGE_CURVE('',#6677,#6677,#6724,.T.);
#6724 = SURFACE_CURVE('',#6725,(#6730,#6737),.PCURVE_S1.);
#6725 = CIRCLE('',#6726,21.1);
#6726 = AXIS2_PLACEMENT_3D('',#6727,#6728,#6729);
#6727 = CARTESIAN_POINT('',(730.,-185.15,610.));
#6728 = DIRECTION('',(0.,0.,1.));
#6729 = DIRECTION('',(1.,0.,-0.));
#6730 = PCURVE('',#6620,#6731);
#6731 = DEFINITIONAL_REPRESENTATION('',(#6732),#6736);
#6732 = LINE('',#6733,#6734);
#6733 = CARTESIAN_POINT('',(0.,0.));
#6734 = VECTOR('',#6735,1.);
#6735 = DIRECTION('',(1.,0.));
#6736 = ( GEOMETRIC_REPRESENTATION_CONTEXT(2) 
PARAMETRIC_REPRESENTATION_CONTEXT() REPRESENTATION_CONTEXT('2D SPACE',''
  ) );
#6737 = PCURVE('',#6738,#6743);
#6738 = PLANE('',#6739);
#6739 = AXIS2_PLACEMENT_3D('',#6740,#6741,#6742);
#6740 = CARTESIAN_POINT('',(730.,-185.15,610.));
#6741 = DIRECTION('',(0.,0.,1.));
#6742 = DIRECTION('',(1.,0.,-0.));
#6743 = DEFINITIONAL_REPRESENTATION('',(#6744),#6748);
#6744 = CIRCLE('',#6745,21.1);
#6745 = AXIS2_PLACEMENT_2D('',#6746,#6747);
#6746 = CARTESIAN_POINT('',(0.,0.));
#6747 = DIRECTION('',(1.,0.));
#6748 = ( GEOMETRIC_REPRESENTATION_CONTEXT(2) 
PARAMETRIC_REPRESENTATION_CONTEXT() REPRESENTATION_CONTEXT('2D SPACE',''
  ) );
#6749 = ADVANCED_FACE('',(#6750),#6661,.F.);
#6750 = FACE_BOUND('',#6751,.F.);
#6751 = EDGE_LOOP('',(#6752,#6753));
#6752 = ORIENTED_EDGE('',*,*,#6699,.T.);
#6753 = ORIENTED_EDGE('',*,*,#6648,.F.);
#6754 = ADVANCED_FACE('',(#6755,#6758),#6738,.T.);
#6755 = FACE_BOUND('',#6756,.T.);
#6756 = EDGE_LOOP('',(#6757));
#6757 = ORIENTED_EDGE('',*,*,#6723,.T.);
#6758 = FACE_BOUND('',#6759,.T.);
#6759 = EDGE_LOOP('',(#6760));
#6760 = ORIENTED_EDGE('',*,*,#6761,.F.);
#6761 = EDGE_CURVE('',#6762,#6762,#6764,.T.);
#6762 = VERTEX_POINT('',#6763);
#6763 = CARTESIAN_POINT('',(747.54,-185.15,610.));
#6764 = SURFACE_CURVE('',#6765,(#6770,#6777),.PCURVE_S1.);
#6765 = CIRCLE('',#6766,17.54);
#6766 = AXIS2_PLACEMENT_3D('',#6767,#6768,#6769);
#6767 = CARTESIAN_POINT('',(730.,-185.15,610.));
#6768 = DIRECTION('',(0.,0.,1.));
#6769 = DIRECTION('',(1.,0.,-0.));
#6770 = PCURVE('',#6738,#6771);
#6771 = DEFINITIONAL_REPRESENTATION('',(#6772),#6776);
#6772 = CIRCLE('',#6773,17.54);
#6773 = AXIS2_PLACEMENT_2D('',#6774,#6775);
#6774 = CARTESIAN_POINT('',(0.,0.));
#6775 = DIRECTION('',(1.,0.));
#6776 = ( GEOMETRIC_REPRESENTATION_CONTEXT(2) 
PARAMETRIC_REPRESENTATION_CONTEXT() REPRESENTATION_CONTEXT('2D SPACE',''
  ) );
#6777 = PCURVE('',#6778,#6783);
#6778 = CYLINDRICAL_SURFACE('',#6779,17.54);
#6779 = AXIS2_PLACEMENT_3D('',#6780,#6781,#6782);
#6780 = CARTESIAN_POINT('',(730.,-185.15,609.));
#6781 = DIRECTION('',(0.,0.,1.));
#6782 = DIRECTION('',(1.,0.,-0.));
#6783 = DEFINITIONAL_REPRESENTATION('',(#6784),#6788);
#6784 = LINE('',#6785,#6786);
#6785 = CARTESIAN_POINT('',(0.,1.));
#6786 = VECTOR('',#6787,1.);
#6787 = DIRECTION('',(1.,0.));
#6788 = ( GEOMETRIC_REPRESENTATION_CONTEXT(2) 
PARAMETRIC_REPRESENTATION_CONTEXT() REPRESENTATION_CONTEXT('2D SPACE',''
  ) );
#6789 = ADVANCED_FACE('',(#6790),#6778,.T.);
#6790 = FACE_BOUND('',#6791,.T.);
#6791 = EDGE_LOOP('',(#6792,#6793,#6816,#6845,#6888,#6910));
#6792 = ORIENTED_EDGE('',*,*,#6761,.T.);
#6793 = ORIENTED_EDGE('',*,*,#6794,.T.);
#6794 = EDGE_CURVE('',#6762,#6795,#6797,.T.);
#6795 = VERTEX_POINT('',#6796);
#6796 = CARTESIAN_POINT('',(747.54,-185.15,1.529E+03));
#6797 = SEAM_CURVE('',#6798,(#6802,#6809),.PCURVE_S1.);
#6798 = LINE('',#6799,#6800);
#6799 = CARTESIAN_POINT('',(747.54,-185.15,609.));
#6800 = VECTOR('',#6801,1.);
#6801 = DIRECTION('',(0.,0.,1.));
#6802 = PCURVE('',#6778,#6803);
#6803 = DEFINITIONAL_REPRESENTATION('',(#6804),#6808);
#6804 = LINE('',#6805,#6806);
#6805 = CARTESIAN_POINT('',(0.,-0.));
#6806 = VECTOR('',#6807,1.);
#6807 = DIRECTION('',(0.,1.));
#6808 = ( GEOMETRIC_REPRESENTATION_CONTEXT(2) 
PARAMETRIC_REPRESENTATION_CONTEXT() REPRESENTATION_CONTEXT('2D SPACE',''
  ) );
#6809 = PCURVE('',#6778,#6810);
#6810 = DEFINITIONAL_REPRESENTATION('',(#6811),#6815);
#6811 = LINE('',#6812,#6813);
#6812 = CARTESIAN_POINT('',(6.28318530718,-0.));
#6813 = VECTOR('',#6814,1.);
#6814 = DIRECTION('',(0.,1.));
#6815 = ( GEOMETRIC_REPRESENTATION_CONTEXT(2) 
PARAMETRIC_REPRESENTATION_CONTEXT() REPRESENTATION_CONTEXT('2D SPACE',''
  ) );
#6816 = ORIENTED_EDGE('',*,*,#6817,.F.);
#6817 = EDGE_CURVE('',#6818,#6795,#6820,.T.);
#6818 = VERTEX_POINT('',#6819);
#6819 = CARTESIAN_POINT('',(727.94817154714,-167.7304248042,1.529E+03));
#6820 = SURFACE_CURVE('',#6821,(#6826,#6833),.PCURVE_S1.);
#6821 = CIRCLE('',#6822,17.54);
#6822 = AXIS2_PLACEMENT_3D('',#6823,#6824,#6825);
#6823 = CARTESIAN_POINT('',(730.,-185.15,1.529E+03));
#6824 = DIRECTION('',(0.,0.,1.));
#6825 = DIRECTION('',(1.,0.,-0.));
#6826 = PCURVE('',#6778,#6827);
#6827 = DEFINITIONAL_REPRESENTATION('',(#6828),#6832);
#6828 = LINE('',#6829,#6830);
#6829 = CARTESIAN_POINT('',(0.,920.));
#6830 = VECTOR('',#6831,1.);
#6831 = DIRECTION('',(1.,0.));
#6832 = ( GEOMETRIC_REPRESENTATION_CONTEXT(2) 
PARAMETRIC_REPRESENTATION_CONTEXT() REPRESENTATION_CONTEXT('2D SPACE',''
  ) );
#6833 = PCURVE('',#6834,#6839);
#6834 = PLANE('',#6835);
#6835 = AXIS2_PLACEMENT_3D('',#6836,#6837,#6838);
#6836 = CARTESIAN_POINT('',(730.,-185.15,1.529E+03));
#6837 = DIRECTION('',(0.,0.,1.));
#6838 = DIRECTION('',(1.,0.,-0.));
#6839 = DEFINITIONAL_REPRESENTATION('',(#6840),#6844);
#6840 = CIRCLE('',#6841,17.54);
#6841 = AXIS2_PLACEMENT_2D('',#6842,#6843);
#6842 = CARTESIAN_POINT('',(0.,0.));
#6843 = DIRECTION('',(1.,0.));
#6844 = ( GEOMETRIC_REPRESENTATION_CONTEXT(2) 
PARAMETRIC_REPRESENTATION_CONTEXT() REPRESENTATION_CONTEXT('2D SPACE',''
  ) );
#6845 = ORIENTED_EDGE('',*,*,#6846,.F.);
#6846 = EDGE_CURVE('',#6847,#6818,#6849,.T.);
#6847 = VERTEX_POINT('',#6848);
#6848 = CARTESIAN_POINT('',(732.05182845285,-167.7304248042,1.529E+03));
#6849 = SURFACE_CURVE('',#6850,(#6859,#6871),.PCURVE_S1.);
#6850 = B_SPLINE_CURVE_WITH_KNOTS('',4,(#6851,#6852,#6853,#6854,#6855,
    #6856,#6857,#6858),.UNSPECIFIED.,.F.,.F.,(5,3,5),(0.,0.49788921552,
    1.),.UNSPECIFIED.);
#6851 = CARTESIAN_POINT('',(732.05185301611,-167.7304276975,
    1.5290000024E+03));
#6852 = CARTESIAN_POINT('',(731.54877392928,-167.6711699658,
    1.528950847902E+03));
#6853 = CARTESIAN_POINT('',(731.0380901669,-167.6306575343,
    1.528917172636E+03));
#6854 = CARTESIAN_POINT('',(730.5234945638,-167.6102582816,
    1.528900214704E+03));
#6855 = CARTESIAN_POINT('',(729.48959398418,-167.6097438885,
    1.5288997871E+03));
#6856 = CARTESIAN_POINT('',(728.9705690983,-167.629971921,
    1.528916602714E+03));
#6857 = CARTESIAN_POINT('',(728.45549003237,-167.6706677134,
    1.528950431282E+03));
#6858 = CARTESIAN_POINT('',(727.94814698383,-167.7304276975,
    1.5290000024E+03));
#6859 = PCURVE('',#6778,#6860);
#6860 = DEFINITIONAL_REPRESENTATION('',(#6861),#6870);
#6861 = B_SPLINE_CURVE_WITH_KNOTS('',4,(#6862,#6863,#6864,#6865,#6866,
    #6867,#6868,#6869),.UNSPECIFIED.,.F.,.F.,(5,3,5),(0.,0.49788921552,
    1.),.UNSPECIFIED.);
#6862 = CARTESIAN_POINT('',(1.453546504518,920.0000024));
#6863 = CARTESIAN_POINT('',(1.482426610074,919.95084790192));
#6864 = CARTESIAN_POINT('',(1.511611962341,919.91717263585));
#6865 = CARTESIAN_POINT('',(1.540950566939,919.90021470422));
#6866 = CARTESIAN_POINT('',(1.599895875239,919.89978709979));
#6867 = CARTESIAN_POINT('',(1.629485835263,919.9166027144));
#6868 = CARTESIAN_POINT('',(1.658921263588,919.95043128174));
#6869 = CARTESIAN_POINT('',(1.688046149075,920.0000024));
#6870 = ( GEOMETRIC_REPRESENTATION_CONTEXT(2) 
PARAMETRIC_REPRESENTATION_CONTEXT() REPRESENTATION_CONTEXT('2D SPACE',''
  ) );
#6871 = PCURVE('',#6872,#6877);
#6872 = CYLINDRICAL_SURFACE('',#6873,21.1);
#6873 = AXIS2_PLACEMENT_3D('',#6874,#6875,#6876);
#6874 = CARTESIAN_POINT('',(730.,-150.,1.55E+03));
#6875 = DIRECTION('',(0.,-1.,2.22044604925E-16));
#6876 = DIRECTION('',(1.,0.,0.));
#6877 = DEFINITIONAL_REPRESENTATION('',(#6878),#6887);
#6878 = B_SPLINE_CURVE_WITH_KNOTS('',4,(#6879,#6880,#6881,#6882,#6883,
    #6884,#6885,#6886),.UNSPECIFIED.,.F.,.F.,(5,3,5),(0.,0.49788921552,
    1.),.UNSPECIFIED.);
#6879 = CARTESIAN_POINT('',(4.809787119041,17.730427697551));
#6880 = CARTESIAN_POINT('',(4.785830969311,17.67116996586));
#6881 = CARTESIAN_POINT('',(4.761587660161,17.630657534346));
#6882 = CARTESIAN_POINT('',(4.737199151384,17.610258281603));
#6883 = CARTESIAN_POINT('',(4.688199119723,17.609743888574));
#6884 = CARTESIAN_POINT('',(4.663601365078,17.629971921042));
#6885 = CARTESIAN_POINT('',(4.639150037275,17.670667713425));
#6886 = CARTESIAN_POINT('',(4.614990841726,17.730427697557));
#6887 = ( GEOMETRIC_REPRESENTATION_CONTEXT(2) 
PARAMETRIC_REPRESENTATION_CONTEXT() REPRESENTATION_CONTEXT('2D SPACE',''
  ) );
#6888 = ORIENTED_EDGE('',*,*,#6889,.F.);
#6889 = EDGE_CURVE('',#6795,#6847,#6890,.T.);
#6890 = SURFACE_CURVE('',#6891,(#6896,#6903),.PCURVE_S1.);
#6891 = CIRCLE('',#6892,17.54);
#6892 = AXIS2_PLACEMENT_3D('',#6893,#6894,#6895);
#6893 = CARTESIAN_POINT('',(730.,-185.15,1.529E+03));
#6894 = DIRECTION('',(0.,0.,1.));
#6895 = DIRECTION('',(1.,0.,-0.));
#6896 = PCURVE('',#6778,#6897);
#6897 = DEFINITIONAL_REPRESENTATION('',(#6898),#6902);
#6898 = LINE('',#6899,#6900);
#6899 = CARTESIAN_POINT('',(0.,920.));
#6900 = VECTOR('',#6901,1.);
#6901 = DIRECTION('',(1.,0.));
#6902 = ( GEOMETRIC_REPRESENTATION_CONTEXT(2) 
PARAMETRIC_REPRESENTATION_CONTEXT() REPRESENTATION_CONTEXT('2D SPACE',''
  ) );
#6903 = PCURVE('',#6834,#6904);
#6904 = DEFINITIONAL_REPRESENTATION('',(#6905),#6909);
#6905 = CIRCLE('',#6906,17.54);
#6906 = AXIS2_PLACEMENT_2D('',#6907,#6908);
#6907 = CARTESIAN_POINT('',(0.,0.));
#6908 = DIRECTION('',(1.,0.));
#6909 = ( GEOMETRIC_REPRESENTATION_CONTEXT(2) 
PARAMETRIC_REPRESENTATION_CONTEXT() REPRESENTATION_CONTEXT('2D SPACE',''
  ) );
#6910 = ORIENTED_EDGE('',*,*,#6794,.F.);
#6911 = ADVANCED_FACE('',(#6912),#6834,.T.);
#6912 = FACE_BOUND('',#6913,.T.);
#6913 = EDGE_LOOP('',(#6914,#6915,#6916,#6937,#6963));
#6914 = ORIENTED_EDGE('',*,*,#6817,.T.);
#6915 = ORIENTED_EDGE('',*,*,#6889,.T.);
#6916 = ORIENTED_EDGE('',*,*,#6917,.T.);
#6917 = EDGE_CURVE('',#6847,#6918,#6920,.T.);
#6918 = VERTEX_POINT('',#6919);
#6919 = CARTESIAN_POINT('',(732.05182845286,-185.15,1.529E+03));
#6920 = SURFACE_CURVE('',#6921,(#6925,#6931),.PCURVE_S1.);
#6921 = LINE('',#6922,#6923);
#6922 = CARTESIAN_POINT('',(732.05182845286,-150.,1.529E+03));
#6923 = VECTOR('',#6924,1.);
#6924 = DIRECTION('',(0.,-1.,2.22044604925E-16));
#6925 = PCURVE('',#6834,#6926);
#6926 = DEFINITIONAL_REPRESENTATION('',(#6927),#6930);
#6927 = B_SPLINE_CURVE_WITH_KNOTS('',1,(#6928,#6929),.UNSPECIFIED.,.F.,
  .F.,(2,2),(14.102,35.1500024),.PIECEWISE_BEZIER_KNOTS.);
#6928 = CARTESIAN_POINT('',(2.051828452868,21.048));
#6929 = CARTESIAN_POINT('',(2.051828452868,-2.399999999625E-06));
#6930 = ( GEOMETRIC_REPRESENTATION_CONTEXT(2) 
PARAMETRIC_REPRESENTATION_CONTEXT() REPRESENTATION_CONTEXT('2D SPACE',''
  ) );
#6931 = PCURVE('',#6872,#6932);
#6932 = DEFINITIONAL_REPRESENTATION('',(#6933),#6936);
#6933 = B_SPLINE_CURVE_WITH_KNOTS('',1,(#6934,#6935),.UNSPECIFIED.,.F.,
  .F.,(2,2),(14.102,35.1500024),.PIECEWISE_BEZIER_KNOTS.);
#6934 = CARTESIAN_POINT('',(4.809785949362,14.102));
#6935 = CARTESIAN_POINT('',(4.809785949362,35.1500024));
#6936 = ( GEOMETRIC_REPRESENTATION_CONTEXT(2) 
PARAMETRIC_REPRESENTATION_CONTEXT() REPRESENTATION_CONTEXT('2D SPACE',''
  ) );
#6937 = ORIENTED_EDGE('',*,*,#6938,.F.);
#6938 = EDGE_CURVE('',#6939,#6918,#6941,.T.);
#6939 = VERTEX_POINT('',#6940);
#6940 = CARTESIAN_POINT('',(727.94817154713,-185.15,1.529E+03));
#6941 = SURFACE_CURVE('',#6942,(#6946,#6952),.PCURVE_S1.);
#6942 = LINE('',#6943,#6944);
#6943 = CARTESIAN_POINT('',(730.,-185.15,1.529E+03));
#6944 = VECTOR('',#6945,1.);
#6945 = DIRECTION('',(1.,0.,-0.));
#6946 = PCURVE('',#6834,#6947);
#6947 = DEFINITIONAL_REPRESENTATION('',(#6948),#6951);
#6948 = B_SPLINE_CURVE_WITH_KNOTS('',1,(#6949,#6950),.UNSPECIFIED.,.F.,
  .F.,(2,2),(-17.54,17.54),.PIECEWISE_BEZIER_KNOTS.);
#6949 = CARTESIAN_POINT('',(-17.54,0.));
#6950 = CARTESIAN_POINT('',(17.54,0.));
#6951 = ( GEOMETRIC_REPRESENTATION_CONTEXT(2) 
PARAMETRIC_REPRESENTATION_CONTEXT() REPRESENTATION_CONTEXT('2D SPACE',''
  ) );
#6952 = PCURVE('',#6953,#6958);
#6953 = PLANE('',#6954);
#6954 = AXIS2_PLACEMENT_3D('',#6955,#6956,#6957);
#6955 = CARTESIAN_POINT('',(730.,-185.15,1.55E+03));
#6956 = DIRECTION('',(0.,-1.,2.22044604925E-16));
#6957 = DIRECTION('',(1.,0.,0.));
#6958 = DEFINITIONAL_REPRESENTATION('',(#6959),#6962);
#6959 = B_SPLINE_CURVE_WITH_KNOTS('',1,(#6960,#6961),.UNSPECIFIED.,.F.,
  .F.,(2,2),(-17.54,17.54),.PIECEWISE_BEZIER_KNOTS.);
#6960 = CARTESIAN_POINT('',(-17.54,-21.));
#6961 = CARTESIAN_POINT('',(17.54,-21.));
#6962 = ( GEOMETRIC_REPRESENTATION_CONTEXT(2) 
PARAMETRIC_REPRESENTATION_CONTEXT() REPRESENTATION_CONTEXT('2D SPACE',''
  ) );
#6963 = ORIENTED_EDGE('',*,*,#6964,.F.);
#6964 = EDGE_CURVE('',#6818,#6939,#6965,.T.);
#6965 = SURFACE_CURVE('',#6966,(#6970,#6976),.PCURVE_S1.);
#6966 = LINE('',#6967,#6968);
#6967 = CARTESIAN_POINT('',(727.94817154713,-150.,1.529E+03));
#6968 = VECTOR('',#6969,1.);
#6969 = DIRECTION('',(0.,-1.,2.22044604925E-16));
#6970 = PCURVE('',#6834,#6971);
#6971 = DEFINITIONAL_REPRESENTATION('',(#6972),#6975);
#6972 = B_SPLINE_CURVE_WITH_KNOTS('',1,(#6973,#6974),.UNSPECIFIED.,.F.,
  .F.,(2,2),(14.102,35.1500024),.PIECEWISE_BEZIER_KNOTS.);
#6973 = CARTESIAN_POINT('',(-2.051828452868,21.048));
#6974 = CARTESIAN_POINT('',(-2.051828452868,-2.399999999625E-06));
#6975 = ( GEOMETRIC_REPRESENTATION_CONTEXT(2) 
PARAMETRIC_REPRESENTATION_CONTEXT() REPRESENTATION_CONTEXT('2D SPACE',''
  ) );
#6976 = PCURVE('',#6872,#6977);
#6977 = DEFINITIONAL_REPRESENTATION('',(#6978),#6981);
#6978 = B_SPLINE_CURVE_WITH_KNOTS('',1,(#6979,#6980),.UNSPECIFIED.,.F.,
  .F.,(2,2),(14.102,35.1500024),.PIECEWISE_BEZIER_KNOTS.);
#6979 = CARTESIAN_POINT('',(4.614992011407,14.102));
#6980 = CARTESIAN_POINT('',(4.614992011407,35.1500024));
#6981 = ( GEOMETRIC_REPRESENTATION_CONTEXT(2) 
PARAMETRIC_REPRESENTATION_CONTEXT() REPRESENTATION_CONTEXT('2D SPACE',''
  ) );
#6982 = ADVANCED_FACE('',(#6983),#6872,.F.);
#6983 = FACE_BOUND('',#6984,.F.);
#6984 = EDGE_LOOP('',(#6985,#6986,#7008,#7009));
#6985 = ORIENTED_EDGE('',*,*,#6917,.T.);
#6986 = ORIENTED_EDGE('',*,*,#6987,.F.);
#6987 = EDGE_CURVE('',#6939,#6918,#6988,.T.);
#6988 = SURFACE_CURVE('',#6989,(#6994,#7001),.PCURVE_S1.);
#6989 = CIRCLE('',#6990,21.1);
#6990 = AXIS2_PLACEMENT_3D('',#6991,#6992,#6993);
#6991 = CARTESIAN_POINT('',(730.,-185.15,1.55E+03));
#6992 = DIRECTION('',(0.,-1.,2.22044604925E-16));
#6993 = DIRECTION('',(1.,0.,0.));
#6994 = PCURVE('',#6872,#6995);
#6995 = DEFINITIONAL_REPRESENTATION('',(#6996),#7000);
#6996 = LINE('',#6997,#6998);
#6997 = CARTESIAN_POINT('',(0.,35.15));
#6998 = VECTOR('',#6999,1.);
#6999 = DIRECTION('',(1.,0.));
#7000 = ( GEOMETRIC_REPRESENTATION_CONTEXT(2) 
PARAMETRIC_REPRESENTATION_CONTEXT() REPRESENTATION_CONTEXT('2D SPACE',''
  ) );
#7001 = PCURVE('',#6953,#7002);
#7002 = DEFINITIONAL_REPRESENTATION('',(#7003),#7007);
#7003 = CIRCLE('',#7004,21.1);
#7004 = AXIS2_PLACEMENT_2D('',#7005,#7006);
#7005 = CARTESIAN_POINT('',(0.,0.));
#7006 = DIRECTION('',(1.,0.));
#7007 = ( GEOMETRIC_REPRESENTATION_CONTEXT(2) 
PARAMETRIC_REPRESENTATION_CONTEXT() REPRESENTATION_CONTEXT('2D SPACE',''
  ) );
#7008 = ORIENTED_EDGE('',*,*,#6964,.F.);
#7009 = ORIENTED_EDGE('',*,*,#6846,.F.);
#7010 = ADVANCED_FACE('',(#7011),#6953,.F.);
#7011 = FACE_BOUND('',#7012,.F.);
#7012 = EDGE_LOOP('',(#7013,#7014));
#7013 = ORIENTED_EDGE('',*,*,#6987,.T.);
#7014 = ORIENTED_EDGE('',*,*,#6938,.F.);
#7015 = ( GEOMETRIC_REPRESENTATION_CONTEXT(3) 
GLOBAL_UNCERTAINTY_ASSIGNED_CONTEXT((#7019)) 
GLOBAL_UNIT_ASSIGNED_CONTEXT((#7016,#7017,#7018)) REPRESENTATION_CONTEXT
('Context #1','3D Context with UNIT and UNCERTAINTY') );
#7016 = ( LENGTH_UNIT() NAMED_UNIT(*) SI_UNIT(.MILLI.,.METRE.) );
#7017 = ( NAMED_UNIT(*) PLANE_ANGLE_UNIT() SI_UNIT($,.RADIAN.) );
#7018 = ( NAMED_UNIT(*) SI_UNIT($,.STERADIAN.) SOLID_ANGLE_UNIT() );
#7019 = UNCERTAINTY_MEASURE_WITH_UNIT(LENGTH_MEASURE(5.E-07),#7016,
  'distance_accuracy_value','confusion accuracy');
#7020 = CONTEXT_DEPENDENT_SHAPE_REPRESENTATION(#7021,#7023);
#7021 = ( REPRESENTATION_RELATIONSHIP('','',#2857,#10) 
REPRESENTATION_RELATIONSHIP_WITH_TRANSFORMATION(#7022) 
SHAPE_REPRESENTATION_RELATIONSHIP() );
#7022 = ITEM_DEFINED_TRANSFORMATION('','',#11,#23);
#7023 = PRODUCT_DEFINITION_SHAPE('Placement','Placement of an item',
  #7024);
#7024 = NEXT_ASSEMBLY_USAGE_OCCURRENCE('19','=>[0:1:1:4]','',#5,#2852,$
  );
#7025 = PRODUCT_RELATED_PRODUCT_CATEGORY('part',$,(#2854));
#7026 = SHAPE_DEFINITION_REPRESENTATION(#7027,#7033);
#7027 = PRODUCT_DEFINITION_SHAPE('','',#7028);
#7028 = PRODUCT_DEFINITION('design','',#7029,#7032);
#7029 = PRODUCT_DEFINITION_FORMATION('','',#7030);
#7030 = PRODUCT('COMPOUND','COMPOUND','',(#7031));
#7031 = PRODUCT_CONTEXT('',#2,'mechanical');
#7032 = PRODUCT_DEFINITION_CONTEXT('part definition',#2,'design');
#7033 = SHAPE_REPRESENTATION('',(#11,#7034,#7440),#7622);
#7034 = MANIFOLD_SOLID_BREP('',#7035);
#7035 = CLOSED_SHELL('',(#7036,#7156,#7230,#7307,#7356,#7406,#7433));
#7036 = ADVANCED_FACE('',(#7037),#7051,.F.);
#7037 = FACE_BOUND('',#7038,.F.);
#7038 = EDGE_LOOP('',(#7039,#7074,#7102,#7130));
#7039 = ORIENTED_EDGE('',*,*,#7040,.F.);
#7040 = EDGE_CURVE('',#7041,#7043,#7045,.T.);
#7041 = VERTEX_POINT('',#7042);
#7042 = CARTESIAN_POINT('',(710.,-157.,1.097E+03));
#7043 = VERTEX_POINT('',#7044);
#7044 = CARTESIAN_POINT('',(710.,-157.,1.103E+03));
#7045 = SURFACE_CURVE('',#7046,(#7050,#7062),.PCURVE_S1.);
#7046 = LINE('',#7047,#7048);
#7047 = CARTESIAN_POINT('',(710.,-157.,1.097E+03));
#7048 = VECTOR('',#7049,1.);
#7049 = DIRECTION('',(0.,0.,1.));
#7050 = PCURVE('',#7051,#7056);
#7051 = PLANE('',#7052);
#7052 = AXIS2_PLACEMENT_3D('',#7053,#7054,#7055);
#7053 = CARTESIAN_POINT('',(710.,-157.,1.097E+03));
#7054 = DIRECTION('',(1.,0.,-0.));
#7055 = DIRECTION('',(0.,0.,1.));
#7056 = DEFINITIONAL_REPRESENTATION('',(#7057),#7061);
#7057 = LINE('',#7058,#7059);
#7058 = CARTESIAN_POINT('',(0.,0.));
#7059 = VECTOR('',#7060,1.);
#7060 = DIRECTION('',(1.,0.));
#7061 = ( GEOMETRIC_REPRESENTATION_CONTEXT(2) 
PARAMETRIC_REPRESENTATION_CONTEXT() REPRESENTATION_CONTEXT('2D SPACE',''
  ) );
#7062 = PCURVE('',#7063,#7068);
#7063 = PLANE('',#7064);
#7064 = AXIS2_PLACEMENT_3D('',#7065,#7066,#7067);
#7065 = CARTESIAN_POINT('',(710.,-157.,1.097E+03));
#7066 = DIRECTION('',(-0.,1.,0.));
#7067 = DIRECTION('',(0.,0.,1.));
#7068 = DEFINITIONAL_REPRESENTATION('',(#7069),#7073);
#7069 = LINE('',#7070,#7071);
#7070 = CARTESIAN_POINT('',(0.,0.));
#7071 = VECTOR('',#7072,1.);
#7072 = DIRECTION('',(1.,0.));
#7073 = ( GEOMETRIC_REPRESENTATION_CONTEXT(2) 
PARAMETRIC_REPRESENTATION_CONTEXT() REPRESENTATION_CONTEXT('2D SPACE',''
  ) );
#7074 = ORIENTED_EDGE('',*,*,#7075,.T.);
#7075 = EDGE_CURVE('',#7041,#7076,#7078,.T.);
#7076 = VERTEX_POINT('',#7077);
#7077 = CARTESIAN_POINT('',(710.,-25.,1.097E+03));
#7078 = SURFACE_CURVE('',#7079,(#7083,#7090),.PCURVE_S1.);
#7079 = LINE('',#7080,#7081);
#7080 = CARTESIAN_POINT('',(710.,-157.,1.097E+03));
#7081 = VECTOR('',#7082,1.);
#7082 = DIRECTION('',(-0.,1.,0.));
#7083 = PCURVE('',#7051,#7084);
#7084 = DEFINITIONAL_REPRESENTATION('',(#7085),#7089);
#7085 = LINE('',#7086,#7087);
#7086 = CARTESIAN_POINT('',(0.,0.));
#7087 = VECTOR('',#7088,1.);
#7088 = DIRECTION('',(0.,-1.));
#7089 = ( GEOMETRIC_REPRESENTATION_CONTEXT(2) 
PARAMETRIC_REPRESENTATION_CONTEXT() REPRESENTATION_CONTEXT('2D SPACE',''
  ) );
#7090 = PCURVE('',#7091,#7096);
#7091 = PLANE('',#7092);
#7092 = AXIS2_PLACEMENT_3D('',#7093,#7094,#7095);
#7093 = CARTESIAN_POINT('',(710.,-157.,1.097E+03));
#7094 = DIRECTION('',(0.,0.,1.));
#7095 = DIRECTION('',(1.,0.,-0.));
#7096 = DEFINITIONAL_REPRESENTATION('',(#7097),#7101);
#7097 = LINE('',#7098,#7099);
#7098 = CARTESIAN_POINT('',(0.,0.));
#7099 = VECTOR('',#7100,1.);
#7100 = DIRECTION('',(0.,1.));
#7101 = ( GEOMETRIC_REPRESENTATION_CONTEXT(2) 
PARAMETRIC_REPRESENTATION_CONTEXT() REPRESENTATION_CONTEXT('2D SPACE',''
  ) );
#7102 = ORIENTED_EDGE('',*,*,#7103,.T.);
#7103 = EDGE_CURVE('',#7076,#7104,#7106,.T.);
#7104 = VERTEX_POINT('',#7105);
#7105 = CARTESIAN_POINT('',(710.,-25.,1.103E+03));
#7106 = SURFACE_CURVE('',#7107,(#7111,#7118),.PCURVE_S1.);
#7107 = LINE('',#7108,#7109);
#7108 = CARTESIAN_POINT('',(710.,-25.,1.097E+03));
#7109 = VECTOR('',#7110,1.);
#7110 = DIRECTION('',(0.,0.,1.));
#7111 = PCURVE('',#7051,#7112);
#7112 = DEFINITIONAL_REPRESENTATION('',(#7113),#7117);
#7113 = LINE('',#7114,#7115);
#7114 = CARTESIAN_POINT('',(0.,-132.));
#7115 = VECTOR('',#7116,1.);
#7116 = DIRECTION('',(1.,0.));
#7117 = ( GEOMETRIC_REPRESENTATION_CONTEXT(2) 
PARAMETRIC_REPRESENTATION_CONTEXT() REPRESENTATION_CONTEXT('2D SPACE',''
  ) );
#7118 = PCURVE('',#7119,#7124);
#7119 = PLANE('',#7120);
#7120 = AXIS2_PLACEMENT_3D('',#7121,#7122,#7123);
#7121 = CARTESIAN_POINT('',(710.,-25.,1.097E+03));
#7122 = DIRECTION('',(-0.,1.,0.));
#7123 = DIRECTION('',(0.,0.,1.));
#7124 = DEFINITIONAL_REPRESENTATION('',(#7125),#7129);
#7125 = LINE('',#7126,#7127);
#7126 = CARTESIAN_POINT('',(0.,0.));
#7127 = VECTOR('',#7128,1.);
#7128 = DIRECTION('',(1.,0.));
#7129 = ( GEOMETRIC_REPRESENTATION_CONTEXT(2) 
PARAMETRIC_REPRESENTATION_CONTEXT() REPRESENTATION_CONTEXT('2D SPACE',''
  ) );
#7130 = ORIENTED_EDGE('',*,*,#7131,.F.);
#7131 = EDGE_CURVE('',#7043,#7104,#7132,.T.);
#7132 = SURFACE_CURVE('',#7133,(#7137,#7144),.PCURVE_S1.);
#7133 = LINE('',#7134,#7135);
#7134 = CARTESIAN_POINT('',(710.,-157.,1.103E+03));
#7135 = VECTOR('',#7136,1.);
#7136 = DIRECTION('',(-0.,1.,0.));
#7137 = PCURVE('',#7051,#7138);
#7138 = DEFINITIONAL_REPRESENTATION('',(#7139),#7143);
#7139 = LINE('',#7140,#7141);
#7140 = CARTESIAN_POINT('',(6.,0.));
#7141 = VECTOR('',#7142,1.);
#7142 = DIRECTION('',(0.,-1.));
#7143 = ( GEOMETRIC_REPRESENTATION_CONTEXT(2) 
PARAMETRIC_REPRESENTATION_CONTEXT() REPRESENTATION_CONTEXT('2D SPACE',''
  ) );
#7144 = PCURVE('',#7145,#7150);
#7145 = PLANE('',#7146);
#7146 = AXIS2_PLACEMENT_3D('',#7147,#7148,#7149);
#7147 = CARTESIAN_POINT('',(710.,-157.,1.103E+03));
#7148 = DIRECTION('',(0.,0.,1.));
#7149 = DIRECTION('',(1.,0.,-0.));
#7150 = DEFINITIONAL_REPRESENTATION('',(#7151),#7155);
#7151 = LINE('',#7152,#7153);
#7152 = CARTESIAN_POINT('',(0.,0.));
#7153 = VECTOR('',#7154,1.);
#7154 = DIRECTION('',(0.,1.));
#7155 = ( GEOMETRIC_REPRESENTATION_CONTEXT(2) 
PARAMETRIC_REPRESENTATION_CONTEXT() REPRESENTATION_CONTEXT('2D SPACE',''
  ) );
#7156 = ADVANCED_FACE('',(#7157),#7063,.F.);
#7157 = FACE_BOUND('',#7158,.F.);
#7158 = EDGE_LOOP('',(#7159,#7182,#7183,#7206));
#7159 = ORIENTED_EDGE('',*,*,#7160,.F.);
#7160 = EDGE_CURVE('',#7041,#7161,#7163,.T.);
#7161 = VERTEX_POINT('',#7162);
#7162 = CARTESIAN_POINT('',(730.,-157.,1.097E+03));
#7163 = SURFACE_CURVE('',#7164,(#7168,#7175),.PCURVE_S1.);
#7164 = LINE('',#7165,#7166);
#7165 = CARTESIAN_POINT('',(710.,-157.,1.097E+03));
#7166 = VECTOR('',#7167,1.);
#7167 = DIRECTION('',(1.,0.,-0.));
#7168 = PCURVE('',#7063,#7169);
#7169 = DEFINITIONAL_REPRESENTATION('',(#7170),#7174);
#7170 = LINE('',#7171,#7172);
#7171 = CARTESIAN_POINT('',(0.,0.));
#7172 = VECTOR('',#7173,1.);
#7173 = DIRECTION('',(0.,1.));
#7174 = ( GEOMETRIC_REPRESENTATION_CONTEXT(2) 
PARAMETRIC_REPRESENTATION_CONTEXT() REPRESENTATION_CONTEXT('2D SPACE',''
  ) );
#7175 = PCURVE('',#7091,#7176);
#7176 = DEFINITIONAL_REPRESENTATION('',(#7177),#7181);
#7177 = LINE('',#7178,#7179);
#7178 = CARTESIAN_POINT('',(0.,0.));
#7179 = VECTOR('',#7180,1.);
#7180 = DIRECTION('',(1.,0.));
#7181 = ( GEOMETRIC_REPRESENTATION_CONTEXT(2) 
PARAMETRIC_REPRESENTATION_CONTEXT() REPRESENTATION_CONTEXT('2D SPACE',''
  ) );
#7182 = ORIENTED_EDGE('',*,*,#7040,.T.);
#7183 = ORIENTED_EDGE('',*,*,#7184,.T.);
#7184 = EDGE_CURVE('',#7043,#7185,#7187,.T.);
#7185 = VERTEX_POINT('',#7186);
#7186 = CARTESIAN_POINT('',(730.,-157.,1.103E+03));
#7187 = SURFACE_CURVE('',#7188,(#7192,#7199),.PCURVE_S1.);
#7188 = LINE('',#7189,#7190);
#7189 = CARTESIAN_POINT('',(710.,-157.,1.103E+03));
#7190 = VECTOR('',#7191,1.);
#7191 = DIRECTION('',(1.,0.,-0.));
#7192 = PCURVE('',#7063,#7193);
#7193 = DEFINITIONAL_REPRESENTATION('',(#7194),#7198);
#7194 = LINE('',#7195,#7196);
#7195 = CARTESIAN_POINT('',(6.,0.));
#7196 = VECTOR('',#7197,1.);
#7197 = DIRECTION('',(0.,1.));
#7198 = ( GEOMETRIC_REPRESENTATION_CONTEXT(2) 
PARAMETRIC_REPRESENTATION_CONTEXT() REPRESENTATION_CONTEXT('2D SPACE',''
  ) );
#7199 = PCURVE('',#7145,#7200);
#7200 = DEFINITIONAL_REPRESENTATION('',(#7201),#7205);
#7201 = LINE('',#7202,#7203);
#7202 = CARTESIAN_POINT('',(0.,0.));
#7203 = VECTOR('',#7204,1.);
#7204 = DIRECTION('',(1.,0.));
#7205 = ( GEOMETRIC_REPRESENTATION_CONTEXT(2) 
PARAMETRIC_REPRESENTATION_CONTEXT() REPRESENTATION_CONTEXT('2D SPACE',''
  ) );
#7206 = ORIENTED_EDGE('',*,*,#7207,.F.);
#7207 = EDGE_CURVE('',#7161,#7185,#7208,.T.);
#7208 = SURFACE_CURVE('',#7209,(#7213,#7219),.PCURVE_S1.);
#7209 = LINE('',#7210,#7211);
#7210 = CARTESIAN_POINT('',(730.,-157.,1.08E+03));
#7211 = VECTOR('',#7212,1.);
#7212 = DIRECTION('',(0.,0.,1.));
#7213 = PCURVE('',#7063,#7214);
#7214 = DEFINITIONAL_REPRESENTATION('',(#7215),#7218);
#7215 = B_SPLINE_CURVE_WITH_KNOTS('',1,(#7216,#7217),.UNSPECIFIED.,.F.,
  .F.,(2,2),(16.4,23.6),.PIECEWISE_BEZIER_KNOTS.);
#7216 = CARTESIAN_POINT('',(-0.6,20.));
#7217 = CARTESIAN_POINT('',(6.6,20.));
#7218 = ( GEOMETRIC_REPRESENTATION_CONTEXT(2) 
PARAMETRIC_REPRESENTATION_CONTEXT() REPRESENTATION_CONTEXT('2D SPACE',''
  ) );
#7219 = PCURVE('',#7220,#7225);
#7220 = PLANE('',#7221);
#7221 = AXIS2_PLACEMENT_3D('',#7222,#7223,#7224);
#7222 = CARTESIAN_POINT('',(710.,-157.,1.097E+03));
#7223 = DIRECTION('',(-0.,1.,0.));
#7224 = DIRECTION('',(0.,0.,1.));
#7225 = DEFINITIONAL_REPRESENTATION('',(#7226),#7229);
#7226 = B_SPLINE_CURVE_WITH_KNOTS('',1,(#7227,#7228),.UNSPECIFIED.,.F.,
  .F.,(2,2),(16.4,23.6),.PIECEWISE_BEZIER_KNOTS.);
#7227 = CARTESIAN_POINT('',(-0.6,20.));
#7228 = CARTESIAN_POINT('',(6.6,20.));
#7229 = ( GEOMETRIC_REPRESENTATION_CONTEXT(2) 
PARAMETRIC_REPRESENTATION_CONTEXT() REPRESENTATION_CONTEXT('2D SPACE',''
  ) );
#7230 = ADVANCED_FACE('',(#7231),#7145,.T.);
#7231 = FACE_BOUND('',#7232,.T.);
#7232 = EDGE_LOOP('',(#7233,#7234,#7235,#7258,#7286));
#7233 = ORIENTED_EDGE('',*,*,#7131,.F.);
#7234 = ORIENTED_EDGE('',*,*,#7184,.T.);
#7235 = ORIENTED_EDGE('',*,*,#7236,.T.);
#7236 = EDGE_CURVE('',#7185,#7237,#7239,.T.);
#7237 = VERTEX_POINT('',#7238);
#7238 = CARTESIAN_POINT('',(750.,-157.,1.103E+03));
#7239 = SURFACE_CURVE('',#7240,(#7244,#7251),.PCURVE_S1.);
#7240 = LINE('',#7241,#7242);
#7241 = CARTESIAN_POINT('',(710.,-157.,1.103E+03));
#7242 = VECTOR('',#7243,1.);
#7243 = DIRECTION('',(1.,0.,-0.));
#7244 = PCURVE('',#7145,#7245);
#7245 = DEFINITIONAL_REPRESENTATION('',(#7246),#7250);
#7246 = LINE('',#7247,#7248);
#7247 = CARTESIAN_POINT('',(0.,0.));
#7248 = VECTOR('',#7249,1.);
#7249 = DIRECTION('',(1.,0.));
#7250 = ( GEOMETRIC_REPRESENTATION_CONTEXT(2) 
PARAMETRIC_REPRESENTATION_CONTEXT() REPRESENTATION_CONTEXT('2D SPACE',''
  ) );
#7251 = PCURVE('',#7220,#7252);
#7252 = DEFINITIONAL_REPRESENTATION('',(#7253),#7257);
#7253 = LINE('',#7254,#7255);
#7254 = CARTESIAN_POINT('',(6.,0.));
#7255 = VECTOR('',#7256,1.);
#7256 = DIRECTION('',(0.,1.));
#7257 = ( GEOMETRIC_REPRESENTATION_CONTEXT(2) 
PARAMETRIC_REPRESENTATION_CONTEXT() REPRESENTATION_CONTEXT('2D SPACE',''
  ) );
#7258 = ORIENTED_EDGE('',*,*,#7259,.T.);
#7259 = EDGE_CURVE('',#7237,#7260,#7262,.T.);
#7260 = VERTEX_POINT('',#7261);
#7261 = CARTESIAN_POINT('',(750.,-25.,1.103E+03));
#7262 = SURFACE_CURVE('',#7263,(#7267,#7274),.PCURVE_S1.);
#7263 = LINE('',#7264,#7265);
#7264 = CARTESIAN_POINT('',(750.,-157.,1.103E+03));
#7265 = VECTOR('',#7266,1.);
#7266 = DIRECTION('',(-0.,1.,0.));
#7267 = PCURVE('',#7145,#7268);
#7268 = DEFINITIONAL_REPRESENTATION('',(#7269),#7273);
#7269 = LINE('',#7270,#7271);
#7270 = CARTESIAN_POINT('',(40.,0.));
#7271 = VECTOR('',#7272,1.);
#7272 = DIRECTION('',(0.,1.));
#7273 = ( GEOMETRIC_REPRESENTATION_CONTEXT(2) 
PARAMETRIC_REPRESENTATION_CONTEXT() REPRESENTATION_CONTEXT('2D SPACE',''
  ) );
#7274 = PCURVE('',#7275,#7280);
#7275 = PLANE('',#7276);
#7276 = AXIS2_PLACEMENT_3D('',#7277,#7278,#7279);
#7277 = CARTESIAN_POINT('',(750.,-157.,1.097E+03));
#7278 = DIRECTION('',(1.,0.,-0.));
#7279 = DIRECTION('',(0.,0.,1.));
#7280 = DEFINITIONAL_REPRESENTATION('',(#7281),#7285);
#7281 = LINE('',#7282,#7283);
#7282 = CARTESIAN_POINT('',(6.,0.));
#7283 = VECTOR('',#7284,1.);
#7284 = DIRECTION('',(0.,-1.));
#7285 = ( GEOMETRIC_REPRESENTATION_CONTEXT(2) 
PARAMETRIC_REPRESENTATION_CONTEXT() REPRESENTATION_CONTEXT('2D SPACE',''
  ) );
#7286 = ORIENTED_EDGE('',*,*,#7287,.F.);
#7287 = EDGE_CURVE('',#7104,#7260,#7288,.T.);
#7288 = SURFACE_CURVE('',#7289,(#7293,#7300),.PCURVE_S1.);
#7289 = LINE('',#7290,#7291);
#7290 = CARTESIAN_POINT('',(710.,-25.,1.103E+03));
#7291 = VECTOR('',#7292,1.);
#7292 = DIRECTION('',(1.,0.,-0.));
#7293 = PCURVE('',#7145,#7294);
#7294 = DEFINITIONAL_REPRESENTATION('',(#7295),#7299);
#7295 = LINE('',#7296,#7297);
#7296 = CARTESIAN_POINT('',(0.,132.));
#7297 = VECTOR('',#7298,1.);
#7298 = DIRECTION('',(1.,0.));
#7299 = ( GEOMETRIC_REPRESENTATION_CONTEXT(2) 
PARAMETRIC_REPRESENTATION_CONTEXT() REPRESENTATION_CONTEXT('2D SPACE',''
  ) );
#7300 = PCURVE('',#7119,#7301);
#7301 = DEFINITIONAL_REPRESENTATION('',(#7302),#7306);
#7302 = LINE('',#7303,#7304);
#7303 = CARTESIAN_POINT('',(6.,0.));
#7304 = VECTOR('',#7305,1.);
#7305 = DIRECTION('',(0.,1.));
#7306 = ( GEOMETRIC_REPRESENTATION_CONTEXT(2) 
PARAMETRIC_REPRESENTATION_CONTEXT() REPRESENTATION_CONTEXT('2D SPACE',''
  ) );
#7307 = ADVANCED_FACE('',(#7308),#7119,.T.);
#7308 = FACE_BOUND('',#7309,.T.);
#7309 = EDGE_LOOP('',(#7310,#7333,#7334,#7335));
#7310 = ORIENTED_EDGE('',*,*,#7311,.F.);
#7311 = EDGE_CURVE('',#7076,#7312,#7314,.T.);
#7312 = VERTEX_POINT('',#7313);
#7313 = CARTESIAN_POINT('',(750.,-25.,1.097E+03));
#7314 = SURFACE_CURVE('',#7315,(#7319,#7326),.PCURVE_S1.);
#7315 = LINE('',#7316,#7317);
#7316 = CARTESIAN_POINT('',(710.,-25.,1.097E+03));
#7317 = VECTOR('',#7318,1.);
#7318 = DIRECTION('',(1.,0.,-0.));
#7319 = PCURVE('',#7119,#7320);
#7320 = DEFINITIONAL_REPRESENTATION('',(#7321),#7325);
#7321 = LINE('',#7322,#7323);
#7322 = CARTESIAN_POINT('',(0.,0.));
#7323 = VECTOR('',#7324,1.);
#7324 = DIRECTION('',(0.,1.));
#7325 = ( GEOMETRIC_REPRESENTATION_CONTEXT(2) 
PARAMETRIC_REPRESENTATION_CONTEXT() REPRESENTATION_CONTEXT('2D SPACE',''
  ) );
#7326 = PCURVE('',#7091,#7327);
#7327 = DEFINITIONAL_REPRESENTATION('',(#7328),#7332);
#7328 = LINE('',#7329,#7330);
#7329 = CARTESIAN_POINT('',(0.,132.));
#7330 = VECTOR('',#7331,1.);
#7331 = DIRECTION('',(1.,0.));
#7332 = ( GEOMETRIC_REPRESENTATION_CONTEXT(2) 
PARAMETRIC_REPRESENTATION_CONTEXT() REPRESENTATION_CONTEXT('2D SPACE',''
  ) );
#7333 = ORIENTED_EDGE('',*,*,#7103,.T.);
#7334 = ORIENTED_EDGE('',*,*,#7287,.T.);
#7335 = ORIENTED_EDGE('',*,*,#7336,.F.);
#7336 = EDGE_CURVE('',#7312,#7260,#7337,.T.);
#7337 = SURFACE_CURVE('',#7338,(#7342,#7349),.PCURVE_S1.);
#7338 = LINE('',#7339,#7340);
#7339 = CARTESIAN_POINT('',(750.,-25.,1.097E+03));
#7340 = VECTOR('',#7341,1.);
#7341 = DIRECTION('',(0.,0.,1.));
#7342 = PCURVE('',#7119,#7343);
#7343 = DEFINITIONAL_REPRESENTATION('',(#7344),#7348);
#7344 = LINE('',#7345,#7346);
#7345 = CARTESIAN_POINT('',(0.,40.));
#7346 = VECTOR('',#7347,1.);
#7347 = DIRECTION('',(1.,0.));
#7348 = ( GEOMETRIC_REPRESENTATION_CONTEXT(2) 
PARAMETRIC_REPRESENTATION_CONTEXT() REPRESENTATION_CONTEXT('2D SPACE',''
  ) );
#7349 = PCURVE('',#7275,#7350);
#7350 = DEFINITIONAL_REPRESENTATION('',(#7351),#7355);
#7351 = LINE('',#7352,#7353);
#7352 = CARTESIAN_POINT('',(0.,-132.));
#7353 = VECTOR('',#7354,1.);
#7354 = DIRECTION('',(1.,0.));
#7355 = ( GEOMETRIC_REPRESENTATION_CONTEXT(2) 
PARAMETRIC_REPRESENTATION_CONTEXT() REPRESENTATION_CONTEXT('2D SPACE',''
  ) );
#7356 = ADVANCED_FACE('',(#7357),#7091,.F.);
#7357 = FACE_BOUND('',#7358,.F.);
#7358 = EDGE_LOOP('',(#7359,#7360,#7361,#7384,#7405));
#7359 = ORIENTED_EDGE('',*,*,#7075,.F.);
#7360 = ORIENTED_EDGE('',*,*,#7160,.T.);
#7361 = ORIENTED_EDGE('',*,*,#7362,.T.);
#7362 = EDGE_CURVE('',#7161,#7363,#7365,.T.);
#7363 = VERTEX_POINT('',#7364);
#7364 = CARTESIAN_POINT('',(750.,-157.,1.097E+03));
#7365 = SURFACE_CURVE('',#7366,(#7370,#7377),.PCURVE_S1.);
#7366 = LINE('',#7367,#7368);
#7367 = CARTESIAN_POINT('',(710.,-157.,1.097E+03));
#7368 = VECTOR('',#7369,1.);
#7369 = DIRECTION('',(1.,0.,-0.));
#7370 = PCURVE('',#7091,#7371);
#7371 = DEFINITIONAL_REPRESENTATION('',(#7372),#7376);
#7372 = LINE('',#7373,#7374);
#7373 = CARTESIAN_POINT('',(0.,0.));
#7374 = VECTOR('',#7375,1.);
#7375 = DIRECTION('',(1.,0.));
#7376 = ( GEOMETRIC_REPRESENTATION_CONTEXT(2) 
PARAMETRIC_REPRESENTATION_CONTEXT() REPRESENTATION_CONTEXT('2D SPACE',''
  ) );
#7377 = PCURVE('',#7220,#7378);
#7378 = DEFINITIONAL_REPRESENTATION('',(#7379),#7383);
#7379 = LINE('',#7380,#7381);
#7380 = CARTESIAN_POINT('',(0.,0.));
#7381 = VECTOR('',#7382,1.);
#7382 = DIRECTION('',(0.,1.));
#7383 = ( GEOMETRIC_REPRESENTATION_CONTEXT(2) 
PARAMETRIC_REPRESENTATION_CONTEXT() REPRESENTATION_CONTEXT('2D SPACE',''
  ) );
#7384 = ORIENTED_EDGE('',*,*,#7385,.T.);
#7385 = EDGE_CURVE('',#7363,#7312,#7386,.T.);
#7386 = SURFACE_CURVE('',#7387,(#7391,#7398),.PCURVE_S1.);
#7387 = LINE('',#7388,#7389);
#7388 = CARTESIAN_POINT('',(750.,-157.,1.097E+03));
#7389 = VECTOR('',#7390,1.);
#7390 = DIRECTION('',(-0.,1.,0.));
#7391 = PCURVE('',#7091,#7392);
#7392 = DEFINITIONAL_REPRESENTATION('',(#7393),#7397);
#7393 = LINE('',#7394,#7395);
#7394 = CARTESIAN_POINT('',(40.,0.));
#7395 = VECTOR('',#7396,1.);
#7396 = DIRECTION('',(0.,1.));
#7397 = ( GEOMETRIC_REPRESENTATION_CONTEXT(2) 
PARAMETRIC_REPRESENTATION_CONTEXT() REPRESENTATION_CONTEXT('2D SPACE',''
  ) );
#7398 = PCURVE('',#7275,#7399);
#7399 = DEFINITIONAL_REPRESENTATION('',(#7400),#7404);
#7400 = LINE('',#7401,#7402);
#7401 = CARTESIAN_POINT('',(0.,0.));
#7402 = VECTOR('',#7403,1.);
#7403 = DIRECTION('',(0.,-1.));
#7404 = ( GEOMETRIC_REPRESENTATION_CONTEXT(2) 
PARAMETRIC_REPRESENTATION_CONTEXT() REPRESENTATION_CONTEXT('2D SPACE',''
  ) );
#7405 = ORIENTED_EDGE('',*,*,#7311,.F.);
#7406 = ADVANCED_FACE('',(#7407),#7220,.F.);
#7407 = FACE_BOUND('',#7408,.F.);
#7408 = EDGE_LOOP('',(#7409,#7410,#7411,#7412));
#7409 = ORIENTED_EDGE('',*,*,#7362,.F.);
#7410 = ORIENTED_EDGE('',*,*,#7207,.T.);
#7411 = ORIENTED_EDGE('',*,*,#7236,.T.);
#7412 = ORIENTED_EDGE('',*,*,#7413,.F.);
#7413 = EDGE_CURVE('',#7363,#7237,#7414,.T.);
#7414 = SURFACE_CURVE('',#7415,(#7419,#7426),.PCURVE_S1.);
#7415 = LINE('',#7416,#7417);
#7416 = CARTESIAN_POINT('',(750.,-157.,1.097E+03));
#7417 = VECTOR('',#7418,1.);
#7418 = DIRECTION('',(0.,0.,1.));
#7419 = PCURVE('',#7220,#7420);
#7420 = DEFINITIONAL_REPRESENTATION('',(#7421),#7425);
#7421 = LINE('',#7422,#7423);
#7422 = CARTESIAN_POINT('',(0.,40.));
#7423 = VECTOR('',#7424,1.);
#7424 = DIRECTION('',(1.,0.));
#7425 = ( GEOMETRIC_REPRESENTATION_CONTEXT(2) 
PARAMETRIC_REPRESENTATION_CONTEXT() REPRESENTATION_CONTEXT('2D SPACE',''
  ) );
#7426 = PCURVE('',#7275,#7427);
#7427 = DEFINITIONAL_REPRESENTATION('',(#7428),#7432);
#7428 = LINE('',#7429,#7430);
#7429 = CARTESIAN_POINT('',(0.,0.));
#7430 = VECTOR('',#7431,1.);
#7431 = DIRECTION('',(1.,0.));
#7432 = ( GEOMETRIC_REPRESENTATION_CONTEXT(2) 
PARAMETRIC_REPRESENTATION_CONTEXT() REPRESENTATION_CONTEXT('2D SPACE',''
  ) );
#7433 = ADVANCED_FACE('',(#7434),#7275,.T.);
#7434 = FACE_BOUND('',#7435,.T.);
#7435 = EDGE_LOOP('',(#7436,#7437,#7438,#7439));
#7436 = ORIENTED_EDGE('',*,*,#7413,.F.);
#7437 = ORIENTED_EDGE('',*,*,#7385,.T.);
#7438 = ORIENTED_EDGE('',*,*,#7336,.T.);
#7439 = ORIENTED_EDGE('',*,*,#7259,.F.);
#7440 = MANIFOLD_SOLID_BREP('',#7441);
#7441 = CLOSED_SHELL('',(#7442,#7530,#7565,#7595));
#7442 = ADVANCED_FACE('',(#7443),#7457,.T.);
#7443 = FACE_BOUND('',#7444,.T.);
#7444 = EDGE_LOOP('',(#7445,#7475,#7502,#7503));
#7445 = ORIENTED_EDGE('',*,*,#7446,.T.);
#7446 = EDGE_CURVE('',#7447,#7449,#7451,.T.);
#7447 = VERTEX_POINT('',#7448);
#7448 = CARTESIAN_POINT('',(790.15,-217.15,1.08E+03));
#7449 = VERTEX_POINT('',#7450);
#7450 = CARTESIAN_POINT('',(790.15,-217.15,1.12E+03));
#7451 = SEAM_CURVE('',#7452,(#7456,#7468),.PCURVE_S1.);
#7452 = LINE('',#7453,#7454);
#7453 = CARTESIAN_POINT('',(790.15,-217.15,1.08E+03));
#7454 = VECTOR('',#7455,1.);
#7455 = DIRECTION('',(0.,0.,1.));
#7456 = PCURVE('',#7457,#7462);
#7457 = CYLINDRICAL_SURFACE('',#7458,60.15);
#7458 = AXIS2_PLACEMENT_3D('',#7459,#7460,#7461);
#7459 = CARTESIAN_POINT('',(730.,-217.15,1.08E+03));
#7460 = DIRECTION('',(0.,0.,1.));
#7461 = DIRECTION('',(1.,0.,-0.));
#7462 = DEFINITIONAL_REPRESENTATION('',(#7463),#7467);
#7463 = LINE('',#7464,#7465);
#7464 = CARTESIAN_POINT('',(6.28318530718,-0.));
#7465 = VECTOR('',#7466,1.);
#7466 = DIRECTION('',(0.,1.));
#7467 = ( GEOMETRIC_REPRESENTATION_CONTEXT(2) 
PARAMETRIC_REPRESENTATION_CONTEXT() REPRESENTATION_CONTEXT('2D SPACE',''
  ) );
#7468 = PCURVE('',#7457,#7469);
#7469 = DEFINITIONAL_REPRESENTATION('',(#7470),#7474);
#7470 = LINE('',#7471,#7472);
#7471 = CARTESIAN_POINT('',(0.,-0.));
#7472 = VECTOR('',#7473,1.);
#7473 = DIRECTION('',(0.,1.));
#7474 = ( GEOMETRIC_REPRESENTATION_CONTEXT(2) 
PARAMETRIC_REPRESENTATION_CONTEXT() REPRESENTATION_CONTEXT('2D SPACE',''
  ) );
#7475 = ORIENTED_EDGE('',*,*,#7476,.F.);
#7476 = EDGE_CURVE('',#7449,#7449,#7477,.T.);
#7477 = SURFACE_CURVE('',#7478,(#7483,#7490),.PCURVE_S1.);
#7478 = CIRCLE('',#7479,60.15);
#7479 = AXIS2_PLACEMENT_3D('',#7480,#7481,#7482);
#7480 = CARTESIAN_POINT('',(730.,-217.15,1.12E+03));
#7481 = DIRECTION('',(0.,0.,1.));
#7482 = DIRECTION('',(1.,0.,-0.));
#7483 = PCURVE('',#7457,#7484);
#7484 = DEFINITIONAL_REPRESENTATION('',(#7485),#7489);
#7485 = LINE('',#7486,#7487);
#7486 = CARTESIAN_POINT('',(0.,40.));
#7487 = VECTOR('',#7488,1.);
#7488 = DIRECTION('',(1.,0.));
#7489 = ( GEOMETRIC_REPRESENTATION_CONTEXT(2) 
PARAMETRIC_REPRESENTATION_CONTEXT() REPRESENTATION_CONTEXT('2D SPACE',''
  ) );
#7490 = PCURVE('',#7491,#7496);
#7491 = PLANE('',#7492);
#7492 = AXIS2_PLACEMENT_3D('',#7493,#7494,#7495);
#7493 = CARTESIAN_POINT('',(730.,-217.15,1.12E+03));
#7494 = DIRECTION('',(0.,0.,1.));
#7495 = DIRECTION('',(1.,0.,-0.));
#7496 = DEFINITIONAL_REPRESENTATION('',(#7497),#7501);
#7497 = CIRCLE('',#7498,60.15);
#7498 = AXIS2_PLACEMENT_2D('',#7499,#7500);
#7499 = CARTESIAN_POINT('',(0.,0.));
#7500 = DIRECTION('',(1.,0.));
#7501 = ( GEOMETRIC_REPRESENTATION_CONTEXT(2) 
PARAMETRIC_REPRESENTATION_CONTEXT() REPRESENTATION_CONTEXT('2D SPACE',''
  ) );
#7502 = ORIENTED_EDGE('',*,*,#7446,.F.);
#7503 = ORIENTED_EDGE('',*,*,#7504,.T.);
#7504 = EDGE_CURVE('',#7447,#7447,#7505,.T.);
#7505 = SURFACE_CURVE('',#7506,(#7511,#7518),.PCURVE_S1.);
#7506 = CIRCLE('',#7507,60.15);
#7507 = AXIS2_PLACEMENT_3D('',#7508,#7509,#7510);
#7508 = CARTESIAN_POINT('',(730.,-217.15,1.08E+03));
#7509 = DIRECTION('',(0.,0.,1.));
#7510 = DIRECTION('',(1.,0.,-0.));
#7511 = PCURVE('',#7457,#7512);
#7512 = DEFINITIONAL_REPRESENTATION('',(#7513),#7517);
#7513 = LINE('',#7514,#7515);
#7514 = CARTESIAN_POINT('',(0.,0.));
#7515 = VECTOR('',#7516,1.);
#7516 = DIRECTION('',(1.,0.));
#7517 = ( GEOMETRIC_REPRESENTATION_CONTEXT(2) 
PARAMETRIC_REPRESENTATION_CONTEXT() REPRESENTATION_CONTEXT('2D SPACE',''
  ) );
#7518 = PCURVE('',#7519,#7524);
#7519 = PLANE('',#7520);
#7520 = AXIS2_PLACEMENT_3D('',#7521,#7522,#7523);
#7521 = CARTESIAN_POINT('',(730.,-217.15,1.08E+03));
#7522 = DIRECTION('',(0.,0.,1.));
#7523 = DIRECTION('',(1.,0.,-0.));
#7524 = DEFINITIONAL_REPRESENTATION('',(#7525),#7529);
#7525 = CIRCLE('',#7526,60.15);
#7526 = AXIS2_PLACEMENT_2D('',#7527,#7528);
#7527 = CARTESIAN_POINT('',(0.,0.));
#7528 = DIRECTION('',(1.,0.));
#7529 = ( GEOMETRIC_REPRESENTATION_CONTEXT(2) 
PARAMETRIC_REPRESENTATION_CONTEXT() REPRESENTATION_CONTEXT('2D SPACE',''
  ) );
#7530 = ADVANCED_FACE('',(#7531,#7534),#7519,.F.);
#7531 = FACE_BOUND('',#7532,.F.);
#7532 = EDGE_LOOP('',(#7533));
#7533 = ORIENTED_EDGE('',*,*,#7504,.T.);
#7534 = FACE_BOUND('',#7535,.F.);
#7535 = EDGE_LOOP('',(#7536));
#7536 = ORIENTED_EDGE('',*,*,#7537,.F.);
#7537 = EDGE_CURVE('',#7538,#7538,#7540,.T.);
#7538 = VERTEX_POINT('',#7539);
#7539 = CARTESIAN_POINT('',(787.15,-217.15,1.08E+03));
#7540 = SURFACE_CURVE('',#7541,(#7546,#7553),.PCURVE_S1.);
#7541 = CIRCLE('',#7542,57.15);
#7542 = AXIS2_PLACEMENT_3D('',#7543,#7544,#7545);
#7543 = CARTESIAN_POINT('',(730.,-217.15,1.08E+03));
#7544 = DIRECTION('',(0.,0.,1.));
#7545 = DIRECTION('',(1.,0.,-0.));
#7546 = PCURVE('',#7519,#7547);
#7547 = DEFINITIONAL_REPRESENTATION('',(#7548),#7552);
#7548 = CIRCLE('',#7549,57.15);
#7549 = AXIS2_PLACEMENT_2D('',#7550,#7551);
#7550 = CARTESIAN_POINT('',(0.,0.));
#7551 = DIRECTION('',(1.,0.));
#7552 = ( GEOMETRIC_REPRESENTATION_CONTEXT(2) 
PARAMETRIC_REPRESENTATION_CONTEXT() REPRESENTATION_CONTEXT('2D SPACE',''
  ) );
#7553 = PCURVE('',#7554,#7559);
#7554 = CYLINDRICAL_SURFACE('',#7555,57.15);
#7555 = AXIS2_PLACEMENT_3D('',#7556,#7557,#7558);
#7556 = CARTESIAN_POINT('',(730.,-217.15,1.079E+03));
#7557 = DIRECTION('',(0.,0.,1.));
#7558 = DIRECTION('',(1.,0.,-0.));
#7559 = DEFINITIONAL_REPRESENTATION('',(#7560),#7564);
#7560 = LINE('',#7561,#7562);
#7561 = CARTESIAN_POINT('',(0.,1.));
#7562 = VECTOR('',#7563,1.);
#7563 = DIRECTION('',(1.,0.));
#7564 = ( GEOMETRIC_REPRESENTATION_CONTEXT(2) 
PARAMETRIC_REPRESENTATION_CONTEXT() REPRESENTATION_CONTEXT('2D SPACE',''
  ) );
#7565 = ADVANCED_FACE('',(#7566,#7569),#7491,.T.);
#7566 = FACE_BOUND('',#7567,.T.);
#7567 = EDGE_LOOP('',(#7568));
#7568 = ORIENTED_EDGE('',*,*,#7476,.T.);
#7569 = FACE_BOUND('',#7570,.T.);
#7570 = EDGE_LOOP('',(#7571));
#7571 = ORIENTED_EDGE('',*,*,#7572,.F.);
#7572 = EDGE_CURVE('',#7573,#7573,#7575,.T.);
#7573 = VERTEX_POINT('',#7574);
#7574 = CARTESIAN_POINT('',(787.15,-217.15,1.12E+03));
#7575 = SURFACE_CURVE('',#7576,(#7581,#7588),.PCURVE_S1.);
#7576 = CIRCLE('',#7577,57.15);
#7577 = AXIS2_PLACEMENT_3D('',#7578,#7579,#7580);
#7578 = CARTESIAN_POINT('',(730.,-217.15,1.12E+03));
#7579 = DIRECTION('',(0.,0.,1.));
#7580 = DIRECTION('',(1.,0.,-0.));
#7581 = PCURVE('',#7491,#7582);
#7582 = DEFINITIONAL_REPRESENTATION('',(#7583),#7587);
#7583 = CIRCLE('',#7584,57.15);
#7584 = AXIS2_PLACEMENT_2D('',#7585,#7586);
#7585 = CARTESIAN_POINT('',(0.,0.));
#7586 = DIRECTION('',(1.,0.));
#7587 = ( GEOMETRIC_REPRESENTATION_CONTEXT(2) 
PARAMETRIC_REPRESENTATION_CONTEXT() REPRESENTATION_CONTEXT('2D SPACE',''
  ) );
#7588 = PCURVE('',#7554,#7589);
#7589 = DEFINITIONAL_REPRESENTATION('',(#7590),#7594);
#7590 = LINE('',#7591,#7592);
#7591 = CARTESIAN_POINT('',(0.,41.));
#7592 = VECTOR('',#7593,1.);
#7593 = DIRECTION('',(1.,0.));
#7594 = ( GEOMETRIC_REPRESENTATION_CONTEXT(2) 
PARAMETRIC_REPRESENTATION_CONTEXT() REPRESENTATION_CONTEXT('2D SPACE',''
  ) );
#7595 = ADVANCED_FACE('',(#7596),#7554,.F.);
#7596 = FACE_BOUND('',#7597,.F.);
#7597 = EDGE_LOOP('',(#7598,#7599,#7620,#7621));
#7598 = ORIENTED_EDGE('',*,*,#7572,.F.);
#7599 = ORIENTED_EDGE('',*,*,#7600,.F.);
#7600 = EDGE_CURVE('',#7538,#7573,#7601,.T.);
#7601 = SEAM_CURVE('',#7602,(#7606,#7613),.PCURVE_S1.);
#7602 = LINE('',#7603,#7604);
#7603 = CARTESIAN_POINT('',(787.15,-217.15,1.079E+03));
#7604 = VECTOR('',#7605,1.);
#7605 = DIRECTION('',(0.,0.,1.));
#7606 = PCURVE('',#7554,#7607);
#7607 = DEFINITIONAL_REPRESENTATION('',(#7608),#7612);
#7608 = LINE('',#7609,#7610);
#7609 = CARTESIAN_POINT('',(6.28318530718,-0.));
#7610 = VECTOR('',#7611,1.);
#7611 = DIRECTION('',(0.,1.));
#7612 = ( GEOMETRIC_REPRESENTATION_CONTEXT(2) 
PARAMETRIC_REPRESENTATION_CONTEXT() REPRESENTATION_CONTEXT('2D SPACE',''
  ) );
#7613 = PCURVE('',#7554,#7614);
#7614 = DEFINITIONAL_REPRESENTATION('',(#7615),#7619);
#7615 = LINE('',#7616,#7617);
#7616 = CARTESIAN_POINT('',(0.,-0.));
#7617 = VECTOR('',#7618,1.);
#7618 = DIRECTION('',(0.,1.));
#7619 = ( GEOMETRIC_REPRESENTATION_CONTEXT(2) 
PARAMETRIC_REPRESENTATION_CONTEXT() REPRESENTATION_CONTEXT('2D SPACE',''
  ) );
#7620 = ORIENTED_EDGE('',*,*,#7537,.T.);
#7621 = ORIENTED_EDGE('',*,*,#7600,.T.);
#7622 = ( GEOMETRIC_REPRESENTATION_CONTEXT(3) 
GLOBAL_UNCERTAINTY_ASSIGNED_CONTEXT((#7626)) 
GLOBAL_UNIT_ASSIGNED_CONTEXT((#7623,#7624,#7625)) REPRESENTATION_CONTEXT
('Context #1','3D Context with UNIT and UNCERTAINTY') );
#7623 = ( LENGTH_UNIT() NAMED_UNIT(*) SI_UNIT(.MILLI.,.METRE.) );
#7624 = ( NAMED_UNIT(*) PLANE_ANGLE_UNIT() SI_UNIT($,.RADIAN.) );
#7625 = ( NAMED_UNIT(*) SI_UNIT($,.STERADIAN.) SOLID_ANGLE_UNIT() );
#7626 = UNCERTAINTY_MEASURE_WITH_UNIT(LENGTH_MEASURE(1.E-07),#7623,
  'distance_accuracy_value','confusion accuracy');
#7627 = CONTEXT_DEPENDENT_SHAPE_REPRESENTATION(#7628,#7630);
#7628 = ( REPRESENTATION_RELATIONSHIP('','',#7033,#10) 
REPRESENTATION_RELATIONSHIP_WITH_TRANSFORMATION(#7629) 
SHAPE_REPRESENTATION_RELATIONSHIP() );
#7629 = ITEM_DEFINED_TRANSFORMATION('','',#11,#27);
#7630 = PRODUCT_DEFINITION_SHAPE('Placement','Placement of an item',
  #7631);
#7631 = NEXT_ASSEMBLY_USAGE_OCCURRENCE('20','=>[0:1:1:5]','',#5,#7028,$
  );
#7632 = PRODUCT_RELATED_PRODUCT_CATEGORY('part',$,(#7030));
#7633 = SHAPE_DEFINITION_REPRESENTATION(#7634,#7640);
#7634 = PRODUCT_DEFINITION_SHAPE('','',#7635);
#7635 = PRODUCT_DEFINITION('design','',#7636,#7639);
#7636 = PRODUCT_DEFINITION_FORMATION('','',#7637);
#7637 = PRODUCT('COMPOUND','COMPOUND','',(#7638));
#7638 = PRODUCT_CONTEXT('',#2,'mechanical');
#7639 = PRODUCT_DEFINITION_CONTEXT('part definition',#2,'design');
#7640 = ADVANCED_BREP_SHAPE_REPRESENTATION('',(#11,#7641),#8722);
#7641 = MANIFOLD_SOLID_BREP('',#7642);
#7642 = CLOSED_SHELL('',(#7643,#7763,#7874,#7954,#8003,#8030,#8068,#8123
    ,#8260,#8315,#8319,#8406,#8459,#8507,#8511,#8588,#8637,#8687,#8715)
  );
#7643 = ADVANCED_FACE('',(#7644),#7658,.F.);
#7644 = FACE_BOUND('',#7645,.F.);
#7645 = EDGE_LOOP('',(#7646,#7681,#7709,#7737));
#7646 = ORIENTED_EDGE('',*,*,#7647,.F.);
#7647 = EDGE_CURVE('',#7648,#7650,#7652,.T.);
#7648 = VERTEX_POINT('',#7649);
#7649 = CARTESIAN_POINT('',(695.,165.,1.515E+03));
#7650 = VERTEX_POINT('',#7651);
#7651 = CARTESIAN_POINT('',(695.,165.,1.585E+03));
#7652 = SURFACE_CURVE('',#7653,(#7657,#7669),.PCURVE_S1.);
#7653 = LINE('',#7654,#7655);
#7654 = CARTESIAN_POINT('',(695.,165.,1.515E+03));
#7655 = VECTOR('',#7656,1.);
#7656 = DIRECTION('',(0.,0.,1.));
#7657 = PCURVE('',#7658,#7663);
#7658 = PLANE('',#7659);
#7659 = AXIS2_PLACEMENT_3D('',#7660,#7661,#7662);
#7660 = CARTESIAN_POINT('',(695.,165.,1.515E+03));
#7661 = DIRECTION('',(1.,0.,-0.));
#7662 = DIRECTION('',(0.,0.,1.));
#7663 = DEFINITIONAL_REPRESENTATION('',(#7664),#7668);
#7664 = LINE('',#7665,#7666);
#7665 = CARTESIAN_POINT('',(0.,0.));
#7666 = VECTOR('',#7667,1.);
#7667 = DIRECTION('',(1.,0.));
#7668 = ( GEOMETRIC_REPRESENTATION_CONTEXT(2) 
PARAMETRIC_REPRESENTATION_CONTEXT() REPRESENTATION_CONTEXT('2D SPACE',''
  ) );
#7669 = PCURVE('',#7670,#7675);
#7670 = PLANE('',#7671);
#7671 = AXIS2_PLACEMENT_3D('',#7672,#7673,#7674);
#7672 = CARTESIAN_POINT('',(695.,165.,1.515E+03));
#7673 = DIRECTION('',(-0.,1.,0.));
#7674 = DIRECTION('',(0.,0.,1.));
#7675 = DEFINITIONAL_REPRESENTATION('',(#7676),#7680);
#7676 = LINE('',#7677,#7678);
#7677 = CARTESIAN_POINT('',(0.,0.));
#7678 = VECTOR('',#7679,1.);
#7679 = DIRECTION('',(1.,0.));
#7680 = ( GEOMETRIC_REPRESENTATION_CONTEXT(2) 
PARAMETRIC_REPRESENTATION_CONTEXT() REPRESENTATION_CONTEXT('2D SPACE',''
  ) );
#7681 = ORIENTED_EDGE('',*,*,#7682,.T.);
#7682 = EDGE_CURVE('',#7648,#7683,#7685,.T.);
#7683 = VERTEX_POINT('',#7684);
#7684 = CARTESIAN_POINT('',(695.,255.,1.515E+03));
#7685 = SURFACE_CURVE('',#7686,(#7690,#7697),.PCURVE_S1.);
#7686 = LINE('',#7687,#7688);
#7687 = CARTESIAN_POINT('',(695.,165.,1.515E+03));
#7688 = VECTOR('',#7689,1.);
#7689 = DIRECTION('',(-0.,1.,0.));
#7690 = PCURVE('',#7658,#7691);
#7691 = DEFINITIONAL_REPRESENTATION('',(#7692),#7696);
#7692 = LINE('',#7693,#7694);
#7693 = CARTESIAN_POINT('',(0.,0.));
#7694 = VECTOR('',#7695,1.);
#7695 = DIRECTION('',(0.,-1.));
#7696 = ( GEOMETRIC_REPRESENTATION_CONTEXT(2) 
PARAMETRIC_REPRESENTATION_CONTEXT() REPRESENTATION_CONTEXT('2D SPACE',''
  ) );
#7697 = PCURVE('',#7698,#7703);
#7698 = PLANE('',#7699);
#7699 = AXIS2_PLACEMENT_3D('',#7700,#7701,#7702);
#7700 = CARTESIAN_POINT('',(695.,165.,1.515E+03));
#7701 = DIRECTION('',(0.,0.,1.));
#7702 = DIRECTION('',(1.,0.,-0.));
#7703 = DEFINITIONAL_REPRESENTATION('',(#7704),#7708);
#7704 = LINE('',#7705,#7706);
#7705 = CARTESIAN_POINT('',(0.,0.));
#7706 = VECTOR('',#7707,1.);
#7707 = DIRECTION('',(0.,1.));
#7708 = ( GEOMETRIC_REPRESENTATION_CONTEXT(2) 
PARAMETRIC_REPRESENTATION_CONTEXT() REPRESENTATION_CONTEXT('2D SPACE',''
  ) );
#7709 = ORIENTED_EDGE('',*,*,#7710,.T.);
#7710 = EDGE_CURVE('',#7683,#7711,#7713,.T.);
#7711 = VERTEX_POINT('',#7712);
#7712 = CARTESIAN_POINT('',(695.,255.,1.585E+03));
#7713 = SURFACE_CURVE('',#7714,(#7718,#7725),.PCURVE_S1.);
#7714 = LINE('',#7715,#7716);
#7715 = CARTESIAN_POINT('',(695.,255.,1.515E+03));
#7716 = VECTOR('',#7717,1.);
#7717 = DIRECTION('',(0.,0.,1.));
#7718 = PCURVE('',#7658,#7719);
#7719 = DEFINITIONAL_REPRESENTATION('',(#7720),#7724);
#7720 = LINE('',#7721,#7722);
#7721 = CARTESIAN_POINT('',(0.,-90.));
#7722 = VECTOR('',#7723,1.);
#7723 = DIRECTION('',(1.,0.));
#7724 = ( GEOMETRIC_REPRESENTATION_CONTEXT(2) 
PARAMETRIC_REPRESENTATION_CONTEXT() REPRESENTATION_CONTEXT('2D SPACE',''
  ) );
#7725 = PCURVE('',#7726,#7731);
#7726 = PLANE('',#7727);
#7727 = AXIS2_PLACEMENT_3D('',#7728,#7729,#7730);
#7728 = CARTESIAN_POINT('',(695.,255.,1.515E+03));
#7729 = DIRECTION('',(-0.,1.,0.));
#7730 = DIRECTION('',(0.,0.,1.));
#7731 = DEFINITIONAL_REPRESENTATION('',(#7732),#7736);
#7732 = LINE('',#7733,#7734);
#7733 = CARTESIAN_POINT('',(0.,0.));
#7734 = VECTOR('',#7735,1.);
#7735 = DIRECTION('',(1.,0.));
#7736 = ( GEOMETRIC_REPRESENTATION_CONTEXT(2) 
PARAMETRIC_REPRESENTATION_CONTEXT() REPRESENTATION_CONTEXT('2D SPACE',''
  ) );
#7737 = ORIENTED_EDGE('',*,*,#7738,.F.);
#7738 = EDGE_CURVE('',#7650,#7711,#7739,.T.);
#7739 = SURFACE_CURVE('',#7740,(#7744,#7751),.PCURVE_S1.);
#7740 = LINE('',#7741,#7742);
#7741 = CARTESIAN_POINT('',(695.,165.,1.585E+03));
#7742 = VECTOR('',#7743,1.);
#7743 = DIRECTION('',(-0.,1.,0.));
#7744 = PCURVE('',#7658,#7745);
#7745 = DEFINITIONAL_REPRESENTATION('',(#7746),#7750);
#7746 = LINE('',#7747,#7748);
#7747 = CARTESIAN_POINT('',(70.,0.));
#7748 = VECTOR('',#7749,1.);
#7749 = DIRECTION('',(0.,-1.));
#7750 = ( GEOMETRIC_REPRESENTATION_CONTEXT(2) 
PARAMETRIC_REPRESENTATION_CONTEXT() REPRESENTATION_CONTEXT('2D SPACE',''
  ) );
#7751 = PCURVE('',#7752,#7757);
#7752 = PLANE('',#7753);
#7753 = AXIS2_PLACEMENT_3D('',#7754,#7755,#7756);
#7754 = CARTESIAN_POINT('',(695.,165.,1.585E+03));
#7755 = DIRECTION('',(0.,0.,1.));
#7756 = DIRECTION('',(1.,0.,-0.));
#7757 = DEFINITIONAL_REPRESENTATION('',(#7758),#7762);
#7758 = LINE('',#7759,#7760);
#7759 = CARTESIAN_POINT('',(0.,0.));
#7760 = VECTOR('',#7761,1.);
#7761 = DIRECTION('',(0.,1.));
#7762 = ( GEOMETRIC_REPRESENTATION_CONTEXT(2) 
PARAMETRIC_REPRESENTATION_CONTEXT() REPRESENTATION_CONTEXT('2D SPACE',''
  ) );
#7763 = ADVANCED_FACE('',(#7764,#7839),#7670,.F.);
#7764 = FACE_BOUND('',#7765,.F.);
#7765 = EDGE_LOOP('',(#7766,#7789,#7790,#7813));
#7766 = ORIENTED_EDGE('',*,*,#7767,.F.);
#7767 = EDGE_CURVE('',#7648,#7768,#7770,.T.);
#7768 = VERTEX_POINT('',#7769);
#7769 = CARTESIAN_POINT('',(765.,165.,1.515E+03));
#7770 = SURFACE_CURVE('',#7771,(#7775,#7782),.PCURVE_S1.);
#7771 = LINE('',#7772,#7773);
#7772 = CARTESIAN_POINT('',(695.,165.,1.515E+03));
#7773 = VECTOR('',#7774,1.);
#7774 = DIRECTION('',(1.,0.,-0.));
#7775 = PCURVE('',#7670,#7776);
#7776 = DEFINITIONAL_REPRESENTATION('',(#7777),#7781);
#7777 = LINE('',#7778,#7779);
#7778 = CARTESIAN_POINT('',(0.,0.));
#7779 = VECTOR('',#7780,1.);
#7780 = DIRECTION('',(0.,1.));
#7781 = ( GEOMETRIC_REPRESENTATION_CONTEXT(2) 
PARAMETRIC_REPRESENTATION_CONTEXT() REPRESENTATION_CONTEXT('2D SPACE',''
  ) );
#7782 = PCURVE('',#7698,#7783);
#7783 = DEFINITIONAL_REPRESENTATION('',(#7784),#7788);
#7784 = LINE('',#7785,#7786);
#7785 = CARTESIAN_POINT('',(0.,0.));
#7786 = VECTOR('',#7787,1.);
#7787 = DIRECTION('',(1.,0.));
#7788 = ( GEOMETRIC_REPRESENTATION_CONTEXT(2) 
PARAMETRIC_REPRESENTATION_CONTEXT() REPRESENTATION_CONTEXT('2D SPACE',''
  ) );
#7789 = ORIENTED_EDGE('',*,*,#7647,.T.);
#7790 = ORIENTED_EDGE('',*,*,#7791,.T.);
#7791 = EDGE_CURVE('',#7650,#7792,#7794,.T.);
#7792 = VERTEX_POINT('',#7793);
#7793 = CARTESIAN_POINT('',(765.,165.,1.585E+03));
#7794 = SURFACE_CURVE('',#7795,(#7799,#7806),.PCURVE_S1.);
#7795 = LINE('',#7796,#7797);
#7796 = CARTESIAN_POINT('',(695.,165.,1.585E+03));
#7797 = VECTOR('',#7798,1.);
#7798 = DIRECTION('',(1.,0.,-0.));
#7799 = PCURVE('',#7670,#7800);
#7800 = DEFINITIONAL_REPRESENTATION('',(#7801),#7805);
#7801 = LINE('',#7802,#7803);
#7802 = CARTESIAN_POINT('',(70.,0.));
#7803 = VECTOR('',#7804,1.);
#7804 = DIRECTION('',(0.,1.));
#7805 = ( GEOMETRIC_REPRESENTATION_CONTEXT(2) 
PARAMETRIC_REPRESENTATION_CONTEXT() REPRESENTATION_CONTEXT('2D SPACE',''
  ) );
#7806 = PCURVE('',#7752,#7807);
#7807 = DEFINITIONAL_REPRESENTATION('',(#7808),#7812);
#7808 = LINE('',#7809,#7810);
#7809 = CARTESIAN_POINT('',(0.,0.));
#7810 = VECTOR('',#7811,1.);
#7811 = DIRECTION('',(1.,0.));
#7812 = ( GEOMETRIC_REPRESENTATION_CONTEXT(2) 
PARAMETRIC_REPRESENTATION_CONTEXT() REPRESENTATION_CONTEXT('2D SPACE',''
  ) );
#7813 = ORIENTED_EDGE('',*,*,#7814,.F.);
#7814 = EDGE_CURVE('',#7768,#7792,#7815,.T.);
#7815 = SURFACE_CURVE('',#7816,(#7820,#7827),.PCURVE_S1.);
#7816 = LINE('',#7817,#7818);
#7817 = CARTESIAN_POINT('',(765.,165.,1.515E+03));
#7818 = VECTOR('',#7819,1.);
#7819 = DIRECTION('',(0.,0.,1.));
#7820 = PCURVE('',#7670,#7821);
#7821 = DEFINITIONAL_REPRESENTATION('',(#7822),#7826);
#7822 = LINE('',#7823,#7824);
#7823 = CARTESIAN_POINT('',(0.,70.));
#7824 = VECTOR('',#7825,1.);
#7825 = DIRECTION('',(1.,0.));
#7826 = ( GEOMETRIC_REPRESENTATION_CONTEXT(2) 
PARAMETRIC_REPRESENTATION_CONTEXT() REPRESENTATION_CONTEXT('2D SPACE',''
  ) );
#7827 = PCURVE('',#7828,#7833);
#7828 = PLANE('',#7829);
#7829 = AXIS2_PLACEMENT_3D('',#7830,#7831,#7832);
#7830 = CARTESIAN_POINT('',(765.,165.,1.515E+03));
#7831 = DIRECTION('',(1.,0.,-0.));
#7832 = DIRECTION('',(0.,0.,1.));
#7833 = DEFINITIONAL_REPRESENTATION('',(#7834),#7838);
#7834 = LINE('',#7835,#7836);
#7835 = CARTESIAN_POINT('',(0.,0.));
#7836 = VECTOR('',#7837,1.);
#7837 = DIRECTION('',(1.,0.));
#7838 = ( GEOMETRIC_REPRESENTATION_CONTEXT(2) 
PARAMETRIC_REPRESENTATION_CONTEXT() REPRESENTATION_CONTEXT('2D SPACE',''
  ) );
#7839 = FACE_BOUND('',#7840,.F.);
#7840 = EDGE_LOOP('',(#7841));
#7841 = ORIENTED_EDGE('',*,*,#7842,.T.);
#7842 = EDGE_CURVE('',#7843,#7843,#7845,.T.);
#7843 = VERTEX_POINT('',#7844);
#7844 = CARTESIAN_POINT('',(743.35,165.,1.55E+03));
#7845 = SURFACE_CURVE('',#7846,(#7851,#7862),.PCURVE_S1.);
#7846 = CIRCLE('',#7847,13.35);
#7847 = AXIS2_PLACEMENT_3D('',#7848,#7849,#7850);
#7848 = CARTESIAN_POINT('',(730.,165.,1.55E+03));
#7849 = DIRECTION('',(0.,-1.,2.22044604925E-16));
#7850 = DIRECTION('',(1.,0.,0.));
#7851 = PCURVE('',#7670,#7852);
#7852 = DEFINITIONAL_REPRESENTATION('',(#7853),#7861);
#7853 = ( BOUNDED_CURVE() B_SPLINE_CURVE(2,(#7854,#7855,#7856,#7857,
#7858,#7859,#7860),.UNSPECIFIED.,.T.,.F.) B_SPLINE_CURVE_WITH_KNOTS((1,2
    ,2,2,2,1),(-2.094395102393,0.,2.094395102393,4.188790204786,
6.28318530718,8.377580409573),.UNSPECIFIED.) CURVE() 
GEOMETRIC_REPRESENTATION_ITEM() RATIONAL_B_SPLINE_CURVE((1.,0.5,1.,0.5,
1.,0.5,1.)) REPRESENTATION_ITEM('') );
#7854 = CARTESIAN_POINT('',(35.,48.35));
#7855 = CARTESIAN_POINT('',(58.122878281045,48.35));
#7856 = CARTESIAN_POINT('',(46.561439140522,28.325));
#7857 = CARTESIAN_POINT('',(35.,8.3));
#7858 = CARTESIAN_POINT('',(23.438560859478,28.325));
#7859 = CARTESIAN_POINT('',(11.877121718955,48.35));
#7860 = CARTESIAN_POINT('',(35.,48.35));
#7861 = ( GEOMETRIC_REPRESENTATION_CONTEXT(2) 
PARAMETRIC_REPRESENTATION_CONTEXT() REPRESENTATION_CONTEXT('2D SPACE',''
  ) );
#7862 = PCURVE('',#7863,#7868);
#7863 = CYLINDRICAL_SURFACE('',#7864,13.35);
#7864 = AXIS2_PLACEMENT_3D('',#7865,#7866,#7867);
#7865 = CARTESIAN_POINT('',(730.,165.,1.55E+03));
#7866 = DIRECTION('',(0.,-1.,2.22044604925E-16));
#7867 = DIRECTION('',(1.,0.,0.));
#7868 = DEFINITIONAL_REPRESENTATION('',(#7869),#7873);
#7869 = LINE('',#7870,#7871);
#7870 = CARTESIAN_POINT('',(0.,0.));
#7871 = VECTOR('',#7872,1.);
#7872 = DIRECTION('',(1.,0.));
#7873 = ( GEOMETRIC_REPRESENTATION_CONTEXT(2) 
PARAMETRIC_REPRESENTATION_CONTEXT() REPRESENTATION_CONTEXT('2D SPACE',''
  ) );
#7874 = ADVANCED_FACE('',(#7875,#7923),#7752,.T.);
#7875 = FACE_BOUND('',#7876,.T.);
#7876 = EDGE_LOOP('',(#7877,#7878,#7879,#7902));
#7877 = ORIENTED_EDGE('',*,*,#7738,.F.);
#7878 = ORIENTED_EDGE('',*,*,#7791,.T.);
#7879 = ORIENTED_EDGE('',*,*,#7880,.T.);
#7880 = EDGE_CURVE('',#7792,#7881,#7883,.T.);
#7881 = VERTEX_POINT('',#7882);
#7882 = CARTESIAN_POINT('',(765.,255.,1.585E+03));
#7883 = SURFACE_CURVE('',#7884,(#7888,#7895),.PCURVE_S1.);
#7884 = LINE('',#7885,#7886);
#7885 = CARTESIAN_POINT('',(765.,165.,1.585E+03));
#7886 = VECTOR('',#7887,1.);
#7887 = DIRECTION('',(-0.,1.,0.));
#7888 = PCURVE('',#7752,#7889);
#7889 = DEFINITIONAL_REPRESENTATION('',(#7890),#7894);
#7890 = LINE('',#7891,#7892);
#7891 = CARTESIAN_POINT('',(70.,0.));
#7892 = VECTOR('',#7893,1.);
#7893 = DIRECTION('',(0.,1.));
#7894 = ( GEOMETRIC_REPRESENTATION_CONTEXT(2) 
PARAMETRIC_REPRESENTATION_CONTEXT() REPRESENTATION_CONTEXT('2D SPACE',''
  ) );
#7895 = PCURVE('',#7828,#7896);
#7896 = DEFINITIONAL_REPRESENTATION('',(#7897),#7901);
#7897 = LINE('',#7898,#7899);
#7898 = CARTESIAN_POINT('',(70.,0.));
#7899 = VECTOR('',#7900,1.);
#7900 = DIRECTION('',(0.,-1.));
#7901 = ( GEOMETRIC_REPRESENTATION_CONTEXT(2) 
PARAMETRIC_REPRESENTATION_CONTEXT() REPRESENTATION_CONTEXT('2D SPACE',''
  ) );
#7902 = ORIENTED_EDGE('',*,*,#7903,.F.);
#7903 = EDGE_CURVE('',#7711,#7881,#7904,.T.);
#7904 = SURFACE_CURVE('',#7905,(#7909,#7916),.PCURVE_S1.);
#7905 = LINE('',#7906,#7907);
#7906 = CARTESIAN_POINT('',(695.,255.,1.585E+03));
#7907 = VECTOR('',#7908,1.);
#7908 = DIRECTION('',(1.,0.,-0.));
#7909 = PCURVE('',#7752,#7910);
#7910 = DEFINITIONAL_REPRESENTATION('',(#7911),#7915);
#7911 = LINE('',#7912,#7913);
#7912 = CARTESIAN_POINT('',(0.,90.));
#7913 = VECTOR('',#7914,1.);
#7914 = DIRECTION('',(1.,0.));
#7915 = ( GEOMETRIC_REPRESENTATION_CONTEXT(2) 
PARAMETRIC_REPRESENTATION_CONTEXT() REPRESENTATION_CONTEXT('2D SPACE',''
  ) );
#7916 = PCURVE('',#7726,#7917);
#7917 = DEFINITIONAL_REPRESENTATION('',(#7918),#7922);
#7918 = LINE('',#7919,#7920);
#7919 = CARTESIAN_POINT('',(70.,0.));
#7920 = VECTOR('',#7921,1.);
#7921 = DIRECTION('',(0.,1.));
#7922 = ( GEOMETRIC_REPRESENTATION_CONTEXT(2) 
PARAMETRIC_REPRESENTATION_CONTEXT() REPRESENTATION_CONTEXT('2D SPACE',''
  ) );
#7923 = FACE_BOUND('',#7924,.T.);
#7924 = EDGE_LOOP('',(#7925));
#7925 = ORIENTED_EDGE('',*,*,#7926,.F.);
#7926 = EDGE_CURVE('',#7927,#7927,#7929,.T.);
#7927 = VERTEX_POINT('',#7928);
#7928 = CARTESIAN_POINT('',(736.,210.,1.585E+03));
#7929 = SURFACE_CURVE('',#7930,(#7935,#7942),.PCURVE_S1.);
#7930 = CIRCLE('',#7931,6.);
#7931 = AXIS2_PLACEMENT_3D('',#7932,#7933,#7934);
#7932 = CARTESIAN_POINT('',(730.,210.,1.585E+03));
#7933 = DIRECTION('',(0.,0.,1.));
#7934 = DIRECTION('',(1.,0.,-0.));
#7935 = PCURVE('',#7752,#7936);
#7936 = DEFINITIONAL_REPRESENTATION('',(#7937),#7941);
#7937 = CIRCLE('',#7938,6.);
#7938 = AXIS2_PLACEMENT_2D('',#7939,#7940);
#7939 = CARTESIAN_POINT('',(35.,45.));
#7940 = DIRECTION('',(1.,0.));
#7941 = ( GEOMETRIC_REPRESENTATION_CONTEXT(2) 
PARAMETRIC_REPRESENTATION_CONTEXT() REPRESENTATION_CONTEXT('2D SPACE',''
  ) );
#7942 = PCURVE('',#7943,#7948);
#7943 = CYLINDRICAL_SURFACE('',#7944,6.);
#7944 = AXIS2_PLACEMENT_3D('',#7945,#7946,#7947);
#7945 = CARTESIAN_POINT('',(730.,210.,1.585E+03));
#7946 = DIRECTION('',(0.,0.,1.));
#7947 = DIRECTION('',(1.,0.,-0.));
#7948 = DEFINITIONAL_REPRESENTATION('',(#7949),#7953);
#7949 = LINE('',#7950,#7951);
#7950 = CARTESIAN_POINT('',(0.,0.));
#7951 = VECTOR('',#7952,1.);
#7952 = DIRECTION('',(1.,0.));
#7953 = ( GEOMETRIC_REPRESENTATION_CONTEXT(2) 
PARAMETRIC_REPRESENTATION_CONTEXT() REPRESENTATION_CONTEXT('2D SPACE',''
  ) );
#7954 = ADVANCED_FACE('',(#7955),#7726,.T.);
#7955 = FACE_BOUND('',#7956,.T.);
#7956 = EDGE_LOOP('',(#7957,#7980,#7981,#7982));
#7957 = ORIENTED_EDGE('',*,*,#7958,.F.);
#7958 = EDGE_CURVE('',#7683,#7959,#7961,.T.);
#7959 = VERTEX_POINT('',#7960);
#7960 = CARTESIAN_POINT('',(765.,255.,1.515E+03));
#7961 = SURFACE_CURVE('',#7962,(#7966,#7973),.PCURVE_S1.);
#7962 = LINE('',#7963,#7964);
#7963 = CARTESIAN_POINT('',(695.,255.,1.515E+03));
#7964 = VECTOR('',#7965,1.);
#7965 = DIRECTION('',(1.,0.,-0.));
#7966 = PCURVE('',#7726,#7967);
#7967 = DEFINITIONAL_REPRESENTATION('',(#7968),#7972);
#7968 = LINE('',#7969,#7970);
#7969 = CARTESIAN_POINT('',(0.,0.));
#7970 = VECTOR('',#7971,1.);
#7971 = DIRECTION('',(0.,1.));
#7972 = ( GEOMETRIC_REPRESENTATION_CONTEXT(2) 
PARAMETRIC_REPRESENTATION_CONTEXT() REPRESENTATION_CONTEXT('2D SPACE',''
  ) );
#7973 = PCURVE('',#7698,#7974);
#7974 = DEFINITIONAL_REPRESENTATION('',(#7975),#7979);
#7975 = LINE('',#7976,#7977);
#7976 = CARTESIAN_POINT('',(0.,90.));
#7977 = VECTOR('',#7978,1.);
#7978 = DIRECTION('',(1.,0.));
#7979 = ( GEOMETRIC_REPRESENTATION_CONTEXT(2) 
PARAMETRIC_REPRESENTATION_CONTEXT() REPRESENTATION_CONTEXT('2D SPACE',''
  ) );
#7980 = ORIENTED_EDGE('',*,*,#7710,.T.);
#7981 = ORIENTED_EDGE('',*,*,#7903,.T.);
#7982 = ORIENTED_EDGE('',*,*,#7983,.F.);
#7983 = EDGE_CURVE('',#7959,#7881,#7984,.T.);
#7984 = SURFACE_CURVE('',#7985,(#7989,#7996),.PCURVE_S1.);
#7985 = LINE('',#7986,#7987);
#7986 = CARTESIAN_POINT('',(765.,255.,1.515E+03));
#7987 = VECTOR('',#7988,1.);
#7988 = DIRECTION('',(0.,0.,1.));
#7989 = PCURVE('',#7726,#7990);
#7990 = DEFINITIONAL_REPRESENTATION('',(#7991),#7995);
#7991 = LINE('',#7992,#7993);
#7992 = CARTESIAN_POINT('',(0.,70.));
#7993 = VECTOR('',#7994,1.);
#7994 = DIRECTION('',(1.,0.));
#7995 = ( GEOMETRIC_REPRESENTATION_CONTEXT(2) 
PARAMETRIC_REPRESENTATION_CONTEXT() REPRESENTATION_CONTEXT('2D SPACE',''
  ) );
#7996 = PCURVE('',#7828,#7997);
#7997 = DEFINITIONAL_REPRESENTATION('',(#7998),#8002);
#7998 = LINE('',#7999,#8000);
#7999 = CARTESIAN_POINT('',(0.,-90.));
#8000 = VECTOR('',#8001,1.);
#8001 = DIRECTION('',(1.,0.));
#8002 = ( GEOMETRIC_REPRESENTATION_CONTEXT(2) 
PARAMETRIC_REPRESENTATION_CONTEXT() REPRESENTATION_CONTEXT('2D SPACE',''
  ) );
#8003 = ADVANCED_FACE('',(#8004),#7698,.F.);
#8004 = FACE_BOUND('',#8005,.F.);
#8005 = EDGE_LOOP('',(#8006,#8007,#8008,#8029));
#8006 = ORIENTED_EDGE('',*,*,#7682,.F.);
#8007 = ORIENTED_EDGE('',*,*,#7767,.T.);
#8008 = ORIENTED_EDGE('',*,*,#8009,.T.);
#8009 = EDGE_CURVE('',#7768,#7959,#8010,.T.);
#8010 = SURFACE_CURVE('',#8011,(#8015,#8022),.PCURVE_S1.);
#8011 = LINE('',#8012,#8013);
#8012 = CARTESIAN_POINT('',(765.,165.,1.515E+03));
#8013 = VECTOR('',#8014,1.);
#8014 = DIRECTION('',(-0.,1.,0.));
#8015 = PCURVE('',#7698,#8016);
#8016 = DEFINITIONAL_REPRESENTATION('',(#8017),#8021);
#8017 = LINE('',#8018,#8019);
#8018 = CARTESIAN_POINT('',(70.,0.));
#8019 = VECTOR('',#8020,1.);
#8020 = DIRECTION('',(0.,1.));
#8021 = ( GEOMETRIC_REPRESENTATION_CONTEXT(2) 
PARAMETRIC_REPRESENTATION_CONTEXT() REPRESENTATION_CONTEXT('2D SPACE',''
  ) );
#8022 = PCURVE('',#7828,#8023);
#8023 = DEFINITIONAL_REPRESENTATION('',(#8024),#8028);
#8024 = LINE('',#8025,#8026);
#8025 = CARTESIAN_POINT('',(0.,0.));
#8026 = VECTOR('',#8027,1.);
#8027 = DIRECTION('',(0.,-1.));
#8028 = ( GEOMETRIC_REPRESENTATION_CONTEXT(2) 
PARAMETRIC_REPRESENTATION_CONTEXT() REPRESENTATION_CONTEXT('2D SPACE',''
  ) );
#8029 = ORIENTED_EDGE('',*,*,#7958,.F.);
#8030 = ADVANCED_FACE('',(#8031,#8037),#7828,.T.);
#8031 = FACE_BOUND('',#8032,.T.);
#8032 = EDGE_LOOP('',(#8033,#8034,#8035,#8036));
#8033 = ORIENTED_EDGE('',*,*,#7814,.F.);
#8034 = ORIENTED_EDGE('',*,*,#8009,.T.);
#8035 = ORIENTED_EDGE('',*,*,#7983,.T.);
#8036 = ORIENTED_EDGE('',*,*,#7880,.F.);
#8037 = FACE_BOUND('',#8038,.T.);
#8038 = EDGE_LOOP('',(#8039));
#8039 = ORIENTED_EDGE('',*,*,#8040,.F.);
#8040 = EDGE_CURVE('',#8041,#8041,#8043,.T.);
#8041 = VERTEX_POINT('',#8042);
#8042 = CARTESIAN_POINT('',(765.,210.,1.528E+03));
#8043 = SURFACE_CURVE('',#8044,(#8049,#8056),.PCURVE_S1.);
#8044 = CIRCLE('',#8045,22.);
#8045 = AXIS2_PLACEMENT_3D('',#8046,#8047,#8048);
#8046 = CARTESIAN_POINT('',(765.,210.,1.55E+03));
#8047 = DIRECTION('',(1.,-0.,2.22044604925E-16));
#8048 = DIRECTION('',(2.22044604925E-16,0.,-1.));
#8049 = PCURVE('',#7828,#8050);
#8050 = DEFINITIONAL_REPRESENTATION('',(#8051),#8055);
#8051 = CIRCLE('',#8052,22.);
#8052 = AXIS2_PLACEMENT_2D('',#8053,#8054);
#8053 = CARTESIAN_POINT('',(35.,-45.));
#8054 = DIRECTION('',(-1.,0.));
#8055 = ( GEOMETRIC_REPRESENTATION_CONTEXT(2) 
PARAMETRIC_REPRESENTATION_CONTEXT() REPRESENTATION_CONTEXT('2D SPACE',''
  ) );
#8056 = PCURVE('',#8057,#8062);
#8057 = CYLINDRICAL_SURFACE('',#8058,22.);
#8058 = AXIS2_PLACEMENT_3D('',#8059,#8060,#8061);
#8059 = CARTESIAN_POINT('',(765.,210.,1.55E+03));
#8060 = DIRECTION('',(1.,0.,2.22044604925E-16));
#8061 = DIRECTION('',(2.22044604925E-16,0.,-1.));
#8062 = DEFINITIONAL_REPRESENTATION('',(#8063),#8067);
#8063 = LINE('',#8064,#8065);
#8064 = CARTESIAN_POINT('',(0.,0.));
#8065 = VECTOR('',#8066,1.);
#8066 = DIRECTION('',(1.,0.));
#8067 = ( GEOMETRIC_REPRESENTATION_CONTEXT(2) 
PARAMETRIC_REPRESENTATION_CONTEXT() REPRESENTATION_CONTEXT('2D SPACE',''
  ) );
#8068 = ADVANCED_FACE('',(#8069),#7863,.T.);
#8069 = FACE_BOUND('',#8070,.T.);
#8070 = EDGE_LOOP('',(#8071,#8100,#8121,#8122));
#8071 = ORIENTED_EDGE('',*,*,#8072,.F.);
#8072 = EDGE_CURVE('',#8073,#8073,#8075,.T.);
#8073 = VERTEX_POINT('',#8074);
#8074 = CARTESIAN_POINT('',(743.35,150.,1.55E+03));
#8075 = SURFACE_CURVE('',#8076,(#8081,#8088),.PCURVE_S1.);
#8076 = CIRCLE('',#8077,13.35);
#8077 = AXIS2_PLACEMENT_3D('',#8078,#8079,#8080);
#8078 = CARTESIAN_POINT('',(730.,150.,1.55E+03));
#8079 = DIRECTION('',(0.,-1.,2.22044604925E-16));
#8080 = DIRECTION('',(1.,0.,0.));
#8081 = PCURVE('',#7863,#8082);
#8082 = DEFINITIONAL_REPRESENTATION('',(#8083),#8087);
#8083 = LINE('',#8084,#8085);
#8084 = CARTESIAN_POINT('',(0.,15.));
#8085 = VECTOR('',#8086,1.);
#8086 = DIRECTION('',(1.,0.));
#8087 = ( GEOMETRIC_REPRESENTATION_CONTEXT(2) 
PARAMETRIC_REPRESENTATION_CONTEXT() REPRESENTATION_CONTEXT('2D SPACE',''
  ) );
#8088 = PCURVE('',#8089,#8094);
#8089 = PLANE('',#8090);
#8090 = AXIS2_PLACEMENT_3D('',#8091,#8092,#8093);
#8091 = CARTESIAN_POINT('',(730.,150.,1.55E+03));
#8092 = DIRECTION('',(0.,-1.,2.22044604925E-16));
#8093 = DIRECTION('',(1.,0.,0.));
#8094 = DEFINITIONAL_REPRESENTATION('',(#8095),#8099);
#8095 = CIRCLE('',#8096,13.35);
#8096 = AXIS2_PLACEMENT_2D('',#8097,#8098);
#8097 = CARTESIAN_POINT('',(0.,0.));
#8098 = DIRECTION('',(1.,0.));
#8099 = ( GEOMETRIC_REPRESENTATION_CONTEXT(2) 
PARAMETRIC_REPRESENTATION_CONTEXT() REPRESENTATION_CONTEXT('2D SPACE',''
  ) );
#8100 = ORIENTED_EDGE('',*,*,#8101,.F.);
#8101 = EDGE_CURVE('',#7843,#8073,#8102,.T.);
#8102 = SEAM_CURVE('',#8103,(#8107,#8114),.PCURVE_S1.);
#8103 = LINE('',#8104,#8105);
#8104 = CARTESIAN_POINT('',(743.35,165.,1.55E+03));
#8105 = VECTOR('',#8106,1.);
#8106 = DIRECTION('',(0.,-1.,2.22044604925E-16));
#8107 = PCURVE('',#7863,#8108);
#8108 = DEFINITIONAL_REPRESENTATION('',(#8109),#8113);
#8109 = LINE('',#8110,#8111);
#8110 = CARTESIAN_POINT('',(6.28318530718,-0.));
#8111 = VECTOR('',#8112,1.);
#8112 = DIRECTION('',(0.,1.));
#8113 = ( GEOMETRIC_REPRESENTATION_CONTEXT(2) 
PARAMETRIC_REPRESENTATION_CONTEXT() REPRESENTATION_CONTEXT('2D SPACE',''
  ) );
#8114 = PCURVE('',#7863,#8115);
#8115 = DEFINITIONAL_REPRESENTATION('',(#8116),#8120);
#8116 = LINE('',#8117,#8118);
#8117 = CARTESIAN_POINT('',(0.,-0.));
#8118 = VECTOR('',#8119,1.);
#8119 = DIRECTION('',(0.,1.));
#8120 = ( GEOMETRIC_REPRESENTATION_CONTEXT(2) 
PARAMETRIC_REPRESENTATION_CONTEXT() REPRESENTATION_CONTEXT('2D SPACE',''
  ) );
#8121 = ORIENTED_EDGE('',*,*,#7842,.T.);
#8122 = ORIENTED_EDGE('',*,*,#8101,.T.);
#8123 = ADVANCED_FACE('',(#8124),#7943,.T.);
#8124 = FACE_BOUND('',#8125,.T.);
#8125 = EDGE_LOOP('',(#8126,#8149,#8178,#8207,#8236,#8258,#8259));
#8126 = ORIENTED_EDGE('',*,*,#8127,.T.);
#8127 = EDGE_CURVE('',#7927,#8128,#8130,.T.);
#8128 = VERTEX_POINT('',#8129);
#8129 = CARTESIAN_POINT('',(736.,210.,1.625E+03));
#8130 = SEAM_CURVE('',#8131,(#8135,#8142),.PCURVE_S1.);
#8131 = LINE('',#8132,#8133);
#8132 = CARTESIAN_POINT('',(736.,210.,1.585E+03));
#8133 = VECTOR('',#8134,1.);
#8134 = DIRECTION('',(0.,0.,1.));
#8135 = PCURVE('',#7943,#8136);
#8136 = DEFINITIONAL_REPRESENTATION('',(#8137),#8141);
#8137 = LINE('',#8138,#8139);
#8138 = CARTESIAN_POINT('',(6.28318530718,-0.));
#8139 = VECTOR('',#8140,1.);
#8140 = DIRECTION('',(0.,1.));
#8141 = ( GEOMETRIC_REPRESENTATION_CONTEXT(2) 
PARAMETRIC_REPRESENTATION_CONTEXT() REPRESENTATION_CONTEXT('2D SPACE',''
  ) );
#8142 = PCURVE('',#7943,#8143);
#8143 = DEFINITIONAL_REPRESENTATION('',(#8144),#8148);
#8144 = LINE('',#8145,#8146);
#8145 = CARTESIAN_POINT('',(0.,-0.));
#8146 = VECTOR('',#8147,1.);
#8147 = DIRECTION('',(0.,1.));
#8148 = ( GEOMETRIC_REPRESENTATION_CONTEXT(2) 
PARAMETRIC_REPRESENTATION_CONTEXT() REPRESENTATION_CONTEXT('2D SPACE',''
  ) );
#8149 = ORIENTED_EDGE('',*,*,#8150,.F.);
#8150 = EDGE_CURVE('',#8151,#8128,#8153,.T.);
#8151 = VERTEX_POINT('',#8152);
#8152 = CARTESIAN_POINT('',(729.99999999999,204.,1.625E+03));
#8153 = SURFACE_CURVE('',#8154,(#8159,#8166),.PCURVE_S1.);
#8154 = CIRCLE('',#8155,6.);
#8155 = AXIS2_PLACEMENT_3D('',#8156,#8157,#8158);
#8156 = CARTESIAN_POINT('',(730.,210.,1.625E+03));
#8157 = DIRECTION('',(0.,0.,1.));
#8158 = DIRECTION('',(1.,0.,-0.));
#8159 = PCURVE('',#7943,#8160);
#8160 = DEFINITIONAL_REPRESENTATION('',(#8161),#8165);
#8161 = LINE('',#8162,#8163);
#8162 = CARTESIAN_POINT('',(0.,40.));
#8163 = VECTOR('',#8164,1.);
#8164 = DIRECTION('',(1.,0.));
#8165 = ( GEOMETRIC_REPRESENTATION_CONTEXT(2) 
PARAMETRIC_REPRESENTATION_CONTEXT() REPRESENTATION_CONTEXT('2D SPACE',''
  ) );
#8166 = PCURVE('',#8167,#8172);
#8167 = PLANE('',#8168);
#8168 = AXIS2_PLACEMENT_3D('',#8169,#8170,#8171);
#8169 = CARTESIAN_POINT('',(724.,204.,1.625E+03));
#8170 = DIRECTION('',(0.,0.,1.));
#8171 = DIRECTION('',(1.,0.,-0.));
#8172 = DEFINITIONAL_REPRESENTATION('',(#8173),#8177);
#8173 = CIRCLE('',#8174,6.);
#8174 = AXIS2_PLACEMENT_2D('',#8175,#8176);
#8175 = CARTESIAN_POINT('',(6.,6.));
#8176 = DIRECTION('',(1.,0.));
#8177 = ( GEOMETRIC_REPRESENTATION_CONTEXT(2) 
PARAMETRIC_REPRESENTATION_CONTEXT() REPRESENTATION_CONTEXT('2D SPACE',''
  ) );
#8178 = ORIENTED_EDGE('',*,*,#8179,.F.);
#8179 = EDGE_CURVE('',#8180,#8151,#8182,.T.);
#8180 = VERTEX_POINT('',#8181);
#8181 = CARTESIAN_POINT('',(724.,210.,1.625E+03));
#8182 = SURFACE_CURVE('',#8183,(#8188,#8195),.PCURVE_S1.);
#8183 = CIRCLE('',#8184,6.);
#8184 = AXIS2_PLACEMENT_3D('',#8185,#8186,#8187);
#8185 = CARTESIAN_POINT('',(730.,210.,1.625E+03));
#8186 = DIRECTION('',(0.,0.,1.));
#8187 = DIRECTION('',(1.,0.,-0.));
#8188 = PCURVE('',#7943,#8189);
#8189 = DEFINITIONAL_REPRESENTATION('',(#8190),#8194);
#8190 = LINE('',#8191,#8192);
#8191 = CARTESIAN_POINT('',(0.,40.));
#8192 = VECTOR('',#8193,1.);
#8193 = DIRECTION('',(1.,0.));
#8194 = ( GEOMETRIC_REPRESENTATION_CONTEXT(2) 
PARAMETRIC_REPRESENTATION_CONTEXT() REPRESENTATION_CONTEXT('2D SPACE',''
  ) );
#8195 = PCURVE('',#8196,#8201);
#8196 = PLANE('',#8197);
#8197 = AXIS2_PLACEMENT_3D('',#8198,#8199,#8200);
#8198 = CARTESIAN_POINT('',(724.,204.,1.625E+03));
#8199 = DIRECTION('',(0.,0.,1.));
#8200 = DIRECTION('',(1.,0.,-0.));
#8201 = DEFINITIONAL_REPRESENTATION('',(#8202),#8206);
#8202 = CIRCLE('',#8203,6.);
#8203 = AXIS2_PLACEMENT_2D('',#8204,#8205);
#8204 = CARTESIAN_POINT('',(6.,6.));
#8205 = DIRECTION('',(1.,0.));
#8206 = ( GEOMETRIC_REPRESENTATION_CONTEXT(2) 
PARAMETRIC_REPRESENTATION_CONTEXT() REPRESENTATION_CONTEXT('2D SPACE',''
  ) );
#8207 = ORIENTED_EDGE('',*,*,#8208,.F.);
#8208 = EDGE_CURVE('',#8209,#8180,#8211,.T.);
#8209 = VERTEX_POINT('',#8210);
#8210 = CARTESIAN_POINT('',(729.99999999999,216.,1.625E+03));
#8211 = SURFACE_CURVE('',#8212,(#8217,#8224),.PCURVE_S1.);
#8212 = CIRCLE('',#8213,6.);
#8213 = AXIS2_PLACEMENT_3D('',#8214,#8215,#8216);
#8214 = CARTESIAN_POINT('',(730.,210.,1.625E+03));
#8215 = DIRECTION('',(0.,0.,1.));
#8216 = DIRECTION('',(1.,0.,-0.));
#8217 = PCURVE('',#7943,#8218);
#8218 = DEFINITIONAL_REPRESENTATION('',(#8219),#8223);
#8219 = LINE('',#8220,#8221);
#8220 = CARTESIAN_POINT('',(0.,40.));
#8221 = VECTOR('',#8222,1.);
#8222 = DIRECTION('',(1.,0.));
#8223 = ( GEOMETRIC_REPRESENTATION_CONTEXT(2) 
PARAMETRIC_REPRESENTATION_CONTEXT() REPRESENTATION_CONTEXT('2D SPACE',''
  ) );
#8224 = PCURVE('',#8225,#8230);
#8225 = PLANE('',#8226);
#8226 = AXIS2_PLACEMENT_3D('',#8227,#8228,#8229);
#8227 = CARTESIAN_POINT('',(724.,204.,1.625E+03));
#8228 = DIRECTION('',(0.,0.,1.));
#8229 = DIRECTION('',(1.,0.,-0.));
#8230 = DEFINITIONAL_REPRESENTATION('',(#8231),#8235);
#8231 = CIRCLE('',#8232,6.);
#8232 = AXIS2_PLACEMENT_2D('',#8233,#8234);
#8233 = CARTESIAN_POINT('',(6.,6.));
#8234 = DIRECTION('',(1.,0.));
#8235 = ( GEOMETRIC_REPRESENTATION_CONTEXT(2) 
PARAMETRIC_REPRESENTATION_CONTEXT() REPRESENTATION_CONTEXT('2D SPACE',''
  ) );
#8236 = ORIENTED_EDGE('',*,*,#8237,.F.);
#8237 = EDGE_CURVE('',#8128,#8209,#8238,.T.);
#8238 = SURFACE_CURVE('',#8239,(#8244,#8251),.PCURVE_S1.);
#8239 = CIRCLE('',#8240,6.);
#8240 = AXIS2_PLACEMENT_3D('',#8241,#8242,#8243);
#8241 = CARTESIAN_POINT('',(730.,210.,1.625E+03));
#8242 = DIRECTION('',(0.,0.,1.));
#8243 = DIRECTION('',(1.,0.,-0.));
#8244 = PCURVE('',#7943,#8245);
#8245 = DEFINITIONAL_REPRESENTATION('',(#8246),#8250);
#8246 = LINE('',#8247,#8248);
#8247 = CARTESIAN_POINT('',(0.,40.));
#8248 = VECTOR('',#8249,1.);
#8249 = DIRECTION('',(1.,0.));
#8250 = ( GEOMETRIC_REPRESENTATION_CONTEXT(2) 
PARAMETRIC_REPRESENTATION_CONTEXT() REPRESENTATION_CONTEXT('2D SPACE',''
  ) );
#8251 = PCURVE('',#8167,#8252);
#8252 = DEFINITIONAL_REPRESENTATION('',(#8253),#8257);
#8253 = CIRCLE('',#8254,6.);
#8254 = AXIS2_PLACEMENT_2D('',#8255,#8256);
#8255 = CARTESIAN_POINT('',(6.,6.));
#8256 = DIRECTION('',(1.,0.));
#8257 = ( GEOMETRIC_REPRESENTATION_CONTEXT(2) 
PARAMETRIC_REPRESENTATION_CONTEXT() REPRESENTATION_CONTEXT('2D SPACE',''
  ) );
#8258 = ORIENTED_EDGE('',*,*,#8127,.F.);
#8259 = ORIENTED_EDGE('',*,*,#7926,.T.);
#8260 = ADVANCED_FACE('',(#8261),#8057,.T.);
#8261 = FACE_BOUND('',#8262,.T.);
#8262 = EDGE_LOOP('',(#8263,#8292,#8313,#8314));
#8263 = ORIENTED_EDGE('',*,*,#8264,.F.);
#8264 = EDGE_CURVE('',#8265,#8265,#8267,.T.);
#8265 = VERTEX_POINT('',#8266);
#8266 = CARTESIAN_POINT('',(805.,210.,1.528E+03));
#8267 = SURFACE_CURVE('',#8268,(#8273,#8280),.PCURVE_S1.);
#8268 = CIRCLE('',#8269,22.);
#8269 = AXIS2_PLACEMENT_3D('',#8270,#8271,#8272);
#8270 = CARTESIAN_POINT('',(805.,210.,1.55E+03));
#8271 = DIRECTION('',(1.,-0.,2.22044604925E-16));
#8272 = DIRECTION('',(2.22044604925E-16,0.,-1.));
#8273 = PCURVE('',#8057,#8274);
#8274 = DEFINITIONAL_REPRESENTATION('',(#8275),#8279);
#8275 = LINE('',#8276,#8277);
#8276 = CARTESIAN_POINT('',(0.,40.));
#8277 = VECTOR('',#8278,1.);
#8278 = DIRECTION('',(1.,0.));
#8279 = ( GEOMETRIC_REPRESENTATION_CONTEXT(2) 
PARAMETRIC_REPRESENTATION_CONTEXT() REPRESENTATION_CONTEXT('2D SPACE',''
  ) );
#8280 = PCURVE('',#8281,#8286);
#8281 = PLANE('',#8282);
#8282 = AXIS2_PLACEMENT_3D('',#8283,#8284,#8285);
#8283 = CARTESIAN_POINT('',(805.,210.,1.55E+03));
#8284 = DIRECTION('',(1.,0.,2.22044604925E-16));
#8285 = DIRECTION('',(2.22044604925E-16,0.,-1.));
#8286 = DEFINITIONAL_REPRESENTATION('',(#8287),#8291);
#8287 = CIRCLE('',#8288,22.);
#8288 = AXIS2_PLACEMENT_2D('',#8289,#8290);
#8289 = CARTESIAN_POINT('',(0.,0.));
#8290 = DIRECTION('',(1.,0.));
#8291 = ( GEOMETRIC_REPRESENTATION_CONTEXT(2) 
PARAMETRIC_REPRESENTATION_CONTEXT() REPRESENTATION_CONTEXT('2D SPACE',''
  ) );
#8292 = ORIENTED_EDGE('',*,*,#8293,.F.);
#8293 = EDGE_CURVE('',#8041,#8265,#8294,.T.);
#8294 = SEAM_CURVE('',#8295,(#8299,#8306),.PCURVE_S1.);
#8295 = LINE('',#8296,#8297);
#8296 = CARTESIAN_POINT('',(765.,210.,1.528E+03));
#8297 = VECTOR('',#8298,1.);
#8298 = DIRECTION('',(1.,0.,2.22044604925E-16));
#8299 = PCURVE('',#8057,#8300);
#8300 = DEFINITIONAL_REPRESENTATION('',(#8301),#8305);
#8301 = LINE('',#8302,#8303);
#8302 = CARTESIAN_POINT('',(6.28318530718,-0.));
#8303 = VECTOR('',#8304,1.);
#8304 = DIRECTION('',(0.,1.));
#8305 = ( GEOMETRIC_REPRESENTATION_CONTEXT(2) 
PARAMETRIC_REPRESENTATION_CONTEXT() REPRESENTATION_CONTEXT('2D SPACE',''
  ) );
#8306 = PCURVE('',#8057,#8307);
#8307 = DEFINITIONAL_REPRESENTATION('',(#8308),#8312);
#8308 = LINE('',#8309,#8310);
#8309 = CARTESIAN_POINT('',(0.,-0.));
#8310 = VECTOR('',#8311,1.);
#8311 = DIRECTION('',(0.,1.));
#8312 = ( GEOMETRIC_REPRESENTATION_CONTEXT(2) 
PARAMETRIC_REPRESENTATION_CONTEXT() REPRESENTATION_CONTEXT('2D SPACE',''
  ) );
#8313 = ORIENTED_EDGE('',*,*,#8040,.T.);
#8314 = ORIENTED_EDGE('',*,*,#8293,.T.);
#8315 = ADVANCED_FACE('',(#8316),#8089,.T.);
#8316 = FACE_BOUND('',#8317,.T.);
#8317 = EDGE_LOOP('',(#8318));
#8318 = ORIENTED_EDGE('',*,*,#8072,.T.);
#8319 = ADVANCED_FACE('',(#8320),#8167,.F.);
#8320 = FACE_BOUND('',#8321,.F.);
#8321 = EDGE_LOOP('',(#8322,#8323,#8351,#8379,#8405));
#8322 = ORIENTED_EDGE('',*,*,#8150,.F.);
#8323 = ORIENTED_EDGE('',*,*,#8324,.T.);
#8324 = EDGE_CURVE('',#8151,#8325,#8327,.T.);
#8325 = VERTEX_POINT('',#8326);
#8326 = CARTESIAN_POINT('',(820.,204.,1.625E+03));
#8327 = SURFACE_CURVE('',#8328,(#8332,#8339),.PCURVE_S1.);
#8328 = LINE('',#8329,#8330);
#8329 = CARTESIAN_POINT('',(724.,204.,1.625E+03));
#8330 = VECTOR('',#8331,1.);
#8331 = DIRECTION('',(1.,0.,-0.));
#8332 = PCURVE('',#8167,#8333);
#8333 = DEFINITIONAL_REPRESENTATION('',(#8334),#8338);
#8334 = LINE('',#8335,#8336);
#8335 = CARTESIAN_POINT('',(0.,0.));
#8336 = VECTOR('',#8337,1.);
#8337 = DIRECTION('',(1.,0.));
#8338 = ( GEOMETRIC_REPRESENTATION_CONTEXT(2) 
PARAMETRIC_REPRESENTATION_CONTEXT() REPRESENTATION_CONTEXT('2D SPACE',''
  ) );
#8339 = PCURVE('',#8340,#8345);
#8340 = PLANE('',#8341);
#8341 = AXIS2_PLACEMENT_3D('',#8342,#8343,#8344);
#8342 = CARTESIAN_POINT('',(724.,204.,1.625E+03));
#8343 = DIRECTION('',(-0.,1.,0.));
#8344 = DIRECTION('',(0.,0.,1.));
#8345 = DEFINITIONAL_REPRESENTATION('',(#8346),#8350);
#8346 = LINE('',#8347,#8348);
#8347 = CARTESIAN_POINT('',(0.,0.));
#8348 = VECTOR('',#8349,1.);
#8349 = DIRECTION('',(0.,1.));
#8350 = ( GEOMETRIC_REPRESENTATION_CONTEXT(2) 
PARAMETRIC_REPRESENTATION_CONTEXT() REPRESENTATION_CONTEXT('2D SPACE',''
  ) );
#8351 = ORIENTED_EDGE('',*,*,#8352,.T.);
#8352 = EDGE_CURVE('',#8325,#8353,#8355,.T.);
#8353 = VERTEX_POINT('',#8354);
#8354 = CARTESIAN_POINT('',(820.,216.,1.625E+03));
#8355 = SURFACE_CURVE('',#8356,(#8360,#8367),.PCURVE_S1.);
#8356 = LINE('',#8357,#8358);
#8357 = CARTESIAN_POINT('',(820.,204.,1.625E+03));
#8358 = VECTOR('',#8359,1.);
#8359 = DIRECTION('',(-0.,1.,0.));
#8360 = PCURVE('',#8167,#8361);
#8361 = DEFINITIONAL_REPRESENTATION('',(#8362),#8366);
#8362 = LINE('',#8363,#8364);
#8363 = CARTESIAN_POINT('',(96.,0.));
#8364 = VECTOR('',#8365,1.);
#8365 = DIRECTION('',(0.,1.));
#8366 = ( GEOMETRIC_REPRESENTATION_CONTEXT(2) 
PARAMETRIC_REPRESENTATION_CONTEXT() REPRESENTATION_CONTEXT('2D SPACE',''
  ) );
#8367 = PCURVE('',#8368,#8373);
#8368 = PLANE('',#8369);
#8369 = AXIS2_PLACEMENT_3D('',#8370,#8371,#8372);
#8370 = CARTESIAN_POINT('',(820.,204.,1.625E+03));
#8371 = DIRECTION('',(1.,0.,-0.));
#8372 = DIRECTION('',(0.,0.,1.));
#8373 = DEFINITIONAL_REPRESENTATION('',(#8374),#8378);
#8374 = LINE('',#8375,#8376);
#8375 = CARTESIAN_POINT('',(0.,0.));
#8376 = VECTOR('',#8377,1.);
#8377 = DIRECTION('',(0.,-1.));
#8378 = ( GEOMETRIC_REPRESENTATION_CONTEXT(2) 
PARAMETRIC_REPRESENTATION_CONTEXT() REPRESENTATION_CONTEXT('2D SPACE',''
  ) );
#8379 = ORIENTED_EDGE('',*,*,#8380,.F.);
#8380 = EDGE_CURVE('',#8209,#8353,#8381,.T.);
#8381 = SURFACE_CURVE('',#8382,(#8386,#8393),.PCURVE_S1.);
#8382 = LINE('',#8383,#8384);
#8383 = CARTESIAN_POINT('',(724.,216.,1.625E+03));
#8384 = VECTOR('',#8385,1.);
#8385 = DIRECTION('',(1.,0.,-0.));
#8386 = PCURVE('',#8167,#8387);
#8387 = DEFINITIONAL_REPRESENTATION('',(#8388),#8392);
#8388 = LINE('',#8389,#8390);
#8389 = CARTESIAN_POINT('',(0.,12.));
#8390 = VECTOR('',#8391,1.);
#8391 = DIRECTION('',(1.,0.));
#8392 = ( GEOMETRIC_REPRESENTATION_CONTEXT(2) 
PARAMETRIC_REPRESENTATION_CONTEXT() REPRESENTATION_CONTEXT('2D SPACE',''
  ) );
#8393 = PCURVE('',#8394,#8399);
#8394 = PLANE('',#8395);
#8395 = AXIS2_PLACEMENT_3D('',#8396,#8397,#8398);
#8396 = CARTESIAN_POINT('',(724.,216.,1.625E+03));
#8397 = DIRECTION('',(-0.,1.,0.));
#8398 = DIRECTION('',(0.,0.,1.));
#8399 = DEFINITIONAL_REPRESENTATION('',(#8400),#8404);
#8400 = LINE('',#8401,#8402);
#8401 = CARTESIAN_POINT('',(0.,0.));
#8402 = VECTOR('',#8403,1.);
#8403 = DIRECTION('',(0.,1.));
#8404 = ( GEOMETRIC_REPRESENTATION_CONTEXT(2) 
PARAMETRIC_REPRESENTATION_CONTEXT() REPRESENTATION_CONTEXT('2D SPACE',''
  ) );
#8405 = ORIENTED_EDGE('',*,*,#8237,.F.);
#8406 = ADVANCED_FACE('',(#8407),#8225,.F.);
#8407 = FACE_BOUND('',#8408,.F.);
#8408 = EDGE_LOOP('',(#8409,#8437,#8438));
#8409 = ORIENTED_EDGE('',*,*,#8410,.F.);
#8410 = EDGE_CURVE('',#8180,#8411,#8413,.T.);
#8411 = VERTEX_POINT('',#8412);
#8412 = CARTESIAN_POINT('',(724.,216.,1.625E+03));
#8413 = SURFACE_CURVE('',#8414,(#8418,#8425),.PCURVE_S1.);
#8414 = LINE('',#8415,#8416);
#8415 = CARTESIAN_POINT('',(724.,204.,1.625E+03));
#8416 = VECTOR('',#8417,1.);
#8417 = DIRECTION('',(-0.,1.,0.));
#8418 = PCURVE('',#8225,#8419);
#8419 = DEFINITIONAL_REPRESENTATION('',(#8420),#8424);
#8420 = LINE('',#8421,#8422);
#8421 = CARTESIAN_POINT('',(0.,0.));
#8422 = VECTOR('',#8423,1.);
#8423 = DIRECTION('',(0.,1.));
#8424 = ( GEOMETRIC_REPRESENTATION_CONTEXT(2) 
PARAMETRIC_REPRESENTATION_CONTEXT() REPRESENTATION_CONTEXT('2D SPACE',''
  ) );
#8425 = PCURVE('',#8426,#8431);
#8426 = PLANE('',#8427);
#8427 = AXIS2_PLACEMENT_3D('',#8428,#8429,#8430);
#8428 = CARTESIAN_POINT('',(724.,204.,1.625E+03));
#8429 = DIRECTION('',(1.,0.,-0.));
#8430 = DIRECTION('',(0.,0.,1.));
#8431 = DEFINITIONAL_REPRESENTATION('',(#8432),#8436);
#8432 = LINE('',#8433,#8434);
#8433 = CARTESIAN_POINT('',(0.,0.));
#8434 = VECTOR('',#8435,1.);
#8435 = DIRECTION('',(0.,-1.));
#8436 = ( GEOMETRIC_REPRESENTATION_CONTEXT(2) 
PARAMETRIC_REPRESENTATION_CONTEXT() REPRESENTATION_CONTEXT('2D SPACE',''
  ) );
#8437 = ORIENTED_EDGE('',*,*,#8208,.F.);
#8438 = ORIENTED_EDGE('',*,*,#8439,.F.);
#8439 = EDGE_CURVE('',#8411,#8209,#8440,.T.);
#8440 = SURFACE_CURVE('',#8441,(#8445,#8452),.PCURVE_S1.);
#8441 = LINE('',#8442,#8443);
#8442 = CARTESIAN_POINT('',(724.,216.,1.625E+03));
#8443 = VECTOR('',#8444,1.);
#8444 = DIRECTION('',(1.,0.,-0.));
#8445 = PCURVE('',#8225,#8446);
#8446 = DEFINITIONAL_REPRESENTATION('',(#8447),#8451);
#8447 = LINE('',#8448,#8449);
#8448 = CARTESIAN_POINT('',(0.,12.));
#8449 = VECTOR('',#8450,1.);
#8450 = DIRECTION('',(1.,0.));
#8451 = ( GEOMETRIC_REPRESENTATION_CONTEXT(2) 
PARAMETRIC_REPRESENTATION_CONTEXT() REPRESENTATION_CONTEXT('2D SPACE',''
  ) );
#8452 = PCURVE('',#8394,#8453);
#8453 = DEFINITIONAL_REPRESENTATION('',(#8454),#8458);
#8454 = LINE('',#8455,#8456);
#8455 = CARTESIAN_POINT('',(0.,0.));
#8456 = VECTOR('',#8457,1.);
#8457 = DIRECTION('',(0.,1.));
#8458 = ( GEOMETRIC_REPRESENTATION_CONTEXT(2) 
PARAMETRIC_REPRESENTATION_CONTEXT() REPRESENTATION_CONTEXT('2D SPACE',''
  ) );
#8459 = ADVANCED_FACE('',(#8460),#8196,.F.);
#8460 = FACE_BOUND('',#8461,.F.);
#8461 = EDGE_LOOP('',(#8462,#8485,#8506));
#8462 = ORIENTED_EDGE('',*,*,#8463,.F.);
#8463 = EDGE_CURVE('',#8464,#8180,#8466,.T.);
#8464 = VERTEX_POINT('',#8465);
#8465 = CARTESIAN_POINT('',(724.,204.,1.625E+03));
#8466 = SURFACE_CURVE('',#8467,(#8471,#8478),.PCURVE_S1.);
#8467 = LINE('',#8468,#8469);
#8468 = CARTESIAN_POINT('',(724.,204.,1.625E+03));
#8469 = VECTOR('',#8470,1.);
#8470 = DIRECTION('',(-0.,1.,0.));
#8471 = PCURVE('',#8196,#8472);
#8472 = DEFINITIONAL_REPRESENTATION('',(#8473),#8477);
#8473 = LINE('',#8474,#8475);
#8474 = CARTESIAN_POINT('',(0.,0.));
#8475 = VECTOR('',#8476,1.);
#8476 = DIRECTION('',(0.,1.));
#8477 = ( GEOMETRIC_REPRESENTATION_CONTEXT(2) 
PARAMETRIC_REPRESENTATION_CONTEXT() REPRESENTATION_CONTEXT('2D SPACE',''
  ) );
#8478 = PCURVE('',#8426,#8479);
#8479 = DEFINITIONAL_REPRESENTATION('',(#8480),#8484);
#8480 = LINE('',#8481,#8482);
#8481 = CARTESIAN_POINT('',(0.,0.));
#8482 = VECTOR('',#8483,1.);
#8483 = DIRECTION('',(0.,-1.));
#8484 = ( GEOMETRIC_REPRESENTATION_CONTEXT(2) 
PARAMETRIC_REPRESENTATION_CONTEXT() REPRESENTATION_CONTEXT('2D SPACE',''
  ) );
#8485 = ORIENTED_EDGE('',*,*,#8486,.T.);
#8486 = EDGE_CURVE('',#8464,#8151,#8487,.T.);
#8487 = SURFACE_CURVE('',#8488,(#8492,#8499),.PCURVE_S1.);
#8488 = LINE('',#8489,#8490);
#8489 = CARTESIAN_POINT('',(724.,204.,1.625E+03));
#8490 = VECTOR('',#8491,1.);
#8491 = DIRECTION('',(1.,0.,-0.));
#8492 = PCURVE('',#8196,#8493);
#8493 = DEFINITIONAL_REPRESENTATION('',(#8494),#8498);
#8494 = LINE('',#8495,#8496);
#8495 = CARTESIAN_POINT('',(0.,0.));
#8496 = VECTOR('',#8497,1.);
#8497 = DIRECTION('',(1.,0.));
#8498 = ( GEOMETRIC_REPRESENTATION_CONTEXT(2) 
PARAMETRIC_REPRESENTATION_CONTEXT() REPRESENTATION_CONTEXT('2D SPACE',''
  ) );
#8499 = PCURVE('',#8340,#8500);
#8500 = DEFINITIONAL_REPRESENTATION('',(#8501),#8505);
#8501 = LINE('',#8502,#8503);
#8502 = CARTESIAN_POINT('',(0.,0.));
#8503 = VECTOR('',#8504,1.);
#8504 = DIRECTION('',(0.,1.));
#8505 = ( GEOMETRIC_REPRESENTATION_CONTEXT(2) 
PARAMETRIC_REPRESENTATION_CONTEXT() REPRESENTATION_CONTEXT('2D SPACE',''
  ) );
#8506 = ORIENTED_EDGE('',*,*,#8179,.F.);
#8507 = ADVANCED_FACE('',(#8508),#8281,.T.);
#8508 = FACE_BOUND('',#8509,.T.);
#8509 = EDGE_LOOP('',(#8510));
#8510 = ORIENTED_EDGE('',*,*,#8264,.T.);
#8511 = ADVANCED_FACE('',(#8512),#8394,.T.);
#8512 = FACE_BOUND('',#8513,.T.);
#8513 = EDGE_LOOP('',(#8514,#8515,#8538,#8566,#8587));
#8514 = ORIENTED_EDGE('',*,*,#8439,.F.);
#8515 = ORIENTED_EDGE('',*,*,#8516,.T.);
#8516 = EDGE_CURVE('',#8411,#8517,#8519,.T.);
#8517 = VERTEX_POINT('',#8518);
#8518 = CARTESIAN_POINT('',(724.,216.,1.635E+03));
#8519 = SURFACE_CURVE('',#8520,(#8524,#8531),.PCURVE_S1.);
#8520 = LINE('',#8521,#8522);
#8521 = CARTESIAN_POINT('',(724.,216.,1.625E+03));
#8522 = VECTOR('',#8523,1.);
#8523 = DIRECTION('',(0.,0.,1.));
#8524 = PCURVE('',#8394,#8525);
#8525 = DEFINITIONAL_REPRESENTATION('',(#8526),#8530);
#8526 = LINE('',#8527,#8528);
#8527 = CARTESIAN_POINT('',(0.,0.));
#8528 = VECTOR('',#8529,1.);
#8529 = DIRECTION('',(1.,0.));
#8530 = ( GEOMETRIC_REPRESENTATION_CONTEXT(2) 
PARAMETRIC_REPRESENTATION_CONTEXT() REPRESENTATION_CONTEXT('2D SPACE',''
  ) );
#8531 = PCURVE('',#8426,#8532);
#8532 = DEFINITIONAL_REPRESENTATION('',(#8533),#8537);
#8533 = LINE('',#8534,#8535);
#8534 = CARTESIAN_POINT('',(0.,-12.));
#8535 = VECTOR('',#8536,1.);
#8536 = DIRECTION('',(1.,0.));
#8537 = ( GEOMETRIC_REPRESENTATION_CONTEXT(2) 
PARAMETRIC_REPRESENTATION_CONTEXT() REPRESENTATION_CONTEXT('2D SPACE',''
  ) );
#8538 = ORIENTED_EDGE('',*,*,#8539,.T.);
#8539 = EDGE_CURVE('',#8517,#8540,#8542,.T.);
#8540 = VERTEX_POINT('',#8541);
#8541 = CARTESIAN_POINT('',(820.,216.,1.635E+03));
#8542 = SURFACE_CURVE('',#8543,(#8547,#8554),.PCURVE_S1.);
#8543 = LINE('',#8544,#8545);
#8544 = CARTESIAN_POINT('',(724.,216.,1.635E+03));
#8545 = VECTOR('',#8546,1.);
#8546 = DIRECTION('',(1.,0.,-0.));
#8547 = PCURVE('',#8394,#8548);
#8548 = DEFINITIONAL_REPRESENTATION('',(#8549),#8553);
#8549 = LINE('',#8550,#8551);
#8550 = CARTESIAN_POINT('',(10.,0.));
#8551 = VECTOR('',#8552,1.);
#8552 = DIRECTION('',(0.,1.));
#8553 = ( GEOMETRIC_REPRESENTATION_CONTEXT(2) 
PARAMETRIC_REPRESENTATION_CONTEXT() REPRESENTATION_CONTEXT('2D SPACE',''
  ) );
#8554 = PCURVE('',#8555,#8560);
#8555 = PLANE('',#8556);
#8556 = AXIS2_PLACEMENT_3D('',#8557,#8558,#8559);
#8557 = CARTESIAN_POINT('',(724.,204.,1.635E+03));
#8558 = DIRECTION('',(0.,0.,1.));
#8559 = DIRECTION('',(1.,0.,-0.));
#8560 = DEFINITIONAL_REPRESENTATION('',(#8561),#8565);
#8561 = LINE('',#8562,#8563);
#8562 = CARTESIAN_POINT('',(0.,12.));
#8563 = VECTOR('',#8564,1.);
#8564 = DIRECTION('',(1.,0.));
#8565 = ( GEOMETRIC_REPRESENTATION_CONTEXT(2) 
PARAMETRIC_REPRESENTATION_CONTEXT() REPRESENTATION_CONTEXT('2D SPACE',''
  ) );
#8566 = ORIENTED_EDGE('',*,*,#8567,.F.);
#8567 = EDGE_CURVE('',#8353,#8540,#8568,.T.);
#8568 = SURFACE_CURVE('',#8569,(#8573,#8580),.PCURVE_S1.);
#8569 = LINE('',#8570,#8571);
#8570 = CARTESIAN_POINT('',(820.,216.,1.625E+03));
#8571 = VECTOR('',#8572,1.);
#8572 = DIRECTION('',(0.,0.,1.));
#8573 = PCURVE('',#8394,#8574);
#8574 = DEFINITIONAL_REPRESENTATION('',(#8575),#8579);
#8575 = LINE('',#8576,#8577);
#8576 = CARTESIAN_POINT('',(0.,96.));
#8577 = VECTOR('',#8578,1.);
#8578 = DIRECTION('',(1.,0.));
#8579 = ( GEOMETRIC_REPRESENTATION_CONTEXT(2) 
PARAMETRIC_REPRESENTATION_CONTEXT() REPRESENTATION_CONTEXT('2D SPACE',''
  ) );
#8580 = PCURVE('',#8368,#8581);
#8581 = DEFINITIONAL_REPRESENTATION('',(#8582),#8586);
#8582 = LINE('',#8583,#8584);
#8583 = CARTESIAN_POINT('',(0.,-12.));
#8584 = VECTOR('',#8585,1.);
#8585 = DIRECTION('',(1.,0.));
#8586 = ( GEOMETRIC_REPRESENTATION_CONTEXT(2) 
PARAMETRIC_REPRESENTATION_CONTEXT() REPRESENTATION_CONTEXT('2D SPACE',''
  ) );
#8587 = ORIENTED_EDGE('',*,*,#8380,.F.);
#8588 = ADVANCED_FACE('',(#8589),#8368,.T.);
#8589 = FACE_BOUND('',#8590,.T.);
#8590 = EDGE_LOOP('',(#8591,#8614,#8615,#8616));
#8591 = ORIENTED_EDGE('',*,*,#8592,.F.);
#8592 = EDGE_CURVE('',#8325,#8593,#8595,.T.);
#8593 = VERTEX_POINT('',#8594);
#8594 = CARTESIAN_POINT('',(820.,204.,1.635E+03));
#8595 = SURFACE_CURVE('',#8596,(#8600,#8607),.PCURVE_S1.);
#8596 = LINE('',#8597,#8598);
#8597 = CARTESIAN_POINT('',(820.,204.,1.625E+03));
#8598 = VECTOR('',#8599,1.);
#8599 = DIRECTION('',(0.,0.,1.));
#8600 = PCURVE('',#8368,#8601);
#8601 = DEFINITIONAL_REPRESENTATION('',(#8602),#8606);
#8602 = LINE('',#8603,#8604);
#8603 = CARTESIAN_POINT('',(0.,0.));
#8604 = VECTOR('',#8605,1.);
#8605 = DIRECTION('',(1.,0.));
#8606 = ( GEOMETRIC_REPRESENTATION_CONTEXT(2) 
PARAMETRIC_REPRESENTATION_CONTEXT() REPRESENTATION_CONTEXT('2D SPACE',''
  ) );
#8607 = PCURVE('',#8340,#8608);
#8608 = DEFINITIONAL_REPRESENTATION('',(#8609),#8613);
#8609 = LINE('',#8610,#8611);
#8610 = CARTESIAN_POINT('',(0.,96.));
#8611 = VECTOR('',#8612,1.);
#8612 = DIRECTION('',(1.,0.));
#8613 = ( GEOMETRIC_REPRESENTATION_CONTEXT(2) 
PARAMETRIC_REPRESENTATION_CONTEXT() REPRESENTATION_CONTEXT('2D SPACE',''
  ) );
#8614 = ORIENTED_EDGE('',*,*,#8352,.T.);
#8615 = ORIENTED_EDGE('',*,*,#8567,.T.);
#8616 = ORIENTED_EDGE('',*,*,#8617,.F.);
#8617 = EDGE_CURVE('',#8593,#8540,#8618,.T.);
#8618 = SURFACE_CURVE('',#8619,(#8623,#8630),.PCURVE_S1.);
#8619 = LINE('',#8620,#8621);
#8620 = CARTESIAN_POINT('',(820.,204.,1.635E+03));
#8621 = VECTOR('',#8622,1.);
#8622 = DIRECTION('',(-0.,1.,0.));
#8623 = PCURVE('',#8368,#8624);
#8624 = DEFINITIONAL_REPRESENTATION('',(#8625),#8629);
#8625 = LINE('',#8626,#8627);
#8626 = CARTESIAN_POINT('',(10.,0.));
#8627 = VECTOR('',#8628,1.);
#8628 = DIRECTION('',(0.,-1.));
#8629 = ( GEOMETRIC_REPRESENTATION_CONTEXT(2) 
PARAMETRIC_REPRESENTATION_CONTEXT() REPRESENTATION_CONTEXT('2D SPACE',''
  ) );
#8630 = PCURVE('',#8555,#8631);
#8631 = DEFINITIONAL_REPRESENTATION('',(#8632),#8636);
#8632 = LINE('',#8633,#8634);
#8633 = CARTESIAN_POINT('',(96.,0.));
#8634 = VECTOR('',#8635,1.);
#8635 = DIRECTION('',(0.,1.));
#8636 = ( GEOMETRIC_REPRESENTATION_CONTEXT(2) 
PARAMETRIC_REPRESENTATION_CONTEXT() REPRESENTATION_CONTEXT('2D SPACE',''
  ) );
#8637 = ADVANCED_FACE('',(#8638),#8340,.F.);
#8638 = FACE_BOUND('',#8639,.F.);
#8639 = EDGE_LOOP('',(#8640,#8641,#8664,#8685,#8686));
#8640 = ORIENTED_EDGE('',*,*,#8486,.F.);
#8641 = ORIENTED_EDGE('',*,*,#8642,.T.);
#8642 = EDGE_CURVE('',#8464,#8643,#8645,.T.);
#8643 = VERTEX_POINT('',#8644);
#8644 = CARTESIAN_POINT('',(724.,204.,1.635E+03));
#8645 = SURFACE_CURVE('',#8646,(#8650,#8657),.PCURVE_S1.);
#8646 = LINE('',#8647,#8648);
#8647 = CARTESIAN_POINT('',(724.,204.,1.625E+03));
#8648 = VECTOR('',#8649,1.);
#8649 = DIRECTION('',(0.,0.,1.));
#8650 = PCURVE('',#8340,#8651);
#8651 = DEFINITIONAL_REPRESENTATION('',(#8652),#8656);
#8652 = LINE('',#8653,#8654);
#8653 = CARTESIAN_POINT('',(0.,0.));
#8654 = VECTOR('',#8655,1.);
#8655 = DIRECTION('',(1.,0.));
#8656 = ( GEOMETRIC_REPRESENTATION_CONTEXT(2) 
PARAMETRIC_REPRESENTATION_CONTEXT() REPRESENTATION_CONTEXT('2D SPACE',''
  ) );
#8657 = PCURVE('',#8426,#8658);
#8658 = DEFINITIONAL_REPRESENTATION('',(#8659),#8663);
#8659 = LINE('',#8660,#8661);
#8660 = CARTESIAN_POINT('',(0.,0.));
#8661 = VECTOR('',#8662,1.);
#8662 = DIRECTION('',(1.,0.));
#8663 = ( GEOMETRIC_REPRESENTATION_CONTEXT(2) 
PARAMETRIC_REPRESENTATION_CONTEXT() REPRESENTATION_CONTEXT('2D SPACE',''
  ) );
#8664 = ORIENTED_EDGE('',*,*,#8665,.T.);
#8665 = EDGE_CURVE('',#8643,#8593,#8666,.T.);
#8666 = SURFACE_CURVE('',#8667,(#8671,#8678),.PCURVE_S1.);
#8667 = LINE('',#8668,#8669);
#8668 = CARTESIAN_POINT('',(724.,204.,1.635E+03));
#8669 = VECTOR('',#8670,1.);
#8670 = DIRECTION('',(1.,0.,-0.));
#8671 = PCURVE('',#8340,#8672);
#8672 = DEFINITIONAL_REPRESENTATION('',(#8673),#8677);
#8673 = LINE('',#8674,#8675);
#8674 = CARTESIAN_POINT('',(10.,0.));
#8675 = VECTOR('',#8676,1.);
#8676 = DIRECTION('',(0.,1.));
#8677 = ( GEOMETRIC_REPRESENTATION_CONTEXT(2) 
PARAMETRIC_REPRESENTATION_CONTEXT() REPRESENTATION_CONTEXT('2D SPACE',''
  ) );
#8678 = PCURVE('',#8555,#8679);
#8679 = DEFINITIONAL_REPRESENTATION('',(#8680),#8684);
#8680 = LINE('',#8681,#8682);
#8681 = CARTESIAN_POINT('',(0.,0.));
#8682 = VECTOR('',#8683,1.);
#8683 = DIRECTION('',(1.,0.));
#8684 = ( GEOMETRIC_REPRESENTATION_CONTEXT(2) 
PARAMETRIC_REPRESENTATION_CONTEXT() REPRESENTATION_CONTEXT('2D SPACE',''
  ) );
#8685 = ORIENTED_EDGE('',*,*,#8592,.F.);
#8686 = ORIENTED_EDGE('',*,*,#8324,.F.);
#8687 = ADVANCED_FACE('',(#8688),#8426,.F.);
#8688 = FACE_BOUND('',#8689,.F.);
#8689 = EDGE_LOOP('',(#8690,#8691,#8692,#8693,#8694));
#8690 = ORIENTED_EDGE('',*,*,#8642,.F.);
#8691 = ORIENTED_EDGE('',*,*,#8463,.T.);
#8692 = ORIENTED_EDGE('',*,*,#8410,.T.);
#8693 = ORIENTED_EDGE('',*,*,#8516,.T.);
#8694 = ORIENTED_EDGE('',*,*,#8695,.F.);
#8695 = EDGE_CURVE('',#8643,#8517,#8696,.T.);
#8696 = SURFACE_CURVE('',#8697,(#8701,#8708),.PCURVE_S1.);
#8697 = LINE('',#8698,#8699);
#8698 = CARTESIAN_POINT('',(724.,204.,1.635E+03));
#8699 = VECTOR('',#8700,1.);
#8700 = DIRECTION('',(-0.,1.,0.));
#8701 = PCURVE('',#8426,#8702);
#8702 = DEFINITIONAL_REPRESENTATION('',(#8703),#8707);
#8703 = LINE('',#8704,#8705);
#8704 = CARTESIAN_POINT('',(10.,0.));
#8705 = VECTOR('',#8706,1.);
#8706 = DIRECTION('',(0.,-1.));
#8707 = ( GEOMETRIC_REPRESENTATION_CONTEXT(2) 
PARAMETRIC_REPRESENTATION_CONTEXT() REPRESENTATION_CONTEXT('2D SPACE',''
  ) );
#8708 = PCURVE('',#8555,#8709);
#8709 = DEFINITIONAL_REPRESENTATION('',(#8710),#8714);
#8710 = LINE('',#8711,#8712);
#8711 = CARTESIAN_POINT('',(0.,0.));
#8712 = VECTOR('',#8713,1.);
#8713 = DIRECTION('',(0.,1.));
#8714 = ( GEOMETRIC_REPRESENTATION_CONTEXT(2) 
PARAMETRIC_REPRESENTATION_CONTEXT() REPRESENTATION_CONTEXT('2D SPACE',''
  ) );
#8715 = ADVANCED_FACE('',(#8716),#8555,.T.);
#8716 = FACE_BOUND('',#8717,.T.);
#8717 = EDGE_LOOP('',(#8718,#8719,#8720,#8721));
#8718 = ORIENTED_EDGE('',*,*,#8695,.F.);
#8719 = ORIENTED_EDGE('',*,*,#8665,.T.);
#8720 = ORIENTED_EDGE('',*,*,#8617,.T.);
#8721 = ORIENTED_EDGE('',*,*,#8539,.F.);
#8722 = ( GEOMETRIC_REPRESENTATION_CONTEXT(3) 
GLOBAL_UNCERTAINTY_ASSIGNED_CONTEXT((#8726)) 
GLOBAL_UNIT_ASSIGNED_CONTEXT((#8723,#8724,#8725)) REPRESENTATION_CONTEXT
('Context #1','3D Context with UNIT and UNCERTAINTY') );
#8723 = ( LENGTH_UNIT() NAMED_UNIT(*) SI_UNIT(.MILLI.,.METRE.) );
#8724 = ( NAMED_UNIT(*) PLANE_ANGLE_UNIT() SI_UNIT($,.RADIAN.) );
#8725 = ( NAMED_UNIT(*) SI_UNIT($,.STERADIAN.) SOLID_ANGLE_UNIT() );
#8726 = UNCERTAINTY_MEASURE_WITH_UNIT(LENGTH_MEASURE(1.E-07),#8723,
  'distance_accuracy_value','confusion accuracy');
#8727 = CONTEXT_DEPENDENT_SHAPE_REPRESENTATION(#8728,#8730);
#8728 = ( REPRESENTATION_RELATIONSHIP('','',#7640,#10) 
REPRESENTATION_RELATIONSHIP_WITH_TRANSFORMATION(#8729) 
SHAPE_REPRESENTATION_RELATIONSHIP() );
#8729 = ITEM_DEFINED_TRANSFORMATION('','',#11,#31);
#8730 = PRODUCT_DEFINITION_SHAPE('Placement','Placement of an item',
  #8731);
#8731 = NEXT_ASSEMBLY_USAGE_OCCURRENCE('21','=>[0:1:1:6]','',#5,#7635,$
  );
#8732 = PRODUCT_RELATED_PRODUCT_CATEGORY('part',$,(#7637));
#8733 = SHAPE_DEFINITION_REPRESENTATION(#8734,#8740);
#8734 = PRODUCT_DEFINITION_SHAPE('','',#8735);
#8735 = PRODUCT_DEFINITION('design','',#8736,#8739);
#8736 = PRODUCT_DEFINITION_FORMATION('','',#8737);
#8737 = PRODUCT('COMPOUND','COMPOUND','',(#8738));
#8738 = PRODUCT_CONTEXT('',#2,'mechanical');
#8739 = PRODUCT_DEFINITION_CONTEXT('part definition',#2,'design');
#8740 = ADVANCED_BREP_SHAPE_REPRESENTATION('',(#11,#8741),#9207);
#8741 = MANIFOLD_SOLID_BREP('',#8742);
#8742 = CLOSED_SHELL('',(#8743,#8931,#8935,#9090,#9096,#9145,#9203));
#8743 = ADVANCED_FACE('',(#8744),#8757,.T.);
#8744 = FACE_BOUND('',#8745,.T.);
#8745 = EDGE_LOOP('',(#8746,#8780,#8803,#8844,#8873,#8896,#8930));
#8746 = ORIENTED_EDGE('',*,*,#8747,.T.);
#8747 = EDGE_CURVE('',#8748,#8748,#8750,.T.);
#8748 = VERTEX_POINT('',#8749);
#8749 = CARTESIAN_POINT('',(730.,255.,1.5667E+03));
#8750 = SURFACE_CURVE('',#8751,(#8756,#8768),.PCURVE_S1.);
#8751 = CIRCLE('',#8752,16.7);
#8752 = AXIS2_PLACEMENT_3D('',#8753,#8754,#8755);
#8753 = CARTESIAN_POINT('',(730.,255.,1.55E+03));
#8754 = DIRECTION('',(0.,1.,0.));
#8755 = DIRECTION('',(0.,0.,1.));
#8756 = PCURVE('',#8757,#8762);
#8757 = CYLINDRICAL_SURFACE('',#8758,16.7);
#8758 = AXIS2_PLACEMENT_3D('',#8759,#8760,#8761);
#8759 = CARTESIAN_POINT('',(730.,255.,1.55E+03));
#8760 = DIRECTION('',(0.,1.,0.));
#8761 = DIRECTION('',(0.,0.,1.));
#8762 = DEFINITIONAL_REPRESENTATION('',(#8763),#8767);
#8763 = LINE('',#8764,#8765);
#8764 = CARTESIAN_POINT('',(0.,0.));
#8765 = VECTOR('',#8766,1.);
#8766 = DIRECTION('',(1.,0.));
#8767 = ( GEOMETRIC_REPRESENTATION_CONTEXT(2) 
PARAMETRIC_REPRESENTATION_CONTEXT() REPRESENTATION_CONTEXT('2D SPACE',''
  ) );
#8768 = PCURVE('',#8769,#8774);
#8769 = PLANE('',#8770);
#8770 = AXIS2_PLACEMENT_3D('',#8771,#8772,#8773);
#8771 = CARTESIAN_POINT('',(730.,255.,1.55E+03));
#8772 = DIRECTION('',(0.,1.,0.));
#8773 = DIRECTION('',(0.,0.,1.));
#8774 = DEFINITIONAL_REPRESENTATION('',(#8775),#8779);
#8775 = CIRCLE('',#8776,16.7);
#8776 = AXIS2_PLACEMENT_2D('',#8777,#8778);
#8777 = CARTESIAN_POINT('',(0.,0.));
#8778 = DIRECTION('',(1.,0.));
#8779 = ( GEOMETRIC_REPRESENTATION_CONTEXT(2) 
PARAMETRIC_REPRESENTATION_CONTEXT() REPRESENTATION_CONTEXT('2D SPACE',''
  ) );
#8780 = ORIENTED_EDGE('',*,*,#8781,.T.);
#8781 = EDGE_CURVE('',#8748,#8782,#8784,.T.);
#8782 = VERTEX_POINT('',#8783);
#8783 = CARTESIAN_POINT('',(730.,268.29999999999,1.5667E+03));
#8784 = SEAM_CURVE('',#8785,(#8789,#8796),.PCURVE_S1.);
#8785 = LINE('',#8786,#8787);
#8786 = CARTESIAN_POINT('',(730.,255.,1.5667E+03));
#8787 = VECTOR('',#8788,1.);
#8788 = DIRECTION('',(0.,1.,0.));
#8789 = PCURVE('',#8757,#8790);
#8790 = DEFINITIONAL_REPRESENTATION('',(#8791),#8795);
#8791 = LINE('',#8792,#8793);
#8792 = CARTESIAN_POINT('',(0.,-0.));
#8793 = VECTOR('',#8794,1.);
#8794 = DIRECTION('',(0.,1.));
#8795 = ( GEOMETRIC_REPRESENTATION_CONTEXT(2) 
PARAMETRIC_REPRESENTATION_CONTEXT() REPRESENTATION_CONTEXT('2D SPACE',''
  ) );
#8796 = PCURVE('',#8757,#8797);
#8797 = DEFINITIONAL_REPRESENTATION('',(#8798),#8802);
#8798 = LINE('',#8799,#8800);
#8799 = CARTESIAN_POINT('',(6.28318530718,-0.));
#8800 = VECTOR('',#8801,1.);
#8801 = DIRECTION('',(0.,1.));
#8802 = ( GEOMETRIC_REPRESENTATION_CONTEXT(2) 
PARAMETRIC_REPRESENTATION_CONTEXT() REPRESENTATION_CONTEXT('2D SPACE',''
  ) );
#8803 = ORIENTED_EDGE('',*,*,#8804,.F.);
#8804 = EDGE_CURVE('',#8805,#8782,#8807,.T.);
#8805 = VERTEX_POINT('',#8806);
#8806 = CARTESIAN_POINT('',(713.3,285.,1.55E+03));
#8807 = SURFACE_CURVE('',#8808,(#8813,#8826),.PCURVE_S1.);
#8808 = ELLIPSE('',#8809,23.617366491631,16.7);
#8809 = AXIS2_PLACEMENT_3D('',#8810,#8811,#8812);
#8810 = CARTESIAN_POINT('',(730.,285.,1.55E+03));
#8811 = DIRECTION('',(0.,0.707106781187,0.707106781187));
#8812 = DIRECTION('',(0.,0.707106781187,-0.707106781187));
#8813 = PCURVE('',#8757,#8814);
#8814 = DEFINITIONAL_REPRESENTATION('',(#8815),#8825);
#8815 = B_SPLINE_CURVE_WITH_KNOTS('',8,(#8816,#8817,#8818,#8819,#8820,
    #8821,#8822,#8823,#8824),.UNSPECIFIED.,.F.,.F.,(9,9),(1.570796315731
    ,3.14159265359),.PIECEWISE_BEZIER_KNOTS.);
#8816 = CARTESIAN_POINT('',(4.712388969321,30.000000184763));
#8817 = CARTESIAN_POINT('',(4.908738511553,26.720962829483));
#8818 = CARTESIAN_POINT('',(5.105088053786,23.44192468754));
#8819 = CARTESIAN_POINT('',(5.301437596017,20.355528632783));
#8820 = CARTESIAN_POINT('',(5.497787138254,17.654378925989));
#8821 = CARTESIAN_POINT('',(5.694136680484,15.507438657129));
#8822 = CARTESIAN_POINT('',(5.890486222715,14.035814969346));
#8823 = CARTESIAN_POINT('',(6.086835764947,13.3));
#8824 = CARTESIAN_POINT('',(6.28318530718,13.3));
#8825 = ( GEOMETRIC_REPRESENTATION_CONTEXT(2) 
PARAMETRIC_REPRESENTATION_CONTEXT() REPRESENTATION_CONTEXT('2D SPACE',''
  ) );
#8826 = PCURVE('',#8827,#8832);
#8827 = CYLINDRICAL_SURFACE('',#8828,16.7);
#8828 = AXIS2_PLACEMENT_3D('',#8829,#8830,#8831);
#8829 = CARTESIAN_POINT('',(730.,285.,1.55E+03));
#8830 = DIRECTION('',(0.,0.,1.));
#8831 = DIRECTION('',(1.,0.,0.));
#8832 = DEFINITIONAL_REPRESENTATION('',(#8833),#8843);
#8833 = B_SPLINE_CURVE_WITH_KNOTS('',8,(#8834,#8835,#8836,#8837,#8838,
    #8839,#8840,#8841,#8842),.UNSPECIFIED.,.F.,.F.,(9,9),(1.570796315731
    ,3.14159265359),.PIECEWISE_BEZIER_KNOTS.);
#8834 = CARTESIAN_POINT('',(3.141592642526,-1.847627117968E-07));
#8835 = CARTESIAN_POINT('',(3.337942184758,3.279037170517));
#8836 = CARTESIAN_POINT('',(3.534291726992,6.558075312472));
#8837 = CARTESIAN_POINT('',(3.730641269198,9.644471367123));
#8838 = CARTESIAN_POINT('',(3.926990811473,12.34562107407));
#8839 = CARTESIAN_POINT('',(4.123340353661,14.49256134282));
#8840 = CARTESIAN_POINT('',(4.319689895922,15.964185030653));
#8841 = CARTESIAN_POINT('',(4.516039438152,16.7));
#8842 = CARTESIAN_POINT('',(4.712388980385,16.7));
#8843 = ( GEOMETRIC_REPRESENTATION_CONTEXT(2) 
PARAMETRIC_REPRESENTATION_CONTEXT() REPRESENTATION_CONTEXT('2D SPACE',''
  ) );
#8844 = ORIENTED_EDGE('',*,*,#8845,.F.);
#8845 = EDGE_CURVE('',#8846,#8805,#8848,.T.);
#8846 = VERTEX_POINT('',#8847);
#8847 = CARTESIAN_POINT('',(730.,285.,1.5333E+03));
#8848 = SURFACE_CURVE('',#8849,(#8854,#8861),.PCURVE_S1.);
#8849 = CIRCLE('',#8850,16.7);
#8850 = AXIS2_PLACEMENT_3D('',#8851,#8852,#8853);
#8851 = CARTESIAN_POINT('',(730.,285.,1.55E+03));
#8852 = DIRECTION('',(0.,1.,0.));
#8853 = DIRECTION('',(0.,0.,1.));
#8854 = PCURVE('',#8757,#8855);
#8855 = DEFINITIONAL_REPRESENTATION('',(#8856),#8860);
#8856 = LINE('',#8857,#8858);
#8857 = CARTESIAN_POINT('',(0.,30.));
#8858 = VECTOR('',#8859,1.);
#8859 = DIRECTION('',(1.,0.));
#8860 = ( GEOMETRIC_REPRESENTATION_CONTEXT(2) 
PARAMETRIC_REPRESENTATION_CONTEXT() REPRESENTATION_CONTEXT('2D SPACE',''
  ) );
#8861 = PCURVE('',#8862,#8867);
#8862 = SPHERICAL_SURFACE('',#8863,16.7);
#8863 = AXIS2_PLACEMENT_3D('',#8864,#8865,#8866);
#8864 = CARTESIAN_POINT('',(730.,285.,1.55E+03));
#8865 = DIRECTION('',(0.,0.,1.));
#8866 = DIRECTION('',(1.,0.,-0.));
#8867 = DEFINITIONAL_REPRESENTATION('',(#8868),#8872);
#8868 = LINE('',#8869,#8870);
#8869 = CARTESIAN_POINT('',(3.14159265359,-4.712388980385));
#8870 = VECTOR('',#8871,1.);
#8871 = DIRECTION('',(-0.,1.));
#8872 = ( GEOMETRIC_REPRESENTATION_CONTEXT(2) 
PARAMETRIC_REPRESENTATION_CONTEXT() REPRESENTATION_CONTEXT('2D SPACE',''
  ) );
#8873 = ORIENTED_EDGE('',*,*,#8874,.F.);
#8874 = EDGE_CURVE('',#8875,#8846,#8877,.T.);
#8875 = VERTEX_POINT('',#8876);
#8876 = CARTESIAN_POINT('',(746.7,285.,1.55E+03));
#8877 = SURFACE_CURVE('',#8878,(#8883,#8890),.PCURVE_S1.);
#8878 = CIRCLE('',#8879,16.7);
#8879 = AXIS2_PLACEMENT_3D('',#8880,#8881,#8882);
#8880 = CARTESIAN_POINT('',(730.,285.,1.55E+03));
#8881 = DIRECTION('',(0.,1.,0.));
#8882 = DIRECTION('',(0.,0.,1.));
#8883 = PCURVE('',#8757,#8884);
#8884 = DEFINITIONAL_REPRESENTATION('',(#8885),#8889);
#8885 = LINE('',#8886,#8887);
#8886 = CARTESIAN_POINT('',(0.,30.));
#8887 = VECTOR('',#8888,1.);
#8888 = DIRECTION('',(1.,0.));
#8889 = ( GEOMETRIC_REPRESENTATION_CONTEXT(2) 
PARAMETRIC_REPRESENTATION_CONTEXT() REPRESENTATION_CONTEXT('2D SPACE',''
  ) );
#8890 = PCURVE('',#8862,#8891);
#8891 = DEFINITIONAL_REPRESENTATION('',(#8892),#8895);
#8892 = B_SPLINE_CURVE_WITH_KNOTS('',1,(#8893,#8894),.UNSPECIFIED.,.F.,
  .F.,(2,2),(0.,3.14159265359),.PIECEWISE_BEZIER_KNOTS.);
#8893 = CARTESIAN_POINT('',(0.,1.570796326795));
#8894 = CARTESIAN_POINT('',(0.,-1.570796326795));
#8895 = ( GEOMETRIC_REPRESENTATION_CONTEXT(2) 
PARAMETRIC_REPRESENTATION_CONTEXT() REPRESENTATION_CONTEXT('2D SPACE',''
  ) );
#8896 = ORIENTED_EDGE('',*,*,#8897,.F.);
#8897 = EDGE_CURVE('',#8782,#8875,#8898,.T.);
#8898 = SURFACE_CURVE('',#8899,(#8904,#8917),.PCURVE_S1.);
#8899 = ELLIPSE('',#8900,23.617366491631,16.7);
#8900 = AXIS2_PLACEMENT_3D('',#8901,#8902,#8903);
#8901 = CARTESIAN_POINT('',(730.,285.,1.55E+03));
#8902 = DIRECTION('',(0.,0.707106781187,0.707106781187));
#8903 = DIRECTION('',(0.,0.707106781187,-0.707106781187));
#8904 = PCURVE('',#8757,#8905);
#8905 = DEFINITIONAL_REPRESENTATION('',(#8906),#8916);
#8906 = B_SPLINE_CURVE_WITH_KNOTS('',8,(#8907,#8908,#8909,#8910,#8911,
    #8912,#8913,#8914,#8915),.UNSPECIFIED.,.F.,.F.,(9,9),(3.14159265359,
    4.712388980385),.PIECEWISE_BEZIER_KNOTS.);
#8907 = CARTESIAN_POINT('',(0.,13.3));
#8908 = CARTESIAN_POINT('',(0.196349540849,13.3));
#8909 = CARTESIAN_POINT('',(0.3926990817,14.035814958981));
#8910 = CARTESIAN_POINT('',(0.589048622543,15.507438626082));
#8911 = CARTESIAN_POINT('',(0.7853981634,17.654378865351));
#8912 = CARTESIAN_POINT('',(0.981747704242,20.355528537722));
#8913 = CARTESIAN_POINT('',(1.178097245097,23.441924557097));
#8914 = CARTESIAN_POINT('',(1.374446785946,26.720962667816));
#8915 = CARTESIAN_POINT('',(1.570796326795,30.));
#8916 = ( GEOMETRIC_REPRESENTATION_CONTEXT(2) 
PARAMETRIC_REPRESENTATION_CONTEXT() REPRESENTATION_CONTEXT('2D SPACE',''
  ) );
#8917 = PCURVE('',#8827,#8918);
#8918 = DEFINITIONAL_REPRESENTATION('',(#8919),#8929);
#8919 = B_SPLINE_CURVE_WITH_KNOTS('',8,(#8920,#8921,#8922,#8923,#8924,
    #8925,#8926,#8927,#8928),.UNSPECIFIED.,.F.,.F.,(9,9),(3.14159265359,
    4.712388980385),.PIECEWISE_BEZIER_KNOTS.);
#8920 = CARTESIAN_POINT('',(4.712388980385,16.7));
#8921 = CARTESIAN_POINT('',(4.908738521234,16.7));
#8922 = CARTESIAN_POINT('',(5.105088062084,15.964185041019));
#8923 = CARTESIAN_POINT('',(5.301437602932,14.492561373907));
#8924 = CARTESIAN_POINT('',(5.497787143783,12.345621134547));
#8925 = CARTESIAN_POINT('',(5.694136684632,9.644471462241));
#8926 = CARTESIAN_POINT('',(5.890486225481,6.558075442903));
#8927 = CARTESIAN_POINT('',(6.08683576633,3.279037332184));
#8928 = CARTESIAN_POINT('',(6.28318530718,0.));
#8929 = ( GEOMETRIC_REPRESENTATION_CONTEXT(2) 
PARAMETRIC_REPRESENTATION_CONTEXT() REPRESENTATION_CONTEXT('2D SPACE',''
  ) );
#8930 = ORIENTED_EDGE('',*,*,#8781,.F.);
#8931 = ADVANCED_FACE('',(#8932),#8769,.F.);
#8932 = FACE_BOUND('',#8933,.T.);
#8933 = EDGE_LOOP('',(#8934));
#8934 = ORIENTED_EDGE('',*,*,#8747,.F.);
#8935 = ADVANCED_FACE('',(#8936),#8827,.T.);
#8936 = FACE_BOUND('',#8937,.T.);
#8937 = EDGE_LOOP('',(#8938,#8969,#8990,#9012,#9013,#9014,#9015,#9056));
#8938 = ORIENTED_EDGE('',*,*,#8939,.F.);
#8939 = EDGE_CURVE('',#8940,#8942,#8944,.T.);
#8940 = VERTEX_POINT('',#8941);
#8941 = CARTESIAN_POINT('',(746.7,285.,1.82E+03));
#8942 = VERTEX_POINT('',#8943);
#8943 = CARTESIAN_POINT('',(713.3,285.,1.82E+03));
#8944 = SURFACE_CURVE('',#8945,(#8950,#8957),.PCURVE_S1.);
#8945 = CIRCLE('',#8946,16.7);
#8946 = AXIS2_PLACEMENT_3D('',#8947,#8948,#8949);
#8947 = CARTESIAN_POINT('',(730.,285.,1.82E+03));
#8948 = DIRECTION('',(0.,0.,1.));
#8949 = DIRECTION('',(1.,0.,0.));
#8950 = PCURVE('',#8827,#8951);
#8951 = DEFINITIONAL_REPRESENTATION('',(#8952),#8956);
#8952 = LINE('',#8953,#8954);
#8953 = CARTESIAN_POINT('',(0.,270.));
#8954 = VECTOR('',#8955,1.);
#8955 = DIRECTION('',(1.,0.));
#8956 = ( GEOMETRIC_REPRESENTATION_CONTEXT(2) 
PARAMETRIC_REPRESENTATION_CONTEXT() REPRESENTATION_CONTEXT('2D SPACE',''
  ) );
#8957 = PCURVE('',#8958,#8963);
#8958 = SPHERICAL_SURFACE('',#8959,16.7);
#8959 = AXIS2_PLACEMENT_3D('',#8960,#8961,#8962);
#8960 = CARTESIAN_POINT('',(730.,285.,1.82E+03));
#8961 = DIRECTION('',(0.,0.,1.));
#8962 = DIRECTION('',(1.,0.,-0.));
#8963 = DEFINITIONAL_REPRESENTATION('',(#8964),#8968);
#8964 = LINE('',#8965,#8966);
#8965 = CARTESIAN_POINT('',(0.,0.));
#8966 = VECTOR('',#8967,1.);
#8967 = DIRECTION('',(1.,0.));
#8968 = ( GEOMETRIC_REPRESENTATION_CONTEXT(2) 
PARAMETRIC_REPRESENTATION_CONTEXT() REPRESENTATION_CONTEXT('2D SPACE',''
  ) );
#8969 = ORIENTED_EDGE('',*,*,#8970,.F.);
#8970 = EDGE_CURVE('',#8875,#8940,#8971,.T.);
#8971 = SEAM_CURVE('',#8972,(#8976,#8983),.PCURVE_S1.);
#8972 = LINE('',#8973,#8974);
#8973 = CARTESIAN_POINT('',(746.7,285.,1.55E+03));
#8974 = VECTOR('',#8975,1.);
#8975 = DIRECTION('',(0.,0.,1.));
#8976 = PCURVE('',#8827,#8977);
#8977 = DEFINITIONAL_REPRESENTATION('',(#8978),#8982);
#8978 = LINE('',#8979,#8980);
#8979 = CARTESIAN_POINT('',(6.28318530718,-0.));
#8980 = VECTOR('',#8981,1.);
#8981 = DIRECTION('',(0.,1.));
#8982 = ( GEOMETRIC_REPRESENTATION_CONTEXT(2) 
PARAMETRIC_REPRESENTATION_CONTEXT() REPRESENTATION_CONTEXT('2D SPACE',''
  ) );
#8983 = PCURVE('',#8827,#8984);
#8984 = DEFINITIONAL_REPRESENTATION('',(#8985),#8989);
#8985 = LINE('',#8986,#8987);
#8986 = CARTESIAN_POINT('',(0.,-0.));
#8987 = VECTOR('',#8988,1.);
#8988 = DIRECTION('',(0.,1.));
#8989 = ( GEOMETRIC_REPRESENTATION_CONTEXT(2) 
PARAMETRIC_REPRESENTATION_CONTEXT() REPRESENTATION_CONTEXT('2D SPACE',''
  ) );
#8990 = ORIENTED_EDGE('',*,*,#8991,.T.);
#8991 = EDGE_CURVE('',#8875,#8805,#8992,.T.);
#8992 = SURFACE_CURVE('',#8993,(#8998,#9005),.PCURVE_S1.);
#8993 = CIRCLE('',#8994,16.7);
#8994 = AXIS2_PLACEMENT_3D('',#8995,#8996,#8997);
#8995 = CARTESIAN_POINT('',(730.,285.,1.55E+03));
#8996 = DIRECTION('',(0.,0.,1.));
#8997 = DIRECTION('',(1.,0.,0.));
#8998 = PCURVE('',#8827,#8999);
#8999 = DEFINITIONAL_REPRESENTATION('',(#9000),#9004);
#9000 = LINE('',#9001,#9002);
#9001 = CARTESIAN_POINT('',(0.,0.));
#9002 = VECTOR('',#9003,1.);
#9003 = DIRECTION('',(1.,0.));
#9004 = ( GEOMETRIC_REPRESENTATION_CONTEXT(2) 
PARAMETRIC_REPRESENTATION_CONTEXT() REPRESENTATION_CONTEXT('2D SPACE',''
  ) );
#9005 = PCURVE('',#8862,#9006);
#9006 = DEFINITIONAL_REPRESENTATION('',(#9007),#9011);
#9007 = LINE('',#9008,#9009);
#9008 = CARTESIAN_POINT('',(0.,0.));
#9009 = VECTOR('',#9010,1.);
#9010 = DIRECTION('',(1.,0.));
#9011 = ( GEOMETRIC_REPRESENTATION_CONTEXT(2) 
PARAMETRIC_REPRESENTATION_CONTEXT() REPRESENTATION_CONTEXT('2D SPACE',''
  ) );
#9012 = ORIENTED_EDGE('',*,*,#8804,.T.);
#9013 = ORIENTED_EDGE('',*,*,#8897,.T.);
#9014 = ORIENTED_EDGE('',*,*,#8970,.T.);
#9015 = ORIENTED_EDGE('',*,*,#9016,.F.);
#9016 = EDGE_CURVE('',#9017,#8940,#9019,.T.);
#9017 = VERTEX_POINT('',#9018);
#9018 = CARTESIAN_POINT('',(730.,268.29999999999,1.8033E+03));
#9019 = SURFACE_CURVE('',#9020,(#9025,#9038),.PCURVE_S1.);
#9020 = ELLIPSE('',#9021,23.617366491631,16.7);
#9021 = AXIS2_PLACEMENT_3D('',#9022,#9023,#9024);
#9022 = CARTESIAN_POINT('',(730.,285.,1.82E+03));
#9023 = DIRECTION('',(0.,-0.707106781187,0.707106781187));
#9024 = DIRECTION('',(0.,0.707106781187,0.707106781187));
#9025 = PCURVE('',#8827,#9026);
#9026 = DEFINITIONAL_REPRESENTATION('',(#9027),#9037);
#9027 = B_SPLINE_CURVE_WITH_KNOTS('',8,(#9028,#9029,#9030,#9031,#9032,
    #9033,#9034,#9035,#9036),.UNSPECIFIED.,.F.,.F.,(9,9),(3.14159265359,
    4.712388980385),.PIECEWISE_BEZIER_KNOTS.);
#9028 = CARTESIAN_POINT('',(4.712388980385,253.3));
#9029 = CARTESIAN_POINT('',(4.908738521234,253.3));
#9030 = CARTESIAN_POINT('',(5.105088062084,254.03581495958));
#9031 = CARTESIAN_POINT('',(5.301437602932,255.50743862416));
#9032 = CARTESIAN_POINT('',(5.497787143783,257.65437886747));
#9033 = CARTESIAN_POINT('',(5.694136684632,260.35552853555));
#9034 = CARTESIAN_POINT('',(5.890486225481,263.44192455778));
#9035 = CARTESIAN_POINT('',(6.08683576633,266.72096266781));
#9036 = CARTESIAN_POINT('',(6.28318530718,270.));
#9037 = ( GEOMETRIC_REPRESENTATION_CONTEXT(2) 
PARAMETRIC_REPRESENTATION_CONTEXT() REPRESENTATION_CONTEXT('2D SPACE',''
  ) );
#9038 = PCURVE('',#9039,#9044);
#9039 = CYLINDRICAL_SURFACE('',#9040,16.7);
#9040 = AXIS2_PLACEMENT_3D('',#9041,#9042,#9043);
#9041 = CARTESIAN_POINT('',(730.,285.,1.82E+03));
#9042 = DIRECTION('',(0.,-1.,0.));
#9043 = DIRECTION('',(0.,0.,-1.));
#9044 = DEFINITIONAL_REPRESENTATION('',(#9045),#9055);
#9045 = B_SPLINE_CURVE_WITH_KNOTS('',8,(#9046,#9047,#9048,#9049,#9050,
    #9051,#9052,#9053,#9054),.UNSPECIFIED.,.F.,.F.,(9,9),(3.14159265359,
    4.712388980385),.PIECEWISE_BEZIER_KNOTS.);
#9046 = CARTESIAN_POINT('',(0.,16.7));
#9047 = CARTESIAN_POINT('',(0.196349540849,16.7));
#9048 = CARTESIAN_POINT('',(0.3926990817,15.964185041019));
#9049 = CARTESIAN_POINT('',(0.589048622543,14.492561373903));
#9050 = CARTESIAN_POINT('',(0.7853981634,12.345621134562));
#9051 = CARTESIAN_POINT('',(0.981747704242,9.644471462234));
#9052 = CARTESIAN_POINT('',(1.178097245097,6.558075442905));
#9053 = CARTESIAN_POINT('',(1.374446785946,3.279037332184));
#9054 = CARTESIAN_POINT('',(1.570796326795,0.));
#9055 = ( GEOMETRIC_REPRESENTATION_CONTEXT(2) 
PARAMETRIC_REPRESENTATION_CONTEXT() REPRESENTATION_CONTEXT('2D SPACE',''
  ) );
#9056 = ORIENTED_EDGE('',*,*,#9057,.F.);
#9057 = EDGE_CURVE('',#8942,#9017,#9058,.T.);
#9058 = SURFACE_CURVE('',#9059,(#9064,#9077),.PCURVE_S1.);
#9059 = ELLIPSE('',#9060,23.617366491631,16.7);
#9060 = AXIS2_PLACEMENT_3D('',#9061,#9062,#9063);
#9061 = CARTESIAN_POINT('',(730.,285.,1.82E+03));
#9062 = DIRECTION('',(0.,-0.707106781187,0.707106781187));
#9063 = DIRECTION('',(0.,0.707106781187,0.707106781187));
#9064 = PCURVE('',#8827,#9065);
#9065 = DEFINITIONAL_REPRESENTATION('',(#9066),#9076);
#9066 = B_SPLINE_CURVE_WITH_KNOTS('',8,(#9067,#9068,#9069,#9070,#9071,
    #9072,#9073,#9074,#9075),.UNSPECIFIED.,.F.,.F.,(9,9),(1.570796194146
    ,3.14159265359),.PIECEWISE_BEZIER_KNOTS.);
#9067 = CARTESIAN_POINT('',(3.141592520941,270.00000221523));
#9068 = CARTESIAN_POINT('',(3.337942078371,266.72096460614));
#9069 = CARTESIAN_POINT('',(3.534291635804,263.44192612057));
#9070 = CARTESIAN_POINT('',(3.730641193215,260.3555296784));
#9071 = CARTESIAN_POINT('',(3.926990750679,257.65437958971));
#9072 = CARTESIAN_POINT('',(4.12334030807,255.50743899925));
#9073 = CARTESIAN_POINT('',(4.319689865526,254.03581508292));
#9074 = CARTESIAN_POINT('',(4.516039422954,253.3));
#9075 = CARTESIAN_POINT('',(4.712388980385,253.3));
#9076 = ( GEOMETRIC_REPRESENTATION_CONTEXT(2) 
PARAMETRIC_REPRESENTATION_CONTEXT() REPRESENTATION_CONTEXT('2D SPACE',''
  ) );
#9077 = PCURVE('',#9039,#9078);
#9078 = DEFINITIONAL_REPRESENTATION('',(#9079),#9089);
#9079 = B_SPLINE_CURVE_WITH_KNOTS('',8,(#9080,#9081,#9082,#9083,#9084,
    #9085,#9086,#9087,#9088),.UNSPECIFIED.,.F.,.F.,(9,9),(1.570796194146
    ,3.14159265359),.PIECEWISE_BEZIER_KNOTS.);
#9080 = CARTESIAN_POINT('',(4.712388847736,-2.215237202563E-06));
#9081 = CARTESIAN_POINT('',(4.908738405166,3.279035393852));
#9082 = CARTESIAN_POINT('',(5.105087962597,6.55807387908));
#9083 = CARTESIAN_POINT('',(5.30143752003,9.644470321706));
#9084 = CARTESIAN_POINT('',(5.497787077457,12.345620409411));
#9085 = CARTESIAN_POINT('',(5.694136634892,14.492561001054));
#9086 = CARTESIAN_POINT('',(5.890486192319,15.964184916753));
#9087 = CARTESIAN_POINT('',(6.086835749749,16.7));
#9088 = CARTESIAN_POINT('',(6.28318530718,16.7));
#9089 = ( GEOMETRIC_REPRESENTATION_CONTEXT(2) 
PARAMETRIC_REPRESENTATION_CONTEXT() REPRESENTATION_CONTEXT('2D SPACE',''
  ) );
#9090 = ADVANCED_FACE('',(#9091),#8862,.T.);
#9091 = FACE_BOUND('',#9092,.T.);
#9092 = EDGE_LOOP('',(#9093,#9094,#9095));
#9093 = ORIENTED_EDGE('',*,*,#8845,.T.);
#9094 = ORIENTED_EDGE('',*,*,#8991,.F.);
#9095 = ORIENTED_EDGE('',*,*,#8874,.T.);
#9096 = ADVANCED_FACE('',(#9097),#8958,.T.);
#9097 = FACE_BOUND('',#9098,.T.);
#9098 = EDGE_LOOP('',(#9099,#9122,#9123));
#9099 = ORIENTED_EDGE('',*,*,#9100,.F.);
#9100 = EDGE_CURVE('',#8940,#9101,#9103,.T.);
#9101 = VERTEX_POINT('',#9102);
#9102 = CARTESIAN_POINT('',(730.,285.,1.8367E+03));
#9103 = SURFACE_CURVE('',#9104,(#9109,#9116),.PCURVE_S1.);
#9104 = CIRCLE('',#9105,16.7);
#9105 = AXIS2_PLACEMENT_3D('',#9106,#9107,#9108);
#9106 = CARTESIAN_POINT('',(730.,285.,1.82E+03));
#9107 = DIRECTION('',(-2.449293598295E-16,-1.,0.));
#9108 = DIRECTION('',(1.,-2.449293598295E-16,0.));
#9109 = PCURVE('',#8958,#9110);
#9110 = DEFINITIONAL_REPRESENTATION('',(#9111),#9115);
#9111 = LINE('',#9112,#9113);
#9112 = CARTESIAN_POINT('',(0.,-6.28318530718));
#9113 = VECTOR('',#9114,1.);
#9114 = DIRECTION('',(0.,1.));
#9115 = ( GEOMETRIC_REPRESENTATION_CONTEXT(2) 
PARAMETRIC_REPRESENTATION_CONTEXT() REPRESENTATION_CONTEXT('2D SPACE',''
  ) );
#9116 = PCURVE('',#9039,#9117);
#9117 = DEFINITIONAL_REPRESENTATION('',(#9118),#9121);
#9118 = B_SPLINE_CURVE_WITH_KNOTS('',1,(#9119,#9120),.UNSPECIFIED.,.F.,
  .F.,(2,2),(6.28318530718,7.853981633974),.PIECEWISE_BEZIER_KNOTS.);
#9119 = CARTESIAN_POINT('',(1.570796326795,0.));
#9120 = CARTESIAN_POINT('',(3.14159265359,0.));
#9121 = ( GEOMETRIC_REPRESENTATION_CONTEXT(2) 
PARAMETRIC_REPRESENTATION_CONTEXT() REPRESENTATION_CONTEXT('2D SPACE',''
  ) );
#9122 = ORIENTED_EDGE('',*,*,#8939,.T.);
#9123 = ORIENTED_EDGE('',*,*,#9124,.F.);
#9124 = EDGE_CURVE('',#9101,#8942,#9125,.T.);
#9125 = SURFACE_CURVE('',#9126,(#9131,#9138),.PCURVE_S1.);
#9126 = CIRCLE('',#9127,16.7);
#9127 = AXIS2_PLACEMENT_3D('',#9128,#9129,#9130);
#9128 = CARTESIAN_POINT('',(730.,285.,1.82E+03));
#9129 = DIRECTION('',(0.,-1.,0.));
#9130 = DIRECTION('',(0.,0.,-1.));
#9131 = PCURVE('',#8958,#9132);
#9132 = DEFINITIONAL_REPRESENTATION('',(#9133),#9137);
#9133 = LINE('',#9134,#9135);
#9134 = CARTESIAN_POINT('',(3.14159265359,4.712388980385));
#9135 = VECTOR('',#9136,1.);
#9136 = DIRECTION('',(0.,-1.));
#9137 = ( GEOMETRIC_REPRESENTATION_CONTEXT(2) 
PARAMETRIC_REPRESENTATION_CONTEXT() REPRESENTATION_CONTEXT('2D SPACE',''
  ) );
#9138 = PCURVE('',#9039,#9139);
#9139 = DEFINITIONAL_REPRESENTATION('',(#9140),#9144);
#9140 = LINE('',#9141,#9142);
#9141 = CARTESIAN_POINT('',(0.,0.));
#9142 = VECTOR('',#9143,1.);
#9143 = DIRECTION('',(1.,0.));
#9144 = ( GEOMETRIC_REPRESENTATION_CONTEXT(2) 
PARAMETRIC_REPRESENTATION_CONTEXT() REPRESENTATION_CONTEXT('2D SPACE',''
  ) );
#9145 = ADVANCED_FACE('',(#9146),#9039,.T.);
#9146 = FACE_BOUND('',#9147,.T.);
#9147 = EDGE_LOOP('',(#9148,#9171,#9198,#9199,#9200,#9201,#9202));
#9148 = ORIENTED_EDGE('',*,*,#9149,.T.);
#9149 = EDGE_CURVE('',#9017,#9150,#9152,.T.);
#9150 = VERTEX_POINT('',#9151);
#9151 = CARTESIAN_POINT('',(730.,-196.05,1.8033E+03));
#9152 = SEAM_CURVE('',#9153,(#9157,#9164),.PCURVE_S1.);
#9153 = LINE('',#9154,#9155);
#9154 = CARTESIAN_POINT('',(730.,285.,1.8033E+03));
#9155 = VECTOR('',#9156,1.);
#9156 = DIRECTION('',(0.,-1.,0.));
#9157 = PCURVE('',#9039,#9158);
#9158 = DEFINITIONAL_REPRESENTATION('',(#9159),#9163);
#9159 = LINE('',#9160,#9161);
#9160 = CARTESIAN_POINT('',(6.28318530718,-0.));
#9161 = VECTOR('',#9162,1.);
#9162 = DIRECTION('',(0.,1.));
#9163 = ( GEOMETRIC_REPRESENTATION_CONTEXT(2) 
PARAMETRIC_REPRESENTATION_CONTEXT() REPRESENTATION_CONTEXT('2D SPACE',''
  ) );
#9164 = PCURVE('',#9039,#9165);
#9165 = DEFINITIONAL_REPRESENTATION('',(#9166),#9170);
#9166 = LINE('',#9167,#9168);
#9167 = CARTESIAN_POINT('',(0.,-0.));
#9168 = VECTOR('',#9169,1.);
#9169 = DIRECTION('',(0.,1.));
#9170 = ( GEOMETRIC_REPRESENTATION_CONTEXT(2) 
PARAMETRIC_REPRESENTATION_CONTEXT() REPRESENTATION_CONTEXT('2D SPACE',''
  ) );
#9171 = ORIENTED_EDGE('',*,*,#9172,.F.);
#9172 = EDGE_CURVE('',#9150,#9150,#9173,.T.);
#9173 = SURFACE_CURVE('',#9174,(#9179,#9186),.PCURVE_S1.);
#9174 = CIRCLE('',#9175,16.7);
#9175 = AXIS2_PLACEMENT_3D('',#9176,#9177,#9178);
#9176 = CARTESIAN_POINT('',(730.,-196.05,1.82E+03));
#9177 = DIRECTION('',(0.,-1.,0.));
#9178 = DIRECTION('',(0.,0.,-1.));
#9179 = PCURVE('',#9039,#9180);
#9180 = DEFINITIONAL_REPRESENTATION('',(#9181),#9185);
#9181 = LINE('',#9182,#9183);
#9182 = CARTESIAN_POINT('',(0.,481.05));
#9183 = VECTOR('',#9184,1.);
#9184 = DIRECTION('',(1.,0.));
#9185 = ( GEOMETRIC_REPRESENTATION_CONTEXT(2) 
PARAMETRIC_REPRESENTATION_CONTEXT() REPRESENTATION_CONTEXT('2D SPACE',''
  ) );
#9186 = PCURVE('',#9187,#9192);
#9187 = PLANE('',#9188);
#9188 = AXIS2_PLACEMENT_3D('',#9189,#9190,#9191);
#9189 = CARTESIAN_POINT('',(730.,-196.05,1.82E+03));
#9190 = DIRECTION('',(0.,-1.,0.));
#9191 = DIRECTION('',(0.,0.,-1.));
#9192 = DEFINITIONAL_REPRESENTATION('',(#9193),#9197);
#9193 = CIRCLE('',#9194,16.7);
#9194 = AXIS2_PLACEMENT_2D('',#9195,#9196);
#9195 = CARTESIAN_POINT('',(0.,0.));
#9196 = DIRECTION('',(1.,0.));
#9197 = ( GEOMETRIC_REPRESENTATION_CONTEXT(2) 
PARAMETRIC_REPRESENTATION_CONTEXT() REPRESENTATION_CONTEXT('2D SPACE',''
  ) );
#9198 = ORIENTED_EDGE('',*,*,#9149,.F.);
#9199 = ORIENTED_EDGE('',*,*,#9016,.T.);
#9200 = ORIENTED_EDGE('',*,*,#9100,.T.);
#9201 = ORIENTED_EDGE('',*,*,#9124,.T.);
#9202 = ORIENTED_EDGE('',*,*,#9057,.T.);
#9203 = ADVANCED_FACE('',(#9204),#9187,.T.);
#9204 = FACE_BOUND('',#9205,.T.);
#9205 = EDGE_LOOP('',(#9206));
#9206 = ORIENTED_EDGE('',*,*,#9172,.T.);
#9207 = ( GEOMETRIC_REPRESENTATION_CONTEXT(3) 
GLOBAL_UNCERTAINTY_ASSIGNED_CONTEXT((#9211)) 
GLOBAL_UNIT_ASSIGNED_CONTEXT((#9208,#9209,#9210)) REPRESENTATION_CONTEXT
('Context #1','3D Context with UNIT and UNCERTAINTY') );
#9208 = ( LENGTH_UNIT() NAMED_UNIT(*) SI_UNIT(.MILLI.,.METRE.) );
#9209 = ( NAMED_UNIT(*) PLANE_ANGLE_UNIT() SI_UNIT($,.RADIAN.) );
#9210 = ( NAMED_UNIT(*) SI_UNIT($,.STERADIAN.) SOLID_ANGLE_UNIT() );
#9211 = UNCERTAINTY_MEASURE_WITH_UNIT(LENGTH_MEASURE(2.E-07),#9208,
  'distance_accuracy_value','confusion accuracy');
#9212 = CONTEXT_DEPENDENT_SHAPE_REPRESENTATION(#9213,#9215);
#9213 = ( REPRESENTATION_RELATIONSHIP('','',#8740,#10) 
REPRESENTATION_RELATIONSHIP_WITH_TRANSFORMATION(#9214) 
SHAPE_REPRESENTATION_RELATIONSHIP() );
#9214 = ITEM_DEFINED_TRANSFORMATION('','',#11,#35);
#9215 = PRODUCT_DEFINITION_SHAPE('Placement','Placement of an item',
  #9216);
#9216 = NEXT_ASSEMBLY_USAGE_OCCURRENCE('22','=>[0:1:1:7]','',#5,#8735,$
  );
#9217 = PRODUCT_RELATED_PRODUCT_CATEGORY('part',$,(#8737));
#9218 = SHAPE_DEFINITION_REPRESENTATION(#9219,#9225);
#9219 = PRODUCT_DEFINITION_SHAPE('','',#9220);
#9220 = PRODUCT_DEFINITION('design','',#9221,#9224);
#9221 = PRODUCT_DEFINITION_FORMATION('','',#9222);
#9222 = PRODUCT('COMPOUND','COMPOUND','',(#9223));
#9223 = PRODUCT_CONTEXT('',#2,'mechanical');
#9224 = PRODUCT_DEFINITION_CONTEXT('part definition',#2,'design');
#9225 = SHAPE_REPRESENTATION('',(#11,#9226,#9504),#9834);
#9226 = MANIFOLD_SOLID_BREP('',#9227);
#9227 = CLOSED_SHELL('',(#9228,#9316,#9351,#9386,#9441,#9496,#9500));
#9228 = ADVANCED_FACE('',(#9229),#9242,.T.);
#9229 = FACE_BOUND('',#9230,.T.);
#9230 = EDGE_LOOP('',(#9231,#9265,#9288,#9315));
#9231 = ORIENTED_EDGE('',*,*,#9232,.F.);
#9232 = EDGE_CURVE('',#9233,#9233,#9235,.T.);
#9233 = VERTEX_POINT('',#9234);
#9234 = CARTESIAN_POINT('',(765.,60.,1.70015E+03));
#9235 = SURFACE_CURVE('',#9236,(#9241,#9253),.PCURVE_S1.);
#9236 = CIRCLE('',#9237,35.);
#9237 = AXIS2_PLACEMENT_3D('',#9238,#9239,#9240);
#9238 = CARTESIAN_POINT('',(730.,60.,1.70015E+03));
#9239 = DIRECTION('',(0.,0.,1.));
#9240 = DIRECTION('',(1.,0.,-0.));
#9241 = PCURVE('',#9242,#9247);
#9242 = CYLINDRICAL_SURFACE('',#9243,35.);
#9243 = AXIS2_PLACEMENT_3D('',#9244,#9245,#9246);
#9244 = CARTESIAN_POINT('',(730.,60.,1.60015E+03));
#9245 = DIRECTION('',(0.,0.,1.));
#9246 = DIRECTION('',(1.,0.,-0.));
#9247 = DEFINITIONAL_REPRESENTATION('',(#9248),#9252);
#9248 = LINE('',#9249,#9250);
#9249 = CARTESIAN_POINT('',(0.,100.));
#9250 = VECTOR('',#9251,1.);
#9251 = DIRECTION('',(1.,0.));
#9252 = ( GEOMETRIC_REPRESENTATION_CONTEXT(2) 
PARAMETRIC_REPRESENTATION_CONTEXT() REPRESENTATION_CONTEXT('2D SPACE',''
  ) );
#9253 = PCURVE('',#9254,#9259);
#9254 = PLANE('',#9255);
#9255 = AXIS2_PLACEMENT_3D('',#9256,#9257,#9258);
#9256 = CARTESIAN_POINT('',(730.,60.,1.70015E+03));
#9257 = DIRECTION('',(0.,0.,1.));
#9258 = DIRECTION('',(1.,0.,-0.));
#9259 = DEFINITIONAL_REPRESENTATION('',(#9260),#9264);
#9260 = CIRCLE('',#9261,35.);
#9261 = AXIS2_PLACEMENT_2D('',#9262,#9263);
#9262 = CARTESIAN_POINT('',(0.,0.));
#9263 = DIRECTION('',(1.,0.));
#9264 = ( GEOMETRIC_REPRESENTATION_CONTEXT(2) 
PARAMETRIC_REPRESENTATION_CONTEXT() REPRESENTATION_CONTEXT('2D SPACE',''
  ) );
#9265 = ORIENTED_EDGE('',*,*,#9266,.F.);
#9266 = EDGE_CURVE('',#9267,#9233,#9269,.T.);
#9267 = VERTEX_POINT('',#9268);
#9268 = CARTESIAN_POINT('',(765.,60.,1.60015E+03));
#9269 = SEAM_CURVE('',#9270,(#9274,#9281),.PCURVE_S1.);
#9270 = LINE('',#9271,#9272);
#9271 = CARTESIAN_POINT('',(765.,60.,1.60015E+03));
#9272 = VECTOR('',#9273,1.);
#9273 = DIRECTION('',(0.,0.,1.));
#9274 = PCURVE('',#9242,#9275);
#9275 = DEFINITIONAL_REPRESENTATION('',(#9276),#9280);
#9276 = LINE('',#9277,#9278);
#9277 = CARTESIAN_POINT('',(6.28318530718,-0.));
#9278 = VECTOR('',#9279,1.);
#9279 = DIRECTION('',(0.,1.));
#9280 = ( GEOMETRIC_REPRESENTATION_CONTEXT(2) 
PARAMETRIC_REPRESENTATION_CONTEXT() REPRESENTATION_CONTEXT('2D SPACE',''
  ) );
#9281 = PCURVE('',#9242,#9282);
#9282 = DEFINITIONAL_REPRESENTATION('',(#9283),#9287);
#9283 = LINE('',#9284,#9285);
#9284 = CARTESIAN_POINT('',(0.,-0.));
#9285 = VECTOR('',#9286,1.);
#9286 = DIRECTION('',(0.,1.));
#9287 = ( GEOMETRIC_REPRESENTATION_CONTEXT(2) 
PARAMETRIC_REPRESENTATION_CONTEXT() REPRESENTATION_CONTEXT('2D SPACE',''
  ) );
#9288 = ORIENTED_EDGE('',*,*,#9289,.T.);
#9289 = EDGE_CURVE('',#9267,#9267,#9290,.T.);
#9290 = SURFACE_CURVE('',#9291,(#9296,#9303),.PCURVE_S1.);
#9291 = CIRCLE('',#9292,35.);
#9292 = AXIS2_PLACEMENT_3D('',#9293,#9294,#9295);
#9293 = CARTESIAN_POINT('',(730.,60.,1.60015E+03));
#9294 = DIRECTION('',(0.,0.,1.));
#9295 = DIRECTION('',(1.,0.,-0.));
#9296 = PCURVE('',#9242,#9297);
#9297 = DEFINITIONAL_REPRESENTATION('',(#9298),#9302);
#9298 = LINE('',#9299,#9300);
#9299 = CARTESIAN_POINT('',(0.,0.));
#9300 = VECTOR('',#9301,1.);
#9301 = DIRECTION('',(1.,0.));
#9302 = ( GEOMETRIC_REPRESENTATION_CONTEXT(2) 
PARAMETRIC_REPRESENTATION_CONTEXT() REPRESENTATION_CONTEXT('2D SPACE',''
  ) );
#9303 = PCURVE('',#9304,#9309);
#9304 = PLANE('',#9305);
#9305 = AXIS2_PLACEMENT_3D('',#9306,#9307,#9308);
#9306 = CARTESIAN_POINT('',(730.,60.,1.60015E+03));
#9307 = DIRECTION('',(0.,0.,1.));
#9308 = DIRECTION('',(1.,0.,-0.));
#9309 = DEFINITIONAL_REPRESENTATION('',(#9310),#9314);
#9310 = CIRCLE('',#9311,35.);
#9311 = AXIS2_PLACEMENT_2D('',#9312,#9313);
#9312 = CARTESIAN_POINT('',(0.,0.));
#9313 = DIRECTION('',(1.,0.));
#9314 = ( GEOMETRIC_REPRESENTATION_CONTEXT(2) 
PARAMETRIC_REPRESENTATION_CONTEXT() REPRESENTATION_CONTEXT('2D SPACE',''
  ) );
#9315 = ORIENTED_EDGE('',*,*,#9266,.T.);
#9316 = ADVANCED_FACE('',(#9317,#9320),#9254,.T.);
#9317 = FACE_BOUND('',#9318,.T.);
#9318 = EDGE_LOOP('',(#9319));
#9319 = ORIENTED_EDGE('',*,*,#9232,.T.);
#9320 = FACE_BOUND('',#9321,.T.);
#9321 = EDGE_LOOP('',(#9322));
#9322 = ORIENTED_EDGE('',*,*,#9323,.F.);
#9323 = EDGE_CURVE('',#9324,#9324,#9326,.T.);
#9324 = VERTEX_POINT('',#9325);
#9325 = CARTESIAN_POINT('',(750.,60.,1.70015E+03));
#9326 = SURFACE_CURVE('',#9327,(#9332,#9339),.PCURVE_S1.);
#9327 = CIRCLE('',#9328,20.);
#9328 = AXIS2_PLACEMENT_3D('',#9329,#9330,#9331);
#9329 = CARTESIAN_POINT('',(730.,60.,1.70015E+03));
#9330 = DIRECTION('',(0.,0.,1.));
#9331 = DIRECTION('',(1.,0.,-0.));
#9332 = PCURVE('',#9254,#9333);
#9333 = DEFINITIONAL_REPRESENTATION('',(#9334),#9338);
#9334 = CIRCLE('',#9335,20.);
#9335 = AXIS2_PLACEMENT_2D('',#9336,#9337);
#9336 = CARTESIAN_POINT('',(0.,0.));
#9337 = DIRECTION('',(1.,0.));
#9338 = ( GEOMETRIC_REPRESENTATION_CONTEXT(2) 
PARAMETRIC_REPRESENTATION_CONTEXT() REPRESENTATION_CONTEXT('2D SPACE',''
  ) );
#9339 = PCURVE('',#9340,#9345);
#9340 = CYLINDRICAL_SURFACE('',#9341,20.);
#9341 = AXIS2_PLACEMENT_3D('',#9342,#9343,#9344);
#9342 = CARTESIAN_POINT('',(730.,60.,1.70015E+03));
#9343 = DIRECTION('',(0.,0.,1.));
#9344 = DIRECTION('',(1.,0.,-0.));
#9345 = DEFINITIONAL_REPRESENTATION('',(#9346),#9350);
#9346 = LINE('',#9347,#9348);
#9347 = CARTESIAN_POINT('',(0.,0.));
#9348 = VECTOR('',#9349,1.);
#9349 = DIRECTION('',(1.,0.));
#9350 = ( GEOMETRIC_REPRESENTATION_CONTEXT(2) 
PARAMETRIC_REPRESENTATION_CONTEXT() REPRESENTATION_CONTEXT('2D SPACE',''
  ) );
#9351 = ADVANCED_FACE('',(#9352,#9355),#9304,.F.);
#9352 = FACE_BOUND('',#9353,.F.);
#9353 = EDGE_LOOP('',(#9354));
#9354 = ORIENTED_EDGE('',*,*,#9289,.T.);
#9355 = FACE_BOUND('',#9356,.F.);
#9356 = EDGE_LOOP('',(#9357));
#9357 = ORIENTED_EDGE('',*,*,#9358,.F.);
#9358 = EDGE_CURVE('',#9359,#9359,#9361,.T.);
#9359 = VERTEX_POINT('',#9360);
#9360 = CARTESIAN_POINT('',(743.35,60.,1.60015E+03));
#9361 = SURFACE_CURVE('',#9362,(#9367,#9374),.PCURVE_S1.);
#9362 = CIRCLE('',#9363,13.35);
#9363 = AXIS2_PLACEMENT_3D('',#9364,#9365,#9366);
#9364 = CARTESIAN_POINT('',(730.,60.,1.60015E+03));
#9365 = DIRECTION('',(0.,0.,1.));
#9366 = DIRECTION('',(1.,0.,-0.));
#9367 = PCURVE('',#9304,#9368);
#9368 = DEFINITIONAL_REPRESENTATION('',(#9369),#9373);
#9369 = CIRCLE('',#9370,13.35);
#9370 = AXIS2_PLACEMENT_2D('',#9371,#9372);
#9371 = CARTESIAN_POINT('',(0.,0.));
#9372 = DIRECTION('',(1.,0.));
#9373 = ( GEOMETRIC_REPRESENTATION_CONTEXT(2) 
PARAMETRIC_REPRESENTATION_CONTEXT() REPRESENTATION_CONTEXT('2D SPACE',''
  ) );
#9374 = PCURVE('',#9375,#9380);
#9375 = CYLINDRICAL_SURFACE('',#9376,13.35);
#9376 = AXIS2_PLACEMENT_3D('',#9377,#9378,#9379);
#9377 = CARTESIAN_POINT('',(730.,60.,1.58015E+03));
#9378 = DIRECTION('',(0.,0.,1.));
#9379 = DIRECTION('',(1.,0.,-0.));
#9380 = DEFINITIONAL_REPRESENTATION('',(#9381),#9385);
#9381 = LINE('',#9382,#9383);
#9382 = CARTESIAN_POINT('',(0.,20.));
#9383 = VECTOR('',#9384,1.);
#9384 = DIRECTION('',(1.,0.));
#9385 = ( GEOMETRIC_REPRESENTATION_CONTEXT(2) 
PARAMETRIC_REPRESENTATION_CONTEXT() REPRESENTATION_CONTEXT('2D SPACE',''
  ) );
#9386 = ADVANCED_FACE('',(#9387),#9340,.T.);
#9387 = FACE_BOUND('',#9388,.T.);
#9388 = EDGE_LOOP('',(#9389,#9418,#9439,#9440));
#9389 = ORIENTED_EDGE('',*,*,#9390,.F.);
#9390 = EDGE_CURVE('',#9391,#9391,#9393,.T.);
#9391 = VERTEX_POINT('',#9392);
#9392 = CARTESIAN_POINT('',(750.,60.,1.76015E+03));
#9393 = SURFACE_CURVE('',#9394,(#9399,#9406),.PCURVE_S1.);
#9394 = CIRCLE('',#9395,20.);
#9395 = AXIS2_PLACEMENT_3D('',#9396,#9397,#9398);
#9396 = CARTESIAN_POINT('',(730.,60.,1.76015E+03));
#9397 = DIRECTION('',(0.,0.,1.));
#9398 = DIRECTION('',(1.,0.,-0.));
#9399 = PCURVE('',#9340,#9400);
#9400 = DEFINITIONAL_REPRESENTATION('',(#9401),#9405);
#9401 = LINE('',#9402,#9403);
#9402 = CARTESIAN_POINT('',(0.,60.));
#9403 = VECTOR('',#9404,1.);
#9404 = DIRECTION('',(1.,0.));
#9405 = ( GEOMETRIC_REPRESENTATION_CONTEXT(2) 
PARAMETRIC_REPRESENTATION_CONTEXT() REPRESENTATION_CONTEXT('2D SPACE',''
  ) );
#9406 = PCURVE('',#9407,#9412);
#9407 = PLANE('',#9408);
#9408 = AXIS2_PLACEMENT_3D('',#9409,#9410,#9411);
#9409 = CARTESIAN_POINT('',(730.,60.,1.76015E+03));
#9410 = DIRECTION('',(0.,0.,1.));
#9411 = DIRECTION('',(1.,0.,-0.));
#9412 = DEFINITIONAL_REPRESENTATION('',(#9413),#9417);
#9413 = CIRCLE('',#9414,20.);
#9414 = AXIS2_PLACEMENT_2D('',#9415,#9416);
#9415 = CARTESIAN_POINT('',(0.,0.));
#9416 = DIRECTION('',(1.,0.));
#9417 = ( GEOMETRIC_REPRESENTATION_CONTEXT(2) 
PARAMETRIC_REPRESENTATION_CONTEXT() REPRESENTATION_CONTEXT('2D SPACE',''
  ) );
#9418 = ORIENTED_EDGE('',*,*,#9419,.F.);
#9419 = EDGE_CURVE('',#9324,#9391,#9420,.T.);
#9420 = SEAM_CURVE('',#9421,(#9425,#9432),.PCURVE_S1.);
#9421 = LINE('',#9422,#9423);
#9422 = CARTESIAN_POINT('',(750.,60.,1.70015E+03));
#9423 = VECTOR('',#9424,1.);
#9424 = DIRECTION('',(0.,0.,1.));
#9425 = PCURVE('',#9340,#9426);
#9426 = DEFINITIONAL_REPRESENTATION('',(#9427),#9431);
#9427 = LINE('',#9428,#9429);
#9428 = CARTESIAN_POINT('',(6.28318530718,-0.));
#9429 = VECTOR('',#9430,1.);
#9430 = DIRECTION('',(0.,1.));
#9431 = ( GEOMETRIC_REPRESENTATION_CONTEXT(2) 
PARAMETRIC_REPRESENTATION_CONTEXT() REPRESENTATION_CONTEXT('2D SPACE',''
  ) );
#9432 = PCURVE('',#9340,#9433);
#9433 = DEFINITIONAL_REPRESENTATION('',(#9434),#9438);
#9434 = LINE('',#9435,#9436);
#9435 = CARTESIAN_POINT('',(0.,-0.));
#9436 = VECTOR('',#9437,1.);
#9437 = DIRECTION('',(0.,1.));
#9438 = ( GEOMETRIC_REPRESENTATION_CONTEXT(2) 
PARAMETRIC_REPRESENTATION_CONTEXT() REPRESENTATION_CONTEXT('2D SPACE',''
  ) );
#9439 = ORIENTED_EDGE('',*,*,#9323,.T.);
#9440 = ORIENTED_EDGE('',*,*,#9419,.T.);
#9441 = ADVANCED_FACE('',(#9442),#9375,.T.);
#9442 = FACE_BOUND('',#9443,.T.);
#9443 = EDGE_LOOP('',(#9444,#9445,#9468,#9495));
#9444 = ORIENTED_EDGE('',*,*,#9358,.F.);
#9445 = ORIENTED_EDGE('',*,*,#9446,.F.);
#9446 = EDGE_CURVE('',#9447,#9359,#9449,.T.);
#9447 = VERTEX_POINT('',#9448);
#9448 = CARTESIAN_POINT('',(743.35,60.,1.58015E+03));
#9449 = SEAM_CURVE('',#9450,(#9454,#9461),.PCURVE_S1.);
#9450 = LINE('',#9451,#9452);
#9451 = CARTESIAN_POINT('',(743.35,60.,1.58015E+03));
#9452 = VECTOR('',#9453,1.);
#9453 = DIRECTION('',(0.,0.,1.));
#9454 = PCURVE('',#9375,#9455);
#9455 = DEFINITIONAL_REPRESENTATION('',(#9456),#9460);
#9456 = LINE('',#9457,#9458);
#9457 = CARTESIAN_POINT('',(6.28318530718,-0.));
#9458 = VECTOR('',#9459,1.);
#9459 = DIRECTION('',(0.,1.));
#9460 = ( GEOMETRIC_REPRESENTATION_CONTEXT(2) 
PARAMETRIC_REPRESENTATION_CONTEXT() REPRESENTATION_CONTEXT('2D SPACE',''
  ) );
#9461 = PCURVE('',#9375,#9462);
#9462 = DEFINITIONAL_REPRESENTATION('',(#9463),#9467);
#9463 = LINE('',#9464,#9465);
#9464 = CARTESIAN_POINT('',(0.,-0.));
#9465 = VECTOR('',#9466,1.);
#9466 = DIRECTION('',(0.,1.));
#9467 = ( GEOMETRIC_REPRESENTATION_CONTEXT(2) 
PARAMETRIC_REPRESENTATION_CONTEXT() REPRESENTATION_CONTEXT('2D SPACE',''
  ) );
#9468 = ORIENTED_EDGE('',*,*,#9469,.T.);
#9469 = EDGE_CURVE('',#9447,#9447,#9470,.T.);
#9470 = SURFACE_CURVE('',#9471,(#9476,#9483),.PCURVE_S1.);
#9471 = CIRCLE('',#9472,13.35);
#9472 = AXIS2_PLACEMENT_3D('',#9473,#9474,#9475);
#9473 = CARTESIAN_POINT('',(730.,60.,1.58015E+03));
#9474 = DIRECTION('',(0.,0.,1.));
#9475 = DIRECTION('',(1.,0.,-0.));
#9476 = PCURVE('',#9375,#9477);
#9477 = DEFINITIONAL_REPRESENTATION('',(#9478),#9482);
#9478 = LINE('',#9479,#9480);
#9479 = CARTESIAN_POINT('',(0.,0.));
#9480 = VECTOR('',#9481,1.);
#9481 = DIRECTION('',(1.,0.));
#9482 = ( GEOMETRIC_REPRESENTATION_CONTEXT(2) 
PARAMETRIC_REPRESENTATION_CONTEXT() REPRESENTATION_CONTEXT('2D SPACE',''
  ) );
#9483 = PCURVE('',#9484,#9489);
#9484 = PLANE('',#9485);
#9485 = AXIS2_PLACEMENT_3D('',#9486,#9487,#9488);
#9486 = CARTESIAN_POINT('',(730.,60.,1.58015E+03));
#9487 = DIRECTION('',(0.,0.,1.));
#9488 = DIRECTION('',(1.,0.,-0.));
#9489 = DEFINITIONAL_REPRESENTATION('',(#9490),#9494);
#9490 = CIRCLE('',#9491,13.35);
#9491 = AXIS2_PLACEMENT_2D('',#9492,#9493);
#9492 = CARTESIAN_POINT('',(0.,0.));
#9493 = DIRECTION('',(1.,0.));
#9494 = ( GEOMETRIC_REPRESENTATION_CONTEXT(2) 
PARAMETRIC_REPRESENTATION_CONTEXT() REPRESENTATION_CONTEXT('2D SPACE',''
  ) );
#9495 = ORIENTED_EDGE('',*,*,#9446,.T.);
#9496 = ADVANCED_FACE('',(#9497),#9407,.T.);
#9497 = FACE_BOUND('',#9498,.T.);
#9498 = EDGE_LOOP('',(#9499));
#9499 = ORIENTED_EDGE('',*,*,#9390,.T.);
#9500 = ADVANCED_FACE('',(#9501),#9484,.F.);
#9501 = FACE_BOUND('',#9502,.T.);
#9502 = EDGE_LOOP('',(#9503));
#9503 = ORIENTED_EDGE('',*,*,#9469,.F.);
#9504 = MANIFOLD_SOLID_BREP('',#9505);
#9505 = CLOSED_SHELL('',(#9506,#9626,#9726,#9773,#9820,#9827));
#9506 = ADVANCED_FACE('',(#9507),#9521,.F.);
#9507 = FACE_BOUND('',#9508,.F.);
#9508 = EDGE_LOOP('',(#9509,#9544,#9572,#9600));
#9509 = ORIENTED_EDGE('',*,*,#9510,.F.);
#9510 = EDGE_CURVE('',#9511,#9513,#9515,.T.);
#9511 = VERTEX_POINT('',#9512);
#9512 = CARTESIAN_POINT('',(760.,56.,1.73015E+03));
#9513 = VERTEX_POINT('',#9514);
#9514 = CARTESIAN_POINT('',(760.,56.,1.73815E+03));
#9515 = SURFACE_CURVE('',#9516,(#9520,#9532),.PCURVE_S1.);
#9516 = LINE('',#9517,#9518);
#9517 = CARTESIAN_POINT('',(760.,56.,1.73015E+03));
#9518 = VECTOR('',#9519,1.);
#9519 = DIRECTION('',(0.,0.,1.));
#9520 = PCURVE('',#9521,#9526);
#9521 = PLANE('',#9522);
#9522 = AXIS2_PLACEMENT_3D('',#9523,#9524,#9525);
#9523 = CARTESIAN_POINT('',(760.,56.,1.73015E+03));
#9524 = DIRECTION('',(1.,0.,-0.));
#9525 = DIRECTION('',(0.,0.,1.));
#9526 = DEFINITIONAL_REPRESENTATION('',(#9527),#9531);
#9527 = LINE('',#9528,#9529);
#9528 = CARTESIAN_POINT('',(0.,0.));
#9529 = VECTOR('',#9530,1.);
#9530 = DIRECTION('',(1.,0.));
#9531 = ( GEOMETRIC_REPRESENTATION_CONTEXT(2) 
PARAMETRIC_REPRESENTATION_CONTEXT() REPRESENTATION_CONTEXT('2D SPACE',''
  ) );
#9532 = PCURVE('',#9533,#9538);
#9533 = PLANE('',#9534);
#9534 = AXIS2_PLACEMENT_3D('',#9535,#9536,#9537);
#9535 = CARTESIAN_POINT('',(760.,56.,1.73015E+03));
#9536 = DIRECTION('',(-0.,1.,0.));
#9537 = DIRECTION('',(0.,0.,1.));
#9538 = DEFINITIONAL_REPRESENTATION('',(#9539),#9543);
#9539 = LINE('',#9540,#9541);
#9540 = CARTESIAN_POINT('',(0.,0.));
#9541 = VECTOR('',#9542,1.);
#9542 = DIRECTION('',(1.,0.));
#9543 = ( GEOMETRIC_REPRESENTATION_CONTEXT(2) 
PARAMETRIC_REPRESENTATION_CONTEXT() REPRESENTATION_CONTEXT('2D SPACE',''
  ) );
#9544 = ORIENTED_EDGE('',*,*,#9545,.T.);
#9545 = EDGE_CURVE('',#9511,#9546,#9548,.T.);
#9546 = VERTEX_POINT('',#9547);
#9547 = CARTESIAN_POINT('',(760.,64.,1.73015E+03));
#9548 = SURFACE_CURVE('',#9549,(#9553,#9560),.PCURVE_S1.);
#9549 = LINE('',#9550,#9551);
#9550 = CARTESIAN_POINT('',(760.,56.,1.73015E+03));
#9551 = VECTOR('',#9552,1.);
#9552 = DIRECTION('',(-0.,1.,0.));
#9553 = PCURVE('',#9521,#9554);
#9554 = DEFINITIONAL_REPRESENTATION('',(#9555),#9559);
#9555 = LINE('',#9556,#9557);
#9556 = CARTESIAN_POINT('',(0.,0.));
#9557 = VECTOR('',#9558,1.);
#9558 = DIRECTION('',(0.,-1.));
#9559 = ( GEOMETRIC_REPRESENTATION_CONTEXT(2) 
PARAMETRIC_REPRESENTATION_CONTEXT() REPRESENTATION_CONTEXT('2D SPACE',''
  ) );
#9560 = PCURVE('',#9561,#9566);
#9561 = PLANE('',#9562);
#9562 = AXIS2_PLACEMENT_3D('',#9563,#9564,#9565);
#9563 = CARTESIAN_POINT('',(760.,56.,1.73015E+03));
#9564 = DIRECTION('',(0.,0.,1.));
#9565 = DIRECTION('',(1.,0.,-0.));
#9566 = DEFINITIONAL_REPRESENTATION('',(#9567),#9571);
#9567 = LINE('',#9568,#9569);
#9568 = CARTESIAN_POINT('',(0.,0.));
#9569 = VECTOR('',#9570,1.);
#9570 = DIRECTION('',(0.,1.));
#9571 = ( GEOMETRIC_REPRESENTATION_CONTEXT(2) 
PARAMETRIC_REPRESENTATION_CONTEXT() REPRESENTATION_CONTEXT('2D SPACE',''
  ) );
#9572 = ORIENTED_EDGE('',*,*,#9573,.T.);
#9573 = EDGE_CURVE('',#9546,#9574,#9576,.T.);
#9574 = VERTEX_POINT('',#9575);
#9575 = CARTESIAN_POINT('',(760.,64.,1.73815E+03));
#9576 = SURFACE_CURVE('',#9577,(#9581,#9588),.PCURVE_S1.);
#9577 = LINE('',#9578,#9579);
#9578 = CARTESIAN_POINT('',(760.,64.,1.73015E+03));
#9579 = VECTOR('',#9580,1.);
#9580 = DIRECTION('',(0.,0.,1.));
#9581 = PCURVE('',#9521,#9582);
#9582 = DEFINITIONAL_REPRESENTATION('',(#9583),#9587);
#9583 = LINE('',#9584,#9585);
#9584 = CARTESIAN_POINT('',(0.,-8.));
#9585 = VECTOR('',#9586,1.);
#9586 = DIRECTION('',(1.,0.));
#9587 = ( GEOMETRIC_REPRESENTATION_CONTEXT(2) 
PARAMETRIC_REPRESENTATION_CONTEXT() REPRESENTATION_CONTEXT('2D SPACE',''
  ) );
#9588 = PCURVE('',#9589,#9594);
#9589 = PLANE('',#9590);
#9590 = AXIS2_PLACEMENT_3D('',#9591,#9592,#9593);
#9591 = CARTESIAN_POINT('',(760.,64.,1.73015E+03));
#9592 = DIRECTION('',(-0.,1.,0.));
#9593 = DIRECTION('',(0.,0.,1.));
#9594 = DEFINITIONAL_REPRESENTATION('',(#9595),#9599);
#9595 = LINE('',#9596,#9597);
#9596 = CARTESIAN_POINT('',(0.,0.));
#9597 = VECTOR('',#9598,1.);
#9598 = DIRECTION('',(1.,0.));
#9599 = ( GEOMETRIC_REPRESENTATION_CONTEXT(2) 
PARAMETRIC_REPRESENTATION_CONTEXT() REPRESENTATION_CONTEXT('2D SPACE',''
  ) );
#9600 = ORIENTED_EDGE('',*,*,#9601,.F.);
#9601 = EDGE_CURVE('',#9513,#9574,#9602,.T.);
#9602 = SURFACE_CURVE('',#9603,(#9607,#9614),.PCURVE_S1.);
#9603 = LINE('',#9604,#9605);
#9604 = CARTESIAN_POINT('',(760.,56.,1.73815E+03));
#9605 = VECTOR('',#9606,1.);
#9606 = DIRECTION('',(-0.,1.,0.));
#9607 = PCURVE('',#9521,#9608);
#9608 = DEFINITIONAL_REPRESENTATION('',(#9609),#9613);
#9609 = LINE('',#9610,#9611);
#9610 = CARTESIAN_POINT('',(8.,0.));
#9611 = VECTOR('',#9612,1.);
#9612 = DIRECTION('',(0.,-1.));
#9613 = ( GEOMETRIC_REPRESENTATION_CONTEXT(2) 
PARAMETRIC_REPRESENTATION_CONTEXT() REPRESENTATION_CONTEXT('2D SPACE',''
  ) );
#9614 = PCURVE('',#9615,#9620);
#9615 = PLANE('',#9616);
#9616 = AXIS2_PLACEMENT_3D('',#9617,#9618,#9619);
#9617 = CARTESIAN_POINT('',(760.,56.,1.73815E+03));
#9618 = DIRECTION('',(0.,0.,1.));
#9619 = DIRECTION('',(1.,0.,-0.));
#9620 = DEFINITIONAL_REPRESENTATION('',(#9621),#9625);
#9621 = LINE('',#9622,#9623);
#9622 = CARTESIAN_POINT('',(0.,0.));
#9623 = VECTOR('',#9624,1.);
#9624 = DIRECTION('',(0.,1.));
#9625 = ( GEOMETRIC_REPRESENTATION_CONTEXT(2) 
PARAMETRIC_REPRESENTATION_CONTEXT() REPRESENTATION_CONTEXT('2D SPACE',''
  ) );
#9626 = ADVANCED_FACE('',(#9627),#9641,.T.);
#9627 = FACE_BOUND('',#9628,.T.);
#9628 = EDGE_LOOP('',(#9629,#9659,#9682,#9705));
#9629 = ORIENTED_EDGE('',*,*,#9630,.F.);
#9630 = EDGE_CURVE('',#9631,#9633,#9635,.T.);
#9631 = VERTEX_POINT('',#9632);
#9632 = CARTESIAN_POINT('',(790.,56.,1.73015E+03));
#9633 = VERTEX_POINT('',#9634);
#9634 = CARTESIAN_POINT('',(790.,56.,1.73815E+03));
#9635 = SURFACE_CURVE('',#9636,(#9640,#9652),.PCURVE_S1.);
#9636 = LINE('',#9637,#9638);
#9637 = CARTESIAN_POINT('',(790.,56.,1.73015E+03));
#9638 = VECTOR('',#9639,1.);
#9639 = DIRECTION('',(0.,0.,1.));
#9640 = PCURVE('',#9641,#9646);
#9641 = PLANE('',#9642);
#9642 = AXIS2_PLACEMENT_3D('',#9643,#9644,#9645);
#9643 = CARTESIAN_POINT('',(790.,56.,1.73015E+03));
#9644 = DIRECTION('',(1.,0.,-0.));
#9645 = DIRECTION('',(0.,0.,1.));
#9646 = DEFINITIONAL_REPRESENTATION('',(#9647),#9651);
#9647 = LINE('',#9648,#9649);
#9648 = CARTESIAN_POINT('',(0.,0.));
#9649 = VECTOR('',#9650,1.);
#9650 = DIRECTION('',(1.,0.));
#9651 = ( GEOMETRIC_REPRESENTATION_CONTEXT(2) 
PARAMETRIC_REPRESENTATION_CONTEXT() REPRESENTATION_CONTEXT('2D SPACE',''
  ) );
#9652 = PCURVE('',#9533,#9653);
#9653 = DEFINITIONAL_REPRESENTATION('',(#9654),#9658);
#9654 = LINE('',#9655,#9656);
#9655 = CARTESIAN_POINT('',(0.,30.));
#9656 = VECTOR('',#9657,1.);
#9657 = DIRECTION('',(1.,0.));
#9658 = ( GEOMETRIC_REPRESENTATION_CONTEXT(2) 
PARAMETRIC_REPRESENTATION_CONTEXT() REPRESENTATION_CONTEXT('2D SPACE',''
  ) );
#9659 = ORIENTED_EDGE('',*,*,#9660,.T.);
#9660 = EDGE_CURVE('',#9631,#9661,#9663,.T.);
#9661 = VERTEX_POINT('',#9662);
#9662 = CARTESIAN_POINT('',(790.,64.,1.73015E+03));
#9663 = SURFACE_CURVE('',#9664,(#9668,#9675),.PCURVE_S1.);
#9664 = LINE('',#9665,#9666);
#9665 = CARTESIAN_POINT('',(790.,56.,1.73015E+03));
#9666 = VECTOR('',#9667,1.);
#9667 = DIRECTION('',(-0.,1.,0.));
#9668 = PCURVE('',#9641,#9669);
#9669 = DEFINITIONAL_REPRESENTATION('',(#9670),#9674);
#9670 = LINE('',#9671,#9672);
#9671 = CARTESIAN_POINT('',(0.,0.));
#9672 = VECTOR('',#9673,1.);
#9673 = DIRECTION('',(0.,-1.));
#9674 = ( GEOMETRIC_REPRESENTATION_CONTEXT(2) 
PARAMETRIC_REPRESENTATION_CONTEXT() REPRESENTATION_CONTEXT('2D SPACE',''
  ) );
#9675 = PCURVE('',#9561,#9676);
#9676 = DEFINITIONAL_REPRESENTATION('',(#9677),#9681);
#9677 = LINE('',#9678,#9679);
#9678 = CARTESIAN_POINT('',(30.,0.));
#9679 = VECTOR('',#9680,1.);
#9680 = DIRECTION('',(0.,1.));
#9681 = ( GEOMETRIC_REPRESENTATION_CONTEXT(2) 
PARAMETRIC_REPRESENTATION_CONTEXT() REPRESENTATION_CONTEXT('2D SPACE',''
  ) );
#9682 = ORIENTED_EDGE('',*,*,#9683,.T.);
#9683 = EDGE_CURVE('',#9661,#9684,#9686,.T.);
#9684 = VERTEX_POINT('',#9685);
#9685 = CARTESIAN_POINT('',(790.,64.,1.73815E+03));
#9686 = SURFACE_CURVE('',#9687,(#9691,#9698),.PCURVE_S1.);
#9687 = LINE('',#9688,#9689);
#9688 = CARTESIAN_POINT('',(790.,64.,1.73015E+03));
#9689 = VECTOR('',#9690,1.);
#9690 = DIRECTION('',(0.,0.,1.));
#9691 = PCURVE('',#9641,#9692);
#9692 = DEFINITIONAL_REPRESENTATION('',(#9693),#9697);
#9693 = LINE('',#9694,#9695);
#9694 = CARTESIAN_POINT('',(0.,-8.));
#9695 = VECTOR('',#9696,1.);
#9696 = DIRECTION('',(1.,0.));
#9697 = ( GEOMETRIC_REPRESENTATION_CONTEXT(2) 
PARAMETRIC_REPRESENTATION_CONTEXT() REPRESENTATION_CONTEXT('2D SPACE',''
  ) );
#9698 = PCURVE('',#9589,#9699);
#9699 = DEFINITIONAL_REPRESENTATION('',(#9700),#9704);
#9700 = LINE('',#9701,#9702);
#9701 = CARTESIAN_POINT('',(0.,30.));
#9702 = VECTOR('',#9703,1.);
#9703 = DIRECTION('',(1.,0.));
#9704 = ( GEOMETRIC_REPRESENTATION_CONTEXT(2) 
PARAMETRIC_REPRESENTATION_CONTEXT() REPRESENTATION_CONTEXT('2D SPACE',''
  ) );
#9705 = ORIENTED_EDGE('',*,*,#9706,.F.);
#9706 = EDGE_CURVE('',#9633,#9684,#9707,.T.);
#9707 = SURFACE_CURVE('',#9708,(#9712,#9719),.PCURVE_S1.);
#9708 = LINE('',#9709,#9710);
#9709 = CARTESIAN_POINT('',(790.,56.,1.73815E+03));
#9710 = VECTOR('',#9711,1.);
#9711 = DIRECTION('',(-0.,1.,0.));
#9712 = PCURVE('',#9641,#9713);
#9713 = DEFINITIONAL_REPRESENTATION('',(#9714),#9718);
#9714 = LINE('',#9715,#9716);
#9715 = CARTESIAN_POINT('',(8.,0.));
#9716 = VECTOR('',#9717,1.);
#9717 = DIRECTION('',(0.,-1.));
#9718 = ( GEOMETRIC_REPRESENTATION_CONTEXT(2) 
PARAMETRIC_REPRESENTATION_CONTEXT() REPRESENTATION_CONTEXT('2D SPACE',''
  ) );
#9719 = PCURVE('',#9615,#9720);
#9720 = DEFINITIONAL_REPRESENTATION('',(#9721),#9725);
#9721 = LINE('',#9722,#9723);
#9722 = CARTESIAN_POINT('',(30.,0.));
#9723 = VECTOR('',#9724,1.);
#9724 = DIRECTION('',(0.,1.));
#9725 = ( GEOMETRIC_REPRESENTATION_CONTEXT(2) 
PARAMETRIC_REPRESENTATION_CONTEXT() REPRESENTATION_CONTEXT('2D SPACE',''
  ) );
#9726 = ADVANCED_FACE('',(#9727),#9533,.F.);
#9727 = FACE_BOUND('',#9728,.F.);
#9728 = EDGE_LOOP('',(#9729,#9750,#9751,#9772));
#9729 = ORIENTED_EDGE('',*,*,#9730,.F.);
#9730 = EDGE_CURVE('',#9511,#9631,#9731,.T.);
#9731 = SURFACE_CURVE('',#9732,(#9736,#9743),.PCURVE_S1.);
#9732 = LINE('',#9733,#9734);
#9733 = CARTESIAN_POINT('',(760.,56.,1.73015E+03));
#9734 = VECTOR('',#9735,1.);
#9735 = DIRECTION('',(1.,0.,-0.));
#9736 = PCURVE('',#9533,#9737);
#9737 = DEFINITIONAL_REPRESENTATION('',(#9738),#9742);
#9738 = LINE('',#9739,#9740);
#9739 = CARTESIAN_POINT('',(0.,0.));
#9740 = VECTOR('',#9741,1.);
#9741 = DIRECTION('',(0.,1.));
#9742 = ( GEOMETRIC_REPRESENTATION_CONTEXT(2) 
PARAMETRIC_REPRESENTATION_CONTEXT() REPRESENTATION_CONTEXT('2D SPACE',''
  ) );
#9743 = PCURVE('',#9561,#9744);
#9744 = DEFINITIONAL_REPRESENTATION('',(#9745),#9749);
#9745 = LINE('',#9746,#9747);
#9746 = CARTESIAN_POINT('',(0.,0.));
#9747 = VECTOR('',#9748,1.);
#9748 = DIRECTION('',(1.,0.));
#9749 = ( GEOMETRIC_REPRESENTATION_CONTEXT(2) 
PARAMETRIC_REPRESENTATION_CONTEXT() REPRESENTATION_CONTEXT('2D SPACE',''
  ) );
#9750 = ORIENTED_EDGE('',*,*,#9510,.T.);
#9751 = ORIENTED_EDGE('',*,*,#9752,.T.);
#9752 = EDGE_CURVE('',#9513,#9633,#9753,.T.);
#9753 = SURFACE_CURVE('',#9754,(#9758,#9765),.PCURVE_S1.);
#9754 = LINE('',#9755,#9756);
#9755 = CARTESIAN_POINT('',(760.,56.,1.73815E+03));
#9756 = VECTOR('',#9757,1.);
#9757 = DIRECTION('',(1.,0.,-0.));
#9758 = PCURVE('',#9533,#9759);
#9759 = DEFINITIONAL_REPRESENTATION('',(#9760),#9764);
#9760 = LINE('',#9761,#9762);
#9761 = CARTESIAN_POINT('',(8.,0.));
#9762 = VECTOR('',#9763,1.);
#9763 = DIRECTION('',(0.,1.));
#9764 = ( GEOMETRIC_REPRESENTATION_CONTEXT(2) 
PARAMETRIC_REPRESENTATION_CONTEXT() REPRESENTATION_CONTEXT('2D SPACE',''
  ) );
#9765 = PCURVE('',#9615,#9766);
#9766 = DEFINITIONAL_REPRESENTATION('',(#9767),#9771);
#9767 = LINE('',#9768,#9769);
#9768 = CARTESIAN_POINT('',(0.,0.));
#9769 = VECTOR('',#9770,1.);
#9770 = DIRECTION('',(1.,0.));
#9771 = ( GEOMETRIC_REPRESENTATION_CONTEXT(2) 
PARAMETRIC_REPRESENTATION_CONTEXT() REPRESENTATION_CONTEXT('2D SPACE',''
  ) );
#9772 = ORIENTED_EDGE('',*,*,#9630,.F.);
#9773 = ADVANCED_FACE('',(#9774),#9589,.T.);
#9774 = FACE_BOUND('',#9775,.T.);
#9775 = EDGE_LOOP('',(#9776,#9797,#9798,#9819));
#9776 = ORIENTED_EDGE('',*,*,#9777,.F.);
#9777 = EDGE_CURVE('',#9546,#9661,#9778,.T.);
#9778 = SURFACE_CURVE('',#9779,(#9783,#9790),.PCURVE_S1.);
#9779 = LINE('',#9780,#9781);
#9780 = CARTESIAN_POINT('',(760.,64.,1.73015E+03));
#9781 = VECTOR('',#9782,1.);
#9782 = DIRECTION('',(1.,0.,-0.));
#9783 = PCURVE('',#9589,#9784);
#9784 = DEFINITIONAL_REPRESENTATION('',(#9785),#9789);
#9785 = LINE('',#9786,#9787);
#9786 = CARTESIAN_POINT('',(0.,0.));
#9787 = VECTOR('',#9788,1.);
#9788 = DIRECTION('',(0.,1.));
#9789 = ( GEOMETRIC_REPRESENTATION_CONTEXT(2) 
PARAMETRIC_REPRESENTATION_CONTEXT() REPRESENTATION_CONTEXT('2D SPACE',''
  ) );
#9790 = PCURVE('',#9561,#9791);
#9791 = DEFINITIONAL_REPRESENTATION('',(#9792),#9796);
#9792 = LINE('',#9793,#9794);
#9793 = CARTESIAN_POINT('',(0.,8.));
#9794 = VECTOR('',#9795,1.);
#9795 = DIRECTION('',(1.,0.));
#9796 = ( GEOMETRIC_REPRESENTATION_CONTEXT(2) 
PARAMETRIC_REPRESENTATION_CONTEXT() REPRESENTATION_CONTEXT('2D SPACE',''
  ) );
#9797 = ORIENTED_EDGE('',*,*,#9573,.T.);
#9798 = ORIENTED_EDGE('',*,*,#9799,.T.);
#9799 = EDGE_CURVE('',#9574,#9684,#9800,.T.);
#9800 = SURFACE_CURVE('',#9801,(#9805,#9812),.PCURVE_S1.);
#9801 = LINE('',#9802,#9803);
#9802 = CARTESIAN_POINT('',(760.,64.,1.73815E+03));
#9803 = VECTOR('',#9804,1.);
#9804 = DIRECTION('',(1.,0.,-0.));
#9805 = PCURVE('',#9589,#9806);
#9806 = DEFINITIONAL_REPRESENTATION('',(#9807),#9811);
#9807 = LINE('',#9808,#9809);
#9808 = CARTESIAN_POINT('',(8.,0.));
#9809 = VECTOR('',#9810,1.);
#9810 = DIRECTION('',(0.,1.));
#9811 = ( GEOMETRIC_REPRESENTATION_CONTEXT(2) 
PARAMETRIC_REPRESENTATION_CONTEXT() REPRESENTATION_CONTEXT('2D SPACE',''
  ) );
#9812 = PCURVE('',#9615,#9813);
#9813 = DEFINITIONAL_REPRESENTATION('',(#9814),#9818);
#9814 = LINE('',#9815,#9816);
#9815 = CARTESIAN_POINT('',(0.,8.));
#9816 = VECTOR('',#9817,1.);
#9817 = DIRECTION('',(1.,0.));
#9818 = ( GEOMETRIC_REPRESENTATION_CONTEXT(2) 
PARAMETRIC_REPRESENTATION_CONTEXT() REPRESENTATION_CONTEXT('2D SPACE',''
  ) );
#9819 = ORIENTED_EDGE('',*,*,#9683,.F.);
#9820 = ADVANCED_FACE('',(#9821),#9561,.F.);
#9821 = FACE_BOUND('',#9822,.F.);
#9822 = EDGE_LOOP('',(#9823,#9824,#9825,#9826));
#9823 = ORIENTED_EDGE('',*,*,#9545,.F.);
#9824 = ORIENTED_EDGE('',*,*,#9730,.T.);
#9825 = ORIENTED_EDGE('',*,*,#9660,.T.);
#9826 = ORIENTED_EDGE('',*,*,#9777,.F.);
#9827 = ADVANCED_FACE('',(#9828),#9615,.T.);
#9828 = FACE_BOUND('',#9829,.T.);
#9829 = EDGE_LOOP('',(#9830,#9831,#9832,#9833));
#9830 = ORIENTED_EDGE('',*,*,#9601,.F.);
#9831 = ORIENTED_EDGE('',*,*,#9752,.T.);
#9832 = ORIENTED_EDGE('',*,*,#9706,.T.);
#9833 = ORIENTED_EDGE('',*,*,#9799,.F.);
#9834 = ( GEOMETRIC_REPRESENTATION_CONTEXT(3) 
GLOBAL_UNCERTAINTY_ASSIGNED_CONTEXT((#9838)) 
GLOBAL_UNIT_ASSIGNED_CONTEXT((#9835,#9836,#9837)) REPRESENTATION_CONTEXT
('Context #1','3D Context with UNIT and UNCERTAINTY') );
#9835 = ( LENGTH_UNIT() NAMED_UNIT(*) SI_UNIT(.MILLI.,.METRE.) );
#9836 = ( NAMED_UNIT(*) PLANE_ANGLE_UNIT() SI_UNIT($,.RADIAN.) );
#9837 = ( NAMED_UNIT(*) SI_UNIT($,.STERADIAN.) SOLID_ANGLE_UNIT() );
#9838 = UNCERTAINTY_MEASURE_WITH_UNIT(LENGTH_MEASURE(1.E-07),#9835,
  'distance_accuracy_value','confusion accuracy');
#9839 = CONTEXT_DEPENDENT_SHAPE_REPRESENTATION(#9840,#9842);
#9840 = ( REPRESENTATION_RELATIONSHIP('','',#9225,#10) 
REPRESENTATION_RELATIONSHIP_WITH_TRANSFORMATION(#9841) 
SHAPE_REPRESENTATION_RELATIONSHIP() );
#9841 = ITEM_DEFINED_TRANSFORMATION('','',#11,#39);
#9842 = PRODUCT_DEFINITION_SHAPE('Placement','Placement of an item',
  #9843);
#9843 = NEXT_ASSEMBLY_USAGE_OCCURRENCE('23','=>[0:1:1:8]','',#5,#9220,$
  );
#9844 = PRODUCT_RELATED_PRODUCT_CATEGORY('part',$,(#9222));
#9845 = SHAPE_DEFINITION_REPRESENTATION(#9846,#9852);
#9846 = PRODUCT_DEFINITION_SHAPE('','',#9847);
#9847 = PRODUCT_DEFINITION('design','',#9848,#9851);
#9848 = PRODUCT_DEFINITION_FORMATION('','',#9849);
#9849 = PRODUCT('COMPOUND','COMPOUND','',(#9850));
#9850 = PRODUCT_CONTEXT('',#2,'mechanical');
#9851 = PRODUCT_DEFINITION_CONTEXT('part definition',#2,'design');
#9852 = ADVANCED_BREP_SHAPE_REPRESENTATION('',(#11,#9853),#10515);
#9853 = MANIFOLD_SOLID_BREP('',#9854);
#9854 = CLOSED_SHELL('',(#9855,#10042,#10046,#10445,#10452,#10456,#10511
    ));
#9855 = ADVANCED_FACE('',(#9856),#9869,.T.);
#9856 = FACE_BOUND('',#9857,.T.);
#9857 = EDGE_LOOP('',(#9858,#9892,#9915,#9956,#9984,#10007,#10041));
#9858 = ORIENTED_EDGE('',*,*,#9859,.T.);
#9859 = EDGE_CURVE('',#9860,#9860,#9862,.T.);
#9860 = VERTEX_POINT('',#9861);
#9861 = CARTESIAN_POINT('',(765.,60.,1.6635E+03));
#9862 = SURFACE_CURVE('',#9863,(#9868,#9880),.PCURVE_S1.);
#9863 = CIRCLE('',#9864,13.35);
#9864 = AXIS2_PLACEMENT_3D('',#9865,#9866,#9867);
#9865 = CARTESIAN_POINT('',(765.,60.,1.65015E+03));
#9866 = DIRECTION('',(1.,0.,-0.));
#9867 = DIRECTION('',(0.,0.,1.));
#9868 = PCURVE('',#9869,#9874);
#9869 = CYLINDRICAL_SURFACE('',#9870,13.35);
#9870 = AXIS2_PLACEMENT_3D('',#9871,#9872,#9873);
#9871 = CARTESIAN_POINT('',(765.,60.,1.65015E+03));
#9872 = DIRECTION('',(1.,0.,0.));
#9873 = DIRECTION('',(0.,0.,1.));
#9874 = DEFINITIONAL_REPRESENTATION('',(#9875),#9879);
#9875 = LINE('',#9876,#9877);
#9876 = CARTESIAN_POINT('',(0.,0.));
#9877 = VECTOR('',#9878,1.);
#9878 = DIRECTION('',(1.,0.));
#9879 = ( GEOMETRIC_REPRESENTATION_CONTEXT(2) 
PARAMETRIC_REPRESENTATION_CONTEXT() REPRESENTATION_CONTEXT('2D SPACE',''
  ) );
#9880 = PCURVE('',#9881,#9886);
#9881 = PLANE('',#9882);
#9882 = AXIS2_PLACEMENT_3D('',#9883,#9884,#9885);
#9883 = CARTESIAN_POINT('',(765.,60.,1.65015E+03));
#9884 = DIRECTION('',(1.,0.,0.));
#9885 = DIRECTION('',(0.,0.,1.));
#9886 = DEFINITIONAL_REPRESENTATION('',(#9887),#9891);
#9887 = CIRCLE('',#9888,13.35);
#9888 = AXIS2_PLACEMENT_2D('',#9889,#9890);
#9889 = CARTESIAN_POINT('',(0.,0.));
#9890 = DIRECTION('',(1.,0.));
#9891 = ( GEOMETRIC_REPRESENTATION_CONTEXT(2) 
PARAMETRIC_REPRESENTATION_CONTEXT() REPRESENTATION_CONTEXT('2D SPACE',''
  ) );
#9892 = ORIENTED_EDGE('',*,*,#9893,.T.);
#9893 = EDGE_CURVE('',#9860,#9894,#9896,.T.);
#9894 = VERTEX_POINT('',#9895);
#9895 = CARTESIAN_POINT('',(796.64999999999,60.,1.6635E+03));
#9896 = SEAM_CURVE('',#9897,(#9901,#9908),.PCURVE_S1.);
#9897 = LINE('',#9898,#9899);
#9898 = CARTESIAN_POINT('',(765.,60.,1.6635E+03));
#9899 = VECTOR('',#9900,1.);
#9900 = DIRECTION('',(1.,0.,0.));
#9901 = PCURVE('',#9869,#9902);
#9902 = DEFINITIONAL_REPRESENTATION('',(#9903),#9907);
#9903 = LINE('',#9904,#9905);
#9904 = CARTESIAN_POINT('',(0.,-0.));
#9905 = VECTOR('',#9906,1.);
#9906 = DIRECTION('',(0.,1.));
#9907 = ( GEOMETRIC_REPRESENTATION_CONTEXT(2) 
PARAMETRIC_REPRESENTATION_CONTEXT() REPRESENTATION_CONTEXT('2D SPACE',''
  ) );
#9908 = PCURVE('',#9869,#9909);
#9909 = DEFINITIONAL_REPRESENTATION('',(#9910),#9914);
#9910 = LINE('',#9911,#9912);
#9911 = CARTESIAN_POINT('',(6.28318530718,-0.));
#9912 = VECTOR('',#9913,1.);
#9913 = DIRECTION('',(0.,1.));
#9914 = ( GEOMETRIC_REPRESENTATION_CONTEXT(2) 
PARAMETRIC_REPRESENTATION_CONTEXT() REPRESENTATION_CONTEXT('2D SPACE',''
  ) );
#9915 = ORIENTED_EDGE('',*,*,#9916,.F.);
#9916 = EDGE_CURVE('',#9917,#9894,#9919,.T.);
#9917 = VERTEX_POINT('',#9918);
#9918 = CARTESIAN_POINT('',(810.,73.35,1.65015E+03));
#9919 = SURFACE_CURVE('',#9920,(#9925,#9938),.PCURVE_S1.);
#9920 = ELLIPSE('',#9921,18.879751057681,13.35);
#9921 = AXIS2_PLACEMENT_3D('',#9922,#9923,#9924);
#9922 = CARTESIAN_POINT('',(810.,60.,1.65015E+03));
#9923 = DIRECTION('',(0.707106781187,0.,0.707106781187));
#9924 = DIRECTION('',(0.707106781187,0.,-0.707106781187));
#9925 = PCURVE('',#9869,#9926);
#9926 = DEFINITIONAL_REPRESENTATION('',(#9927),#9937);
#9927 = B_SPLINE_CURVE_WITH_KNOTS('',8,(#9928,#9929,#9930,#9931,#9932,
    #9933,#9934,#9935,#9936),.UNSPECIFIED.,.F.,.F.,(9,9),(1.570796147525
    ,3.14159265359),.PIECEWISE_BEZIER_KNOTS.);
#9928 = CARTESIAN_POINT('',(4.712388801115,45.000002393248));
#9929 = CARTESIAN_POINT('',(4.908738364373,42.378735723753));
#9930 = CARTESIAN_POINT('',(5.105087927632,39.757468326487));
#9931 = CARTESIAN_POINT('',(5.301437490891,37.290199194787));
#9932 = CARTESIAN_POINT('',(5.497787054146,35.130896463437));
#9933 = CARTESIAN_POINT('',(5.694136617408,33.414629483916));
#9934 = CARTESIAN_POINT('',(5.890486180664,32.238211493692));
#9935 = CARTESIAN_POINT('',(6.086835743922,31.65));
#9936 = CARTESIAN_POINT('',(6.28318530718,31.65));
#9937 = ( GEOMETRIC_REPRESENTATION_CONTEXT(2) 
PARAMETRIC_REPRESENTATION_CONTEXT() REPRESENTATION_CONTEXT('2D SPACE',''
  ) );
#9938 = PCURVE('',#9939,#9944);
#9939 = CYLINDRICAL_SURFACE('',#9940,13.35);
#9940 = AXIS2_PLACEMENT_3D('',#9941,#9942,#9943);
#9941 = CARTESIAN_POINT('',(810.,60.,1.65015E+03));
#9942 = DIRECTION('',(0.,0.,1.));
#9943 = DIRECTION('',(1.,0.,0.));
#9944 = DEFINITIONAL_REPRESENTATION('',(#9945),#9955);
#9945 = B_SPLINE_CURVE_WITH_KNOTS('',8,(#9946,#9947,#9948,#9949,#9950,
    #9951,#9952,#9953,#9954),.UNSPECIFIED.,.F.,.F.,(9,9),(1.570796147525
    ,3.14159265359),.PIECEWISE_BEZIER_KNOTS.);
#9946 = CARTESIAN_POINT('',(1.570796147525,-2.39324776885E-06));
#9947 = CARTESIAN_POINT('',(1.767145710783,2.621264276247));
#9948 = CARTESIAN_POINT('',(1.96349527404,5.24253167355));
#9949 = CARTESIAN_POINT('',(2.159844837302,7.709800805023));
#9950 = CARTESIAN_POINT('',(2.356194400547,9.869103536657));
#9951 = CARTESIAN_POINT('',(2.552543963817,11.585370515881));
#9952 = CARTESIAN_POINT('',(2.748893527074,12.76178850631));
#9953 = CARTESIAN_POINT('',(2.945243090332,13.35));
#9954 = CARTESIAN_POINT('',(3.14159265359,13.35));
#9955 = ( GEOMETRIC_REPRESENTATION_CONTEXT(2) 
PARAMETRIC_REPRESENTATION_CONTEXT() REPRESENTATION_CONTEXT('2D SPACE',''
  ) );
#9956 = ORIENTED_EDGE('',*,*,#9957,.F.);
#9957 = EDGE_CURVE('',#9958,#9917,#9960,.T.);
#9958 = VERTEX_POINT('',#9959);
#9959 = CARTESIAN_POINT('',(810.,60.,1.6368E+03));
#9960 = SURFACE_CURVE('',#9961,(#9966,#9973),.PCURVE_S1.);
#9961 = CIRCLE('',#9962,13.35);
#9962 = AXIS2_PLACEMENT_3D('',#9963,#9964,#9965);
#9963 = CARTESIAN_POINT('',(810.,60.,1.65015E+03));
#9964 = DIRECTION('',(1.,0.,-0.));
#9965 = DIRECTION('',(0.,0.,1.));
#9966 = PCURVE('',#9869,#9967);
#9967 = DEFINITIONAL_REPRESENTATION('',(#9968),#9972);
#9968 = LINE('',#9969,#9970);
#9969 = CARTESIAN_POINT('',(0.,45.));
#9970 = VECTOR('',#9971,1.);
#9971 = DIRECTION('',(1.,0.));
#9972 = ( GEOMETRIC_REPRESENTATION_CONTEXT(2) 
PARAMETRIC_REPRESENTATION_CONTEXT() REPRESENTATION_CONTEXT('2D SPACE',''
  ) );
#9973 = PCURVE('',#9974,#9979);
#9974 = SPHERICAL_SURFACE('',#9975,13.35);
#9975 = AXIS2_PLACEMENT_3D('',#9976,#9977,#9978);
#9976 = CARTESIAN_POINT('',(810.,60.,1.65015E+03));
#9977 = DIRECTION('',(0.,0.,1.));
#9978 = DIRECTION('',(1.,0.,-0.));
#9979 = DEFINITIONAL_REPRESENTATION('',(#9980),#9983);
#9980 = B_SPLINE_CURVE_WITH_KNOTS('',1,(#9981,#9982),.UNSPECIFIED.,.F.,
  .F.,(2,2),(3.14159265359,6.28318530718),.PIECEWISE_BEZIER_KNOTS.);
#9981 = CARTESIAN_POINT('',(7.853981633974,-1.570796326795));
#9982 = CARTESIAN_POINT('',(7.853981633974,1.570796326795));
#9983 = ( GEOMETRIC_REPRESENTATION_CONTEXT(2) 
PARAMETRIC_REPRESENTATION_CONTEXT() REPRESENTATION_CONTEXT('2D SPACE',''
  ) );
#9984 = ORIENTED_EDGE('',*,*,#9985,.F.);
#9985 = EDGE_CURVE('',#9986,#9958,#9988,.T.);
#9986 = VERTEX_POINT('',#9987);
#9987 = CARTESIAN_POINT('',(810.,46.65,1.65015E+03));
#9988 = SURFACE_CURVE('',#9989,(#9994,#10001),.PCURVE_S1.);
#9989 = CIRCLE('',#9990,13.35);
#9990 = AXIS2_PLACEMENT_3D('',#9991,#9992,#9993);
#9991 = CARTESIAN_POINT('',(810.,60.,1.65015E+03));
#9992 = DIRECTION('',(1.,0.,-0.));
#9993 = DIRECTION('',(0.,0.,1.));
#9994 = PCURVE('',#9869,#9995);
#9995 = DEFINITIONAL_REPRESENTATION('',(#9996),#10000);
#9996 = LINE('',#9997,#9998);
#9997 = CARTESIAN_POINT('',(0.,45.));
#9998 = VECTOR('',#9999,1.);
#9999 = DIRECTION('',(1.,0.));
#10000 = ( GEOMETRIC_REPRESENTATION_CONTEXT(2) 
PARAMETRIC_REPRESENTATION_CONTEXT() REPRESENTATION_CONTEXT('2D SPACE',''
  ) );
#10001 = PCURVE('',#9974,#10002);
#10002 = DEFINITIONAL_REPRESENTATION('',(#10003),#10006);
#10003 = B_SPLINE_CURVE_WITH_KNOTS('',1,(#10004,#10005),.UNSPECIFIED.,
  .F.,.F.,(2,2),(0.,3.14159265359),.PIECEWISE_BEZIER_KNOTS.);
#10004 = CARTESIAN_POINT('',(4.712388980385,1.570796326795));
#10005 = CARTESIAN_POINT('',(4.712388980385,-1.570796326795));
#10006 = ( GEOMETRIC_REPRESENTATION_CONTEXT(2) 
PARAMETRIC_REPRESENTATION_CONTEXT() REPRESENTATION_CONTEXT('2D SPACE',''
  ) );
#10007 = ORIENTED_EDGE('',*,*,#10008,.F.);
#10008 = EDGE_CURVE('',#9894,#9986,#10009,.T.);
#10009 = SURFACE_CURVE('',#10010,(#10015,#10028),.PCURVE_S1.);
#10010 = ELLIPSE('',#10011,18.879751057681,13.35);
#10011 = AXIS2_PLACEMENT_3D('',#10012,#10013,#10014);
#10012 = CARTESIAN_POINT('',(810.,60.,1.65015E+03));
#10013 = DIRECTION('',(0.707106781187,0.,0.707106781187));
#10014 = DIRECTION('',(0.707106781187,0.,-0.707106781187));
#10015 = PCURVE('',#9869,#10016);
#10016 = DEFINITIONAL_REPRESENTATION('',(#10017),#10027);
#10017 = B_SPLINE_CURVE_WITH_KNOTS('',8,(#10018,#10019,#10020,#10021,
    #10022,#10023,#10024,#10025,#10026),.UNSPECIFIED.,.F.,.F.,(9,9),(
    3.14159265359,4.712388980468),.PIECEWISE_BEZIER_KNOTS.);
#10018 = CARTESIAN_POINT('',(0.,31.65));
#10019 = CARTESIAN_POINT('',(0.19634954086,31.65));
#10020 = CARTESIAN_POINT('',(0.392699081719,32.238211359439));
#10021 = CARTESIAN_POINT('',(0.589048622579,33.414629081642));
#10022 = CARTESIAN_POINT('',(0.785398163434,35.130895679991));
#10023 = CARTESIAN_POINT('',(0.981747704299,37.290197963535));
#10024 = CARTESIAN_POINT('',(1.178097245158,39.757466637704));
#10025 = CARTESIAN_POINT('',(1.374446786018,42.378733630635));
#10026 = CARTESIAN_POINT('',(1.570796326878,45.000000001113));
#10027 = ( GEOMETRIC_REPRESENTATION_CONTEXT(2) 
PARAMETRIC_REPRESENTATION_CONTEXT() REPRESENTATION_CONTEXT('2D SPACE',''
  ) );
#10028 = PCURVE('',#9939,#10029);
#10029 = DEFINITIONAL_REPRESENTATION('',(#10030),#10040);
#10030 = B_SPLINE_CURVE_WITH_KNOTS('',8,(#10031,#10032,#10033,#10034,
    #10035,#10036,#10037,#10038,#10039),.UNSPECIFIED.,.F.,.F.,(9,9),(
    3.14159265359,4.712388980468),.PIECEWISE_BEZIER_KNOTS.);
#10031 = CARTESIAN_POINT('',(3.14159265359,13.35));
#10032 = CARTESIAN_POINT('',(3.33794219445,13.35));
#10033 = CARTESIAN_POINT('',(3.534291735308,12.761788640504));
#10034 = CARTESIAN_POINT('',(3.730641276161,11.585370918481));
#10035 = CARTESIAN_POINT('',(3.926990817014,9.869104319769));
#10036 = CARTESIAN_POINT('',(4.12334035789,7.709802036632));
#10037 = CARTESIAN_POINT('',(4.319689898746,5.24253336225));
#10038 = CARTESIAN_POINT('',(4.516039439608,2.621266369365));
#10039 = CARTESIAN_POINT('',(4.712388980468,-1.112994141295E-09));
#10040 = ( GEOMETRIC_REPRESENTATION_CONTEXT(2) 
PARAMETRIC_REPRESENTATION_CONTEXT() REPRESENTATION_CONTEXT('2D SPACE',''
  ) );
#10041 = ORIENTED_EDGE('',*,*,#9893,.F.);
#10042 = ADVANCED_FACE('',(#10043),#9881,.F.);
#10043 = FACE_BOUND('',#10044,.T.);
#10044 = EDGE_LOOP('',(#10045));
#10045 = ORIENTED_EDGE('',*,*,#9859,.F.);
#10046 = ADVANCED_FACE('',(#10047,#10148),#9939,.T.);
#10047 = FACE_BOUND('',#10048,.T.);
#10048 = EDGE_LOOP('',(#10049,#10078,#10101,#10123,#10124,#10125,#10147)
  );
#10049 = ORIENTED_EDGE('',*,*,#10050,.F.);
#10050 = EDGE_CURVE('',#10051,#10051,#10053,.T.);
#10051 = VERTEX_POINT('',#10052);
#10052 = CARTESIAN_POINT('',(823.35,60.,2.3E+03));
#10053 = SURFACE_CURVE('',#10054,(#10059,#10066),.PCURVE_S1.);
#10054 = CIRCLE('',#10055,13.35);
#10055 = AXIS2_PLACEMENT_3D('',#10056,#10057,#10058);
#10056 = CARTESIAN_POINT('',(810.,60.,2.3E+03));
#10057 = DIRECTION('',(0.,0.,1.));
#10058 = DIRECTION('',(1.,0.,0.));
#10059 = PCURVE('',#9939,#10060);
#10060 = DEFINITIONAL_REPRESENTATION('',(#10061),#10065);
#10061 = LINE('',#10062,#10063);
#10062 = CARTESIAN_POINT('',(0.,649.85));
#10063 = VECTOR('',#10064,1.);
#10064 = DIRECTION('',(1.,0.));
#10065 = ( GEOMETRIC_REPRESENTATION_CONTEXT(2) 
PARAMETRIC_REPRESENTATION_CONTEXT() REPRESENTATION_CONTEXT('2D SPACE',''
  ) );
#10066 = PCURVE('',#10067,#10072);
#10067 = PLANE('',#10068);
#10068 = AXIS2_PLACEMENT_3D('',#10069,#10070,#10071);
#10069 = CARTESIAN_POINT('',(810.,60.,2.3E+03));
#10070 = DIRECTION('',(0.,0.,1.));
#10071 = DIRECTION('',(1.,0.,0.));
#10072 = DEFINITIONAL_REPRESENTATION('',(#10073),#10077);
#10073 = CIRCLE('',#10074,13.35);
#10074 = AXIS2_PLACEMENT_2D('',#10075,#10076);
#10075 = CARTESIAN_POINT('',(0.,0.));
#10076 = DIRECTION('',(1.,0.));
#10077 = ( GEOMETRIC_REPRESENTATION_CONTEXT(2) 
PARAMETRIC_REPRESENTATION_CONTEXT() REPRESENTATION_CONTEXT('2D SPACE',''
  ) );
#10078 = ORIENTED_EDGE('',*,*,#10079,.F.);
#10079 = EDGE_CURVE('',#10080,#10051,#10082,.T.);
#10080 = VERTEX_POINT('',#10081);
#10081 = CARTESIAN_POINT('',(823.35,60.,1.65015E+03));
#10082 = SEAM_CURVE('',#10083,(#10087,#10094),.PCURVE_S1.);
#10083 = LINE('',#10084,#10085);
#10084 = CARTESIAN_POINT('',(823.35,60.,1.65015E+03));
#10085 = VECTOR('',#10086,1.);
#10086 = DIRECTION('',(0.,0.,1.));
#10087 = PCURVE('',#9939,#10088);
#10088 = DEFINITIONAL_REPRESENTATION('',(#10089),#10093);
#10089 = LINE('',#10090,#10091);
#10090 = CARTESIAN_POINT('',(6.28318530718,-0.));
#10091 = VECTOR('',#10092,1.);
#10092 = DIRECTION('',(0.,1.));
#10093 = ( GEOMETRIC_REPRESENTATION_CONTEXT(2) 
PARAMETRIC_REPRESENTATION_CONTEXT() REPRESENTATION_CONTEXT('2D SPACE',''
  ) );
#10094 = PCURVE('',#9939,#10095);
#10095 = DEFINITIONAL_REPRESENTATION('',(#10096),#10100);
#10096 = LINE('',#10097,#10098);
#10097 = CARTESIAN_POINT('',(0.,-0.));
#10098 = VECTOR('',#10099,1.);
#10099 = DIRECTION('',(0.,1.));
#10100 = ( GEOMETRIC_REPRESENTATION_CONTEXT(2) 
PARAMETRIC_REPRESENTATION_CONTEXT() REPRESENTATION_CONTEXT('2D SPACE',''
  ) );
#10101 = ORIENTED_EDGE('',*,*,#10102,.T.);
#10102 = EDGE_CURVE('',#10080,#9917,#10103,.T.);
#10103 = SURFACE_CURVE('',#10104,(#10109,#10116),.PCURVE_S1.);
#10104 = CIRCLE('',#10105,13.35);
#10105 = AXIS2_PLACEMENT_3D('',#10106,#10107,#10108);
#10106 = CARTESIAN_POINT('',(810.,60.,1.65015E+03));
#10107 = DIRECTION('',(0.,0.,1.));
#10108 = DIRECTION('',(1.,0.,0.));
#10109 = PCURVE('',#9939,#10110);
#10110 = DEFINITIONAL_REPRESENTATION('',(#10111),#10115);
#10111 = LINE('',#10112,#10113);
#10112 = CARTESIAN_POINT('',(0.,0.));
#10113 = VECTOR('',#10114,1.);
#10114 = DIRECTION('',(1.,0.));
#10115 = ( GEOMETRIC_REPRESENTATION_CONTEXT(2) 
PARAMETRIC_REPRESENTATION_CONTEXT() REPRESENTATION_CONTEXT('2D SPACE',''
  ) );
#10116 = PCURVE('',#9974,#10117);
#10117 = DEFINITIONAL_REPRESENTATION('',(#10118),#10122);
#10118 = LINE('',#10119,#10120);
#10119 = CARTESIAN_POINT('',(6.28318530718,0.));
#10120 = VECTOR('',#10121,1.);
#10121 = DIRECTION('',(1.,0.));
#10122 = ( GEOMETRIC_REPRESENTATION_CONTEXT(2) 
PARAMETRIC_REPRESENTATION_CONTEXT() REPRESENTATION_CONTEXT('2D SPACE',''
  ) );
#10123 = ORIENTED_EDGE('',*,*,#9916,.T.);
#10124 = ORIENTED_EDGE('',*,*,#10008,.T.);
#10125 = ORIENTED_EDGE('',*,*,#10126,.T.);
#10126 = EDGE_CURVE('',#9986,#10080,#10127,.T.);
#10127 = SURFACE_CURVE('',#10128,(#10133,#10140),.PCURVE_S1.);
#10128 = CIRCLE('',#10129,13.35);
#10129 = AXIS2_PLACEMENT_3D('',#10130,#10131,#10132);
#10130 = CARTESIAN_POINT('',(810.,60.,1.65015E+03));
#10131 = DIRECTION('',(0.,0.,1.));
#10132 = DIRECTION('',(1.,0.,0.));
#10133 = PCURVE('',#9939,#10134);
#10134 = DEFINITIONAL_REPRESENTATION('',(#10135),#10139);
#10135 = LINE('',#10136,#10137);
#10136 = CARTESIAN_POINT('',(0.,0.));
#10137 = VECTOR('',#10138,1.);
#10138 = DIRECTION('',(1.,0.));
#10139 = ( GEOMETRIC_REPRESENTATION_CONTEXT(2) 
PARAMETRIC_REPRESENTATION_CONTEXT() REPRESENTATION_CONTEXT('2D SPACE',''
  ) );
#10140 = PCURVE('',#9974,#10141);
#10141 = DEFINITIONAL_REPRESENTATION('',(#10142),#10146);
#10142 = LINE('',#10143,#10144);
#10143 = CARTESIAN_POINT('',(0.,0.));
#10144 = VECTOR('',#10145,1.);
#10145 = DIRECTION('',(1.,0.));
#10146 = ( GEOMETRIC_REPRESENTATION_CONTEXT(2) 
PARAMETRIC_REPRESENTATION_CONTEXT() REPRESENTATION_CONTEXT('2D SPACE',''
  ) );
#10147 = ORIENTED_EDGE('',*,*,#10079,.T.);
#10148 = FACE_BOUND('',#10149,.T.);
#10149 = EDGE_LOOP('',(#10150));
#10150 = ORIENTED_EDGE('',*,*,#10151,.F.);
#10151 = EDGE_CURVE('',#10152,#10152,#10154,.T.);
#10152 = VERTEX_POINT('',#10153);
#10153 = CARTESIAN_POINT('',(800.92799625623,50.206060645828,2.2E+03));
#10154 = SURFACE_CURVE('',#10155,(#10248,#10344),.PCURVE_S1.);
#10155 = B_SPLINE_CURVE_WITH_KNOTS('',6,(#10156,#10157,#10158,#10159,
    #10160,#10161,#10162,#10163,#10164,#10165,#10166,#10167,#10168,
    #10169,#10170,#10171,#10172,#10173,#10174,#10175,#10176,#10177,
    #10178,#10179,#10180,#10181,#10182,#10183,#10184,#10185,#10186,
    #10187,#10188,#10189,#10190,#10191,#10192,#10193,#10194,#10195,
    #10196,#10197,#10198,#10199,#10200,#10201,#10202,#10203,#10204,
    #10205,#10206,#10207,#10208,#10209,#10210,#10211,#10212,#10213,
    #10214,#10215,#10216,#10217,#10218,#10219,#10220,#10221,#10222,
    #10223,#10224,#10225,#10226,#10227,#10228,#10229,#10230,#10231,
    #10232,#10233,#10234,#10235,#10236,#10237,#10238,#10239,#10240,
    #10241,#10242,#10243,#10244,#10245,#10246,#10247),.UNSPECIFIED.,.T.,
  .F.,(7,5,5,5,5,5,5,5,5,5,5,5,5,5,5,5,5,5,7),(0.,6.404469111958E-02,
    0.122014059974,0.161691049063,0.211634616992,0.248791701137,
    0.309345624932,0.360104194996,0.434587166879,0.498743716618,
    0.56311105193,0.621372458725,0.661249331341,0.711444504624,
    0.748788778421,0.80964776021,0.860662041348,0.935520242928,1.),
  .UNSPECIFIED.);
#10156 = CARTESIAN_POINT('',(800.92799625623,50.206060645834,2.2E+03));
#10157 = CARTESIAN_POINT('',(800.92799625623,50.206060645834,
    2.19964464933E+03));
#10158 = CARTESIAN_POINT('',(800.94873663853,50.186849095059,
    2.199289463983E+03));
#10159 = CARTESIAN_POINT('',(800.99018147155,50.148459239855,
    2.198935983944E+03));
#10160 = CARTESIAN_POINT('',(801.05248864315,50.091356951056,
    2.1985857676E+03));
#10161 = CARTESIAN_POINT('',(801.13599339512,50.016448862405,
    2.19824047265E+03));
#10162 = CARTESIAN_POINT('',(801.3362841708,49.842321758442,
    2.197595512346E+03));
#10163 = CARTESIAN_POINT('',(801.44915671223,49.746086867132,
    2.197294641198E+03));
#10164 = CARTESIAN_POINT('',(801.58020689346,49.63719620054,
    2.197000204229E+03));
#10165 = CARTESIAN_POINT('',(801.73014133099,49.516631559822,
    2.196713271352E+03));
#10166 = CARTESIAN_POINT('',(801.8998653261,49.385562608376,
    2.196435210928E+03));
#10167 = CARTESIAN_POINT('',(802.22087664241,49.149472057788,
    2.195984771928E+03));
#10168 = CARTESIAN_POINT('',(802.36112104563,49.049253549078,
    2.195806677736E+03));
#10169 = CARTESIAN_POINT('',(802.51157995073,48.945154668127,
    2.195634013961E+03));
#10170 = CARTESIAN_POINT('',(802.67270993999,48.837638819934,
    2.195467407176E+03));
#10171 = CARTESIAN_POINT('',(802.84499339302,48.727250140325,
    2.195307641101E+03));
#10172 = CARTESIAN_POINT('',(803.26042809609,48.47288578229,
    2.194964405822E+03));
#10173 = CARTESIAN_POINT('',(803.51095068916,48.327261571574,
    2.194785030281E+03));
#10174 = CARTESIAN_POINT('',(803.78091310822,48.179458202414,
    2.194620184009E+03));
#10175 = CARTESIAN_POINT('',(804.07055900195,48.031431722638,
    2.194472627231E+03));
#10176 = CARTESIAN_POINT('',(804.37987331339,47.885348337697,
    2.194345304286E+03));
#10177 = CARTESIAN_POINT('',(804.95295614389,47.637930689555,
    2.194164131412E+03));
#10178 = CARTESIAN_POINT('',(805.20809346649,47.534722505186,
    2.194099822095E+03));
#10179 = CARTESIAN_POINT('',(805.47216466208,47.435466055214,
    2.194050304657E+03));
#10180 = CARTESIAN_POINT('',(805.74322319301,47.341554130209,
    2.194016806142E+03));
#10181 = CARTESIAN_POINT('',(806.01913634064,47.25404946478,2.194E+03));
#10182 = CARTESIAN_POINT('',(806.75152561853,47.042643575438,2.194E+03)
  );
#10183 = CARTESIAN_POINT('',(807.20670524172,46.93213427341,
    2.194044634707E+03));
#10184 = CARTESIAN_POINT('',(807.65543557614,46.843630250946,
    2.194132329008E+03));
#10185 = CARTESIAN_POINT('',(808.08970960515,46.776638558861,
    2.194259082675E+03));
#10186 = CARTESIAN_POINT('',(808.50181768522,46.72875718906,
    2.194418495747E+03));
#10187 = CARTESIAN_POINT('',(809.20637894766,46.669710742595,
    2.194754738022E+03));
#10188 = CARTESIAN_POINT('',(809.51021835504,46.653623445921,
    2.194925922014E+03));
#10189 = CARTESIAN_POINT('',(809.79623020946,46.646412045367,
    2.195112122508E+03));
#10190 = CARTESIAN_POINT('',(810.06433619805,46.646284780914,
    2.195311035356E+03));
#10191 = CARTESIAN_POINT('',(810.31465399115,46.651676286001,
    2.195520801801E+03));
#10192 = CARTESIAN_POINT('',(810.88888410566,46.675240874187,
    2.196061505103E+03));
#10193 = CARTESIAN_POINT('',(811.19313420249,46.698236037717,
    2.196403837421E+03));
#10194 = CARTESIAN_POINT('',(811.46051227242,46.725977540569,
    2.196762417259E+03));
#10195 = CARTESIAN_POINT('',(811.69152183727,46.755107016015,
    2.197134107834E+03));
#10196 = CARTESIAN_POINT('',(811.88649058912,46.782985477035,
    2.197516718396E+03));
#10197 = CARTESIAN_POINT('',(812.18205192096,46.828807722689,
    2.198246121033E+03));
#10198 = CARTESIAN_POINT('',(812.29191097139,46.847582184075,
    2.198590349818E+03));
#10199 = CARTESIAN_POINT('',(812.37452185397,46.862601563815,
    2.198939452937E+03));
#10200 = CARTESIAN_POINT('',(812.42968709577,46.872932188637,
    2.199291788678E+03));
#10201 = CARTESIAN_POINT('',(812.4572933133,46.878101906646,
    2.199645813007E+03));
#10202 = CARTESIAN_POINT('',(812.4572933133,46.878101906646,
    2.20035535067E+03));
#10203 = CARTESIAN_POINT('',(812.42950539878,46.872898163001,
    2.200710536017E+03));
#10204 = CARTESIAN_POINT('',(812.37397769129,46.862499659919,
    2.201064016056E+03));
#10205 = CARTESIAN_POINT('',(812.29082485386,46.847384745187,
    2.2014142324E+03));
#10206 = CARTESIAN_POINT('',(812.18024636083,46.828499242138,
    2.20175952735E+03));
#10207 = CARTESIAN_POINT('',(811.91797218401,46.787892600749,
    2.202404487654E+03));
#10208 = CARTESIAN_POINT('',(811.771178245,46.766611050348,
    2.202705358802E+03));
#10209 = CARTESIAN_POINT('',(811.60225851655,46.744307404402,
    2.202999795772E+03));
#10210 = CARTESIAN_POINT('',(811.41113828153,46.722188997871,
    2.203286728648E+03));
#10211 = CARTESIAN_POINT('',(811.19767481275,46.701728010043,
    2.203564789071E+03));
#10212 = CARTESIAN_POINT('',(810.80022927066,46.673021724707,
    2.204015228067E+03));
#10213 = CARTESIAN_POINT('',(810.62815101738,46.662955881912,
    2.204193322271E+03));
#10214 = CARTESIAN_POINT('',(810.44536165357,46.655049900855,
    2.20436598604E+03));
#10215 = CARTESIAN_POINT('',(810.25172175871,46.649939217602,
    2.204532592817E+03));
#10216 = CARTESIAN_POINT('',(810.04711310547,46.648341327842,
    2.204692358903E+03));
#10217 = CARTESIAN_POINT('',(809.56003056676,46.654490697846,
    2.205035594178E+03));
#10218 = CARTESIAN_POINT('',(809.27044069946,46.664771220414,
    2.205214969719E+03));
#10219 = CARTESIAN_POINT('',(808.9632400326,46.683567334832,
    2.205379815991E+03));
#10220 = CARTESIAN_POINT('',(808.63926478043,46.712664043481,
    2.205527372769E+03));
#10221 = CARTESIAN_POINT('',(808.29968206146,46.75388631408,
    2.205654695714E+03));
#10222 = CARTESIAN_POINT('',(807.68290333877,46.849925004622,
    2.205835868588E+03));
#10223 = CARTESIAN_POINT('',(807.41201222944,46.898556165503,
    2.205900177905E+03));
#10224 = CARTESIAN_POINT('',(807.13566738068,46.955292079049,
    2.205949695343E+03));
#10225 = CARTESIAN_POINT('',(806.85625812912,47.020273975479,
    2.205983193858E+03));
#10226 = CARTESIAN_POINT('',(806.57615546496,47.093264583142,2.206E+03)
  );
#10227 = CARTESIAN_POINT('',(805.84376618677,47.304670472572,2.206E+03)
  );
#10228 = CARTESIAN_POINT('',(805.39971324392,47.453726767812,
    2.205955365293E+03));
#10229 = CARTESIAN_POINT('',(804.97284421833,47.61796656206,
    2.205867670992E+03));
#10230 = CARTESIAN_POINT('',(804.56967176323,47.79270576923,
    2.205740917325E+03));
#10231 = CARTESIAN_POINT('',(804.1954395583,47.971803373993,
    2.205581504253E+03));
#10232 = CARTESIAN_POINT('',(803.5677905093,48.297302570404,
    2.205245261978E+03));
#10233 = CARTESIAN_POINT('',(803.30211584582,48.445606851072,
    2.205074077986E+03));
#10234 = CARTESIAN_POINT('',(803.05625642708,48.591921345672,
    2.204887877492E+03));
#10235 = CARTESIAN_POINT('',(802.82932368499,48.734688176337,
    2.204688964644E+03));
#10236 = CARTESIAN_POINT('',(802.6203838611,48.872645473863,
    2.204479198199E+03));
#10237 = CARTESIAN_POINT('',(802.1470416139,49.198594290535,
    2.203938494897E+03));
#10238 = CARTESIAN_POINT('',(801.90184659971,49.38018807893,
    2.203596162579E+03));
#10239 = CARTESIAN_POINT('',(801.69038115834,49.546148888672,
    2.203237582741E+03));
#10240 = CARTESIAN_POINT('',(801.51042953748,49.693903277908,
    2.202865892166E+03));
#10241 = CARTESIAN_POINT('',(801.36030812742,49.821392826614,
    2.202483281604E+03));
#10242 = CARTESIAN_POINT('',(801.13462996325,50.017672079955,
    2.201753878967E+03));
#10243 = CARTESIAN_POINT('',(801.05167481208,50.092102814581,
    2.201409650182E+03));
#10244 = CARTESIAN_POINT('',(800.98977531891,50.148835454507,
    2.201060547063E+03));
#10245 = CARTESIAN_POINT('',(800.94860102323,50.186974713635,
    2.200708211322E+03));
#10246 = CARTESIAN_POINT('',(800.92799625623,50.206060645834,
    2.200354186993E+03));
#10247 = CARTESIAN_POINT('',(800.92799625623,50.206060645834,2.2E+03));
#10248 = PCURVE('',#9939,#10249);
#10249 = DEFINITIONAL_REPRESENTATION('',(#10250),#10343);
#10250 = B_SPLINE_CURVE_WITH_KNOTS('',6,(#10251,#10252,#10253,#10254,
    #10255,#10256,#10257,#10258,#10259,#10260,#10261,#10262,#10263,
    #10264,#10265,#10266,#10267,#10268,#10269,#10270,#10271,#10272,
    #10273,#10274,#10275,#10276,#10277,#10278,#10279,#10280,#10281,
    #10282,#10283,#10284,#10285,#10286,#10287,#10288,#10289,#10290,
    #10291,#10292,#10293,#10294,#10295,#10296,#10297,#10298,#10299,
    #10300,#10301,#10302,#10303,#10304,#10305,#10306,#10307,#10308,
    #10309,#10310,#10311,#10312,#10313,#10314,#10315,#10316,#10317,
    #10318,#10319,#10320,#10321,#10322,#10323,#10324,#10325,#10326,
    #10327,#10328,#10329,#10330,#10331,#10332,#10333,#10334,#10335,
    #10336,#10337,#10338,#10339,#10340,#10341,#10342),.UNSPECIFIED.,.T.,
  .F.,(7,5,5,5,5,5,5,5,5,5,5,5,5,5,5,5,5,5,7),(0.,6.404469111958E-02,
    0.122014059974,0.161691049063,0.211634616992,0.248791701137,
    0.309345624932,0.360104194996,0.434587166879,0.498743716618,
    0.56311105193,0.621372458725,0.661249331341,0.711444504624,
    0.748788778421,0.80964776021,0.860662041348,0.935520242928,1.),
  .UNSPECIFIED.);
#10251 = CARTESIAN_POINT('',(3.965238760978,549.85));
#10252 = CARTESIAN_POINT('',(3.965238760978,549.49464933036));
#10253 = CARTESIAN_POINT('',(3.96735643362,549.13946398315));
#10254 = CARTESIAN_POINT('',(3.971588126797,548.78598394432));
#10255 = CARTESIAN_POINT('',(3.977918754717,548.4357675997));
#10256 = CARTESIAN_POINT('',(3.986320703261,548.09047264962));
#10257 = CARTESIAN_POINT('',(4.006200780137,547.44551234556));
#10258 = CARTESIAN_POINT('',(4.017310976105,547.1446411977));
#10259 = CARTESIAN_POINT('',(4.030072412784,546.85020422853));
#10260 = CARTESIAN_POINT('',(4.044480583507,546.56327135218));
#10261 = CARTESIAN_POINT('',(4.060539267764,546.28521092847));
#10262 = CARTESIAN_POINT('',(4.090388022966,545.83477192793));
#10263 = CARTESIAN_POINT('',(4.10329859737,545.65667773646));
#10264 = CARTESIAN_POINT('',(4.117001007564,545.48401396058));
#10265 = CARTESIAN_POINT('',(4.13150744315,545.31740717572));
#10266 = CARTESIAN_POINT('',(4.146831209654,545.15764110051));
#10267 = CARTESIAN_POINT('',(4.183319701023,544.81440582188));
#10268 = CARTESIAN_POINT('',(4.205019814619,544.63503028123));
#10269 = CARTESIAN_POINT('',(4.228062194871,544.47018400856));
#10270 = CARTESIAN_POINT('',(4.252411098535,544.32262723086));
#10271 = CARTESIAN_POINT('',(4.278020209745,544.19530428565));
#10272 = CARTESIAN_POINT('',(4.324777591065,544.01413141181));
#10273 = CARTESIAN_POINT('',(4.345387923279,543.94982209538));
#10274 = CARTESIAN_POINT('',(4.366509578436,543.90030465729));
#10275 = CARTESIAN_POINT('',(4.387986471356,543.8668061418));
#10276 = CARTESIAN_POINT('',(4.409661235547,543.85));
#10277 = CARTESIAN_POINT('',(4.466761632696,543.85));
#10278 = CARTESIAN_POINT('',(4.501815816998,543.89463470661));
#10279 = CARTESIAN_POINT('',(4.536028152766,543.98232900822));
#10280 = CARTESIAN_POINT('',(4.568906296795,544.10908267531));
#10281 = CARTESIAN_POINT('',(4.599967557787,544.26849574745));
#10282 = CARTESIAN_POINT('',(4.652928693058,544.60473802182));
#10283 = CARTESIAN_POINT('',(4.67570932758,544.77592201372));
#10284 = CARTESIAN_POINT('',(4.697129071235,544.96212250766));
#10285 = CARTESIAN_POINT('',(4.717204207594,545.16103535643));
#10286 = CARTESIAN_POINT('',(4.735955392842,545.37080180136));
#10287 = CARTESIAN_POINT('',(4.779005087165,545.9115051031));
#10288 = CARTESIAN_POINT('',(4.801846827262,546.25383742105));
#10289 = CARTESIAN_POINT('',(4.821973664285,546.61241725923));
#10290 = CARTESIAN_POINT('',(4.839410857478,546.98410783438));
#10291 = CARTESIAN_POINT('',(4.854162787341,547.36671839628));
#10292 = CARTESIAN_POINT('',(4.876566701833,548.09612103291));
#10293 = CARTESIAN_POINT('',(4.884914148056,548.44034981783));
#10294 = CARTESIAN_POINT('',(4.891203557126,548.78945293654));
#10295 = CARTESIAN_POINT('',(4.895407627087,549.14178867802));
#10296 = CARTESIAN_POINT('',(4.897511452932,549.49581300747));
#10297 = CARTESIAN_POINT('',(4.897511452932,550.20535066963));
#10298 = CARTESIAN_POINT('',(4.89539378029,550.56053601684));
#10299 = CARTESIAN_POINT('',(4.891162087112,550.91401605567));
#10300 = CARTESIAN_POINT('',(4.884831459192,551.26423240029));
#10301 = CARTESIAN_POINT('',(4.876429510649,551.60952735038));
#10302 = CARTESIAN_POINT('',(4.856549433774,552.25448765439));
#10303 = CARTESIAN_POINT('',(4.845439237805,552.55535880231));
#10304 = CARTESIAN_POINT('',(4.832677801123,552.8497957715));
#10305 = CARTESIAN_POINT('',(4.818269630402,553.13672864782));
#10306 = CARTESIAN_POINT('',(4.802210946149,553.41478907148));
#10307 = CARTESIAN_POINT('',(4.772362191279,553.865228067));
#10308 = CARTESIAN_POINT('',(4.759451615935,554.04332227096));
#10309 = CARTESIAN_POINT('',(4.745749206372,554.21598604006));
#10310 = CARTESIAN_POINT('',(4.731242771384,554.3825928171));
#10311 = CARTESIAN_POINT('',(4.71591900388,554.54235890301));
#10312 = CARTESIAN_POINT('',(4.679430512886,554.88559417811));
#10313 = CARTESIAN_POINT('',(4.65773039929,555.06496971876));
#10314 = CARTESIAN_POINT('',(4.634688019038,555.22981599143));
#10315 = CARTESIAN_POINT('',(4.610339115375,555.37737276913));
#10316 = CARTESIAN_POINT('',(4.584730004164,555.50469571434));
#10317 = CARTESIAN_POINT('',(4.537972622868,555.68586858809));
#10318 = CARTESIAN_POINT('',(4.517362290624,555.75017790467));
#10319 = CARTESIAN_POINT('',(4.496240635451,555.79969534275));
#10320 = CARTESIAN_POINT('',(4.474763742547,555.83319385816));
#10321 = CARTESIAN_POINT('',(4.453088978386,555.85));
#10322 = CARTESIAN_POINT('',(4.395988581214,555.85));
#10323 = CARTESIAN_POINT('',(4.360934396912,555.80536529338));
#10324 = CARTESIAN_POINT('',(4.326722061143,555.71767099177));
#10325 = CARTESIAN_POINT('',(4.293843917115,555.59091732468));
#10326 = CARTESIAN_POINT('',(4.262782656123,555.43150425254));
#10327 = CARTESIAN_POINT('',(4.209821520841,555.0952619781));
#10328 = CARTESIAN_POINT('',(4.187040886333,554.92407798627));
#10329 = CARTESIAN_POINT('',(4.165621142684,554.73787749242));
#10330 = CARTESIAN_POINT('',(4.145546006317,554.53896464361));
#10331 = CARTESIAN_POINT('',(4.126794821058,554.32919819851));
#10332 = CARTESIAN_POINT('',(4.083745126744,553.78849489689));
#10333 = CARTESIAN_POINT('',(4.060903386647,553.44616257894));
#10334 = CARTESIAN_POINT('',(4.040776549624,553.08758274076));
#10335 = CARTESIAN_POINT('',(4.023339356431,552.71589216561));
#10336 = CARTESIAN_POINT('',(4.008587426568,552.33328160371));
#10337 = CARTESIAN_POINT('',(3.986183512077,551.60387896708));
#10338 = CARTESIAN_POINT('',(3.977836065854,551.25965018216));
#10339 = CARTESIAN_POINT('',(3.971546656783,550.91054706345));
#10340 = CARTESIAN_POINT('',(3.967342586822,550.55821132197));
#10341 = CARTESIAN_POINT('',(3.965238760978,550.20418699252));
#10342 = CARTESIAN_POINT('',(3.965238760978,549.85));
#10343 = ( GEOMETRIC_REPRESENTATION_CONTEXT(2) 
PARAMETRIC_REPRESENTATION_CONTEXT() REPRESENTATION_CONTEXT('2D SPACE',''
  ) );
#10344 = PCURVE('',#10345,#10350);
#10345 = CYLINDRICAL_SURFACE('',#10346,6.);
#10346 = AXIS2_PLACEMENT_3D('',#10347,#10348,#10349);
#10347 = CARTESIAN_POINT('',(810.,60.,2.2E+03));
#10348 = DIRECTION('',(-0.277329894932,-0.960774754756,0.));
#10349 = DIRECTION('',(-0.960774754756,0.277329894932,0.));
#10350 = DEFINITIONAL_REPRESENTATION('',(#10351),#10444);
#10351 = B_SPLINE_CURVE_WITH_KNOTS('',6,(#10352,#10353,#10354,#10355,
    #10356,#10357,#10358,#10359,#10360,#10361,#10362,#10363,#10364,
    #10365,#10366,#10367,#10368,#10369,#10370,#10371,#10372,#10373,
    #10374,#10375,#10376,#10377,#10378,#10379,#10380,#10381,#10382,
    #10383,#10384,#10385,#10386,#10387,#10388,#10389,#10390,#10391,
    #10392,#10393,#10394,#10395,#10396,#10397,#10398,#10399,#10400,
    #10401,#10402,#10403,#10404,#10405,#10406,#10407,#10408,#10409,
    #10410,#10411,#10412,#10413,#10414,#10415,#10416,#10417,#10418,
    #10419,#10420,#10421,#10422,#10423,#10424,#10425,#10426,#10427,
    #10428,#10429,#10430,#10431,#10432,#10433,#10434,#10435,#10436,
    #10437,#10438,#10439,#10440,#10441,#10442,#10443),.UNSPECIFIED.,.F.,
  .F.,(7,5,5,5,5,5,5,5,5,5,5,5,5,5,5,5,5,5,7),(0.,6.404469111958E-02,
    0.122014059974,0.161691049063,0.211634616992,0.248791701137,
    0.309345624932,0.360104194996,0.434587166879,0.498743716618,
    0.56311105193,0.621372458725,0.661249331341,0.711444504624,
    0.748788778421,0.80964776021,0.860662041348,0.935520242928,1.),
  .UNSPECIFIED.);
#10352 = CARTESIAN_POINT('',(0.,11.925707526181));
#10353 = CARTESIAN_POINT('',(5.922511160587E-02,11.925707526181));
#10354 = CARTESIAN_POINT('',(0.118422669045,11.938413571119));
#10355 = CARTESIAN_POINT('',(0.177709939287,11.963803683653));
#10356 = CARTESIAN_POINT('',(0.23719938713,12.001386479815));
#10357 = CARTESIAN_POINT('',(0.297001918871,12.050197916229));
#10358 = CARTESIAN_POINT('',(0.411738610923,12.161948222059));
#10359 = CARTESIAN_POINT('',(0.466593522888,12.223105346101));
#10360 = CARTESIAN_POINT('',(0.521958319638,12.291380616599));
#10361 = CARTESIAN_POINT('',(0.577998261676,12.365634777912));
#10362 = CARTESIAN_POINT('',(0.63488549099,12.444492979862));
#10363 = CARTESIAN_POINT('',(0.732452051957,12.582296786078));
#10364 = CARTESIAN_POINT('',(0.772593318996,12.639690233597));
#10365 = CARTESIAN_POINT('',(0.813309759301,12.697979058071));
#10366 = CARTESIAN_POINT('',(0.854679809493,12.756591407757));
#10367 = CARTESIAN_POINT('',(0.896784228527,12.81487071241));
#10368 = CARTESIAN_POINT('',(0.99373949489,12.944045103567));
#10369 = CARTESIAN_POINT('',(1.049202397883,13.014479764489));
#10370 = CARTESIAN_POINT('',(1.1061149301,13.081616860933));
#10371 = CARTESIAN_POINT('',(1.164523890922,13.14350950046));
#10372 = CARTESIAN_POINT('',(1.224500672919,13.198080623308));
#10373 = CARTESIAN_POINT('',(1.332030617519,13.276860252354));
#10374 = CARTESIAN_POINT('',(1.378829954817,13.30526286351));
#10375 = CARTESIAN_POINT('',(1.426308484511,13.327391117964));
#10376 = CARTESIAN_POINT('',(1.474256625882,13.342446690773));
#10377 = CARTESIAN_POINT('',(1.522482962913,13.35));
#10378 = CARTESIAN_POINT('',(1.649531346568,13.35));
#10379 = CARTESIAN_POINT('',(1.727526721099,13.32993963048));
#10380 = CARTESIAN_POINT('',(1.80435125209,13.290525724458));
#10381 = CARTESIAN_POINT('',(1.87953955391,13.234452480156));
#10382 = CARTESIAN_POINT('',(1.952500739542,13.166165800935));
#10383 = CARTESIAN_POINT('',(2.080923195967,13.027500235172));
#10384 = CARTESIAN_POINT('',(2.137819086132,12.958692752764));
#10385 = CARTESIAN_POINT('',(2.193230737632,12.886301646829));
#10386 = CARTESIAN_POINT('',(2.247313226104,12.812070113654));
#10387 = CARTESIAN_POINT('',(2.300215062268,12.737469484417));
#10388 = CARTESIAN_POINT('',(2.428187615667,12.555578045657));
#10389 = CARTESIAN_POINT('',(2.502202211692,12.44910722567));
#10390 = CARTESIAN_POINT('',(2.574568527291,12.348301958028));
#10391 = CARTESIAN_POINT('',(2.645664821575,12.256249235053));
#10392 = CARTESIAN_POINT('',(2.715867257153,12.175393650038));
#10393 = CARTESIAN_POINT('',(2.845568857756,12.049400800103));
#10394 = CARTESIAN_POINT('',(2.905171577168,12.000895572655));
#10395 = CARTESIAN_POINT('',(2.964464540997,11.963554864382));
#10396 = CARTESIAN_POINT('',(3.023557433736,11.938330490141));
#10397 = CARTESIAN_POINT('',(3.082561488169,11.925707526181));
#10398 = CARTESIAN_POINT('',(3.200817765196,11.925707526181));
#10399 = CARTESIAN_POINT('',(3.260015322635,11.938413571119));
#10400 = CARTESIAN_POINT('',(3.319302592877,11.963803683653));
#10401 = CARTESIAN_POINT('',(3.37879204072,12.001386479815));
#10402 = CARTESIAN_POINT('',(3.43859457246,12.050197916229));
#10403 = CARTESIAN_POINT('',(3.553331264505,12.161948222051));
#10404 = CARTESIAN_POINT('',(3.608186176479,12.223105346102));
#10405 = CARTESIAN_POINT('',(3.663550973236,12.291380616609));
#10406 = CARTESIAN_POINT('',(3.719590915268,12.365634777917));
#10407 = CARTESIAN_POINT('',(3.776478144571,12.444492979849));
#10408 = CARTESIAN_POINT('',(3.874044704451,12.582296784531));
#10409 = CARTESIAN_POINT('',(3.914185974377,12.639690236077));
#10410 = CARTESIAN_POINT('',(3.954902412917,12.697979058147));
#10411 = CARTESIAN_POINT('',(3.996272461287,12.756591405292));
#10412 = CARTESIAN_POINT('',(4.038376883116,12.81487071374));
#10413 = CARTESIAN_POINT('',(4.13533214848,12.944045103567));
#10414 = CARTESIAN_POINT('',(4.190795051473,13.014479764489));
#10415 = CARTESIAN_POINT('',(4.24770758369,13.081616860933));
#10416 = CARTESIAN_POINT('',(4.306116544511,13.14350950046));
#10417 = CARTESIAN_POINT('',(4.366093326509,13.198080623308));
#10418 = CARTESIAN_POINT('',(4.473623271056,13.276860252315));
#10419 = CARTESIAN_POINT('',(4.520422608423,13.305262863535));
#10420 = CARTESIAN_POINT('',(4.567901138152,13.327391117984));
#10421 = CARTESIAN_POINT('',(4.615849279486,13.342446690757));
#10422 = CARTESIAN_POINT('',(4.66407561645,13.35));
#10423 = CARTESIAN_POINT('',(4.791124000158,13.35));
#10424 = CARTESIAN_POINT('',(4.869119374689,13.32993963048));
#10425 = CARTESIAN_POINT('',(4.94594390568,13.290525724458));
#10426 = CARTESIAN_POINT('',(5.0211322075,13.234452480156));
#10427 = CARTESIAN_POINT('',(5.094093393132,13.166165800936));
#10428 = CARTESIAN_POINT('',(5.222515849584,13.027500235144));
#10429 = CARTESIAN_POINT('',(5.279411739716,12.958692752764));
#10430 = CARTESIAN_POINT('',(5.334823391198,12.886301646865));
#10431 = CARTESIAN_POINT('',(5.388905879685,12.812070113667));
#10432 = CARTESIAN_POINT('',(5.441807715887,12.737469484375));
#10433 = CARTESIAN_POINT('',(5.569780269256,12.555578045658));
#10434 = CARTESIAN_POINT('',(5.643794865282,12.44910722567));
#10435 = CARTESIAN_POINT('',(5.716161180881,12.348301958028));
#10436 = CARTESIAN_POINT('',(5.787257475165,12.256249235053));
#10437 = CARTESIAN_POINT('',(5.857459910742,12.175393650038));
#10438 = CARTESIAN_POINT('',(5.987161511346,12.049400800103));
#10439 = CARTESIAN_POINT('',(6.046764230758,12.000895572655));
#10440 = CARTESIAN_POINT('',(6.106057194587,11.963554864382));
#10441 = CARTESIAN_POINT('',(6.165150087325,11.938330490141));
#10442 = CARTESIAN_POINT('',(6.224154141759,11.925707526181));
#10443 = CARTESIAN_POINT('',(6.28318530718,11.925707526181));
#10444 = ( GEOMETRIC_REPRESENTATION_CONTEXT(2) 
PARAMETRIC_REPRESENTATION_CONTEXT() REPRESENTATION_CONTEXT('2D SPACE',''
  ) );
#10445 = ADVANCED_FACE('',(#10446),#9974,.T.);
#10446 = FACE_BOUND('',#10447,.T.);
#10447 = EDGE_LOOP('',(#10448,#10449,#10450,#10451));
#10448 = ORIENTED_EDGE('',*,*,#10126,.F.);
#10449 = ORIENTED_EDGE('',*,*,#9985,.T.);
#10450 = ORIENTED_EDGE('',*,*,#9957,.T.);
#10451 = ORIENTED_EDGE('',*,*,#10102,.F.);
#10452 = ADVANCED_FACE('',(#10453),#10067,.T.);
#10453 = FACE_BOUND('',#10454,.T.);
#10454 = EDGE_LOOP('',(#10455));
#10455 = ORIENTED_EDGE('',*,*,#10050,.T.);
#10456 = ADVANCED_FACE('',(#10457),#10345,.T.);
#10457 = FACE_BOUND('',#10458,.T.);
#10458 = EDGE_LOOP('',(#10459,#10482,#10509,#10510));
#10459 = ORIENTED_EDGE('',*,*,#10460,.T.);
#10460 = EDGE_CURVE('',#10152,#10461,#10463,.T.);
#10461 = VERTEX_POINT('',#10462);
#10462 = CARTESIAN_POINT('',(730.08701225453,-195.213673305,2.2E+03));
#10463 = SEAM_CURVE('',#10464,(#10468,#10475),.PCURVE_S1.);
#10464 = LINE('',#10465,#10466);
#10465 = CARTESIAN_POINT('',(804.23535147146,61.663979369594,2.2E+03));
#10466 = VECTOR('',#10467,1.);
#10467 = DIRECTION('',(-0.277329894932,-0.960774754756,0.));
#10468 = PCURVE('',#10345,#10469);
#10469 = DEFINITIONAL_REPRESENTATION('',(#10470),#10474);
#10470 = LINE('',#10471,#10472);
#10471 = CARTESIAN_POINT('',(6.28318530718,-0.));
#10472 = VECTOR('',#10473,1.);
#10473 = DIRECTION('',(0.,1.));
#10474 = ( GEOMETRIC_REPRESENTATION_CONTEXT(2) 
PARAMETRIC_REPRESENTATION_CONTEXT() REPRESENTATION_CONTEXT('2D SPACE',''
  ) );
#10475 = PCURVE('',#10345,#10476);
#10476 = DEFINITIONAL_REPRESENTATION('',(#10477),#10481);
#10477 = LINE('',#10478,#10479);
#10478 = CARTESIAN_POINT('',(0.,-0.));
#10479 = VECTOR('',#10480,1.);
#10480 = DIRECTION('',(0.,1.));
#10481 = ( GEOMETRIC_REPRESENTATION_CONTEXT(2) 
PARAMETRIC_REPRESENTATION_CONTEXT() REPRESENTATION_CONTEXT('2D SPACE',''
  ) );
#10482 = ORIENTED_EDGE('',*,*,#10483,.F.);
#10483 = EDGE_CURVE('',#10461,#10461,#10484,.T.);
#10484 = SURFACE_CURVE('',#10485,(#10490,#10497),.PCURVE_S1.);
#10485 = CIRCLE('',#10486,6.);
#10486 = AXIS2_PLACEMENT_3D('',#10487,#10488,#10489);
#10487 = CARTESIAN_POINT('',(735.85166078307,-196.8776526746,2.2E+03));
#10488 = DIRECTION('',(-0.277329894932,-0.960774754756,-0.));
#10489 = DIRECTION('',(-0.960774754756,0.277329894932,0.));
#10490 = PCURVE('',#10345,#10491);
#10491 = DEFINITIONAL_REPRESENTATION('',(#10492),#10496);
#10492 = LINE('',#10493,#10494);
#10493 = CARTESIAN_POINT('',(0.,267.36511487526));
#10494 = VECTOR('',#10495,1.);
#10495 = DIRECTION('',(1.,0.));
#10496 = ( GEOMETRIC_REPRESENTATION_CONTEXT(2) 
PARAMETRIC_REPRESENTATION_CONTEXT() REPRESENTATION_CONTEXT('2D SPACE',''
  ) );
#10497 = PCURVE('',#10498,#10503);
#10498 = PLANE('',#10499);
#10499 = AXIS2_PLACEMENT_3D('',#10500,#10501,#10502);
#10500 = CARTESIAN_POINT('',(735.85166078307,-196.8776526746,2.2E+03));
#10501 = DIRECTION('',(-0.277329894932,-0.960774754756,0.));
#10502 = DIRECTION('',(-0.960774754756,0.277329894932,0.));
#10503 = DEFINITIONAL_REPRESENTATION('',(#10504),#10508);
#10504 = CIRCLE('',#10505,6.);
#10505 = AXIS2_PLACEMENT_2D('',#10506,#10507);
#10506 = CARTESIAN_POINT('',(0.,0.));
#10507 = DIRECTION('',(1.,0.));
#10508 = ( GEOMETRIC_REPRESENTATION_CONTEXT(2) 
PARAMETRIC_REPRESENTATION_CONTEXT() REPRESENTATION_CONTEXT('2D SPACE',''
  ) );
#10509 = ORIENTED_EDGE('',*,*,#10460,.F.);
#10510 = ORIENTED_EDGE('',*,*,#10151,.T.);
#10511 = ADVANCED_FACE('',(#10512),#10498,.T.);
#10512 = FACE_BOUND('',#10513,.T.);
#10513 = EDGE_LOOP('',(#10514));
#10514 = ORIENTED_EDGE('',*,*,#10483,.T.);
#10515 = ( GEOMETRIC_REPRESENTATION_CONTEXT(3) 
GLOBAL_UNCERTAINTY_ASSIGNED_CONTEXT((#10519)) 
GLOBAL_UNIT_ASSIGNED_CONTEXT((#10516,#10517,#10518)) 
REPRESENTATION_CONTEXT('Context #1',
  '3D Context with UNIT and UNCERTAINTY') );
#10516 = ( LENGTH_UNIT() NAMED_UNIT(*) SI_UNIT(.MILLI.,.METRE.) );
#10517 = ( NAMED_UNIT(*) PLANE_ANGLE_UNIT() SI_UNIT($,.RADIAN.) );
#10518 = ( NAMED_UNIT(*) SI_UNIT($,.STERADIAN.) SOLID_ANGLE_UNIT() );
#10519 = UNCERTAINTY_MEASURE_WITH_UNIT(LENGTH_MEASURE(1.E-07),#10516,
  'distance_accuracy_value','confusion accuracy');
#10520 = CONTEXT_DEPENDENT_SHAPE_REPRESENTATION(#10521,#10523);
#10521 = ( REPRESENTATION_RELATIONSHIP('','',#9852,#10) 
REPRESENTATION_RELATIONSHIP_WITH_TRANSFORMATION(#10522) 
SHAPE_REPRESENTATION_RELATIONSHIP() );
#10522 = ITEM_DEFINED_TRANSFORMATION('','',#11,#43);
#10523 = PRODUCT_DEFINITION_SHAPE('Placement','Placement of an item',
  #10524);
#10524 = NEXT_ASSEMBLY_USAGE_OCCURRENCE('24','=>[0:1:1:9]','',#5,#9847,$
  );
#10525 = PRODUCT_RELATED_PRODUCT_CATEGORY('part',$,(#9849));
ENDSEC;
END-ISO-10303-21;
